<?xml version="1.0"?>
<gpx version="1.1" creator="OpenCPN" xmlns:xsi="http://www.w3.org/2001/XMLSchema-instance" xmlns="http://www.topografix.com/GPX/1/1" xmlns:gpxx="http://www.garmin.com/xmlschemas/GpxExtensions/v3" xsi:schemaLocation="http://www.topografix.com/GPX/1/1 http://www.topografix.com/GPX/1/1/gpx.xsd" xmlns:opencpn="http://www.opencpn.org">
  <wpt lat="68.469520000" lon="-25.845000000">
    <time>2025-06-25T11:56:39Z</time>
    <name>B02 </name>
    <desc>CTD+WP2+Bongo</desc>
    <sym>Symbol-Circle-Blue</sym>
    <type>WPT</type>
    <extensions>
      <opencpn:guid>64f62fa3-bd63-45db-ae40-4a8128da22a7</opencpn:guid>
      <opencpn:viz_name>1</opencpn:viz_name>
      <opencpn:arrival_radius>0.050</opencpn:arrival_radius>
      <opencpn:waypoint_range_rings visible="false" number="0" step="1" units="0" colour="#FFFFFF" />
      <opencpn:scale_min_max UseScale="true" ScaleMin="2147483646" ScaleMax="0" />
    </extensions>
  </wpt>
  <wpt lat="68.277400000" lon="-25.448100000">
    <time>2025-06-25T11:56:39Z</time>
    <name>B03 </name>
    <desc>CTD+WP2</desc>
    <sym>Symbol-Circle-Green</sym>
    <type>WPT</type>
    <extensions>
      <opencpn:guid>091916e5-9c5c-48dd-ac82-91921074dea4</opencpn:guid>
      <opencpn:viz_name>1</opencpn:viz_name>
      <opencpn:arrival_radius>0.050</opencpn:arrival_radius>
      <opencpn:waypoint_range_rings visible="false" number="0" step="1" units="0" colour="#FFFFFF" />
      <opencpn:scale_min_max UseScale="true" ScaleMin="2147483646" ScaleMax="0" />
    </extensions>
  </wpt>
  <wpt lat="68.144810000" lon="-25.183500000">
    <time>2025-06-25T11:56:39Z</time>
    <name>B04 </name>
    <desc>CTD+WP2+Bongo</desc>
    <sym>Symbol-Circle-Blue</sym>
    <type>WPT</type>
    <extensions>
      <opencpn:guid>68c4e96b-af71-48a4-8e39-18b0681503bc</opencpn:guid>
      <opencpn:viz_name>1</opencpn:viz_name>
      <opencpn:arrival_radius>0.050</opencpn:arrival_radius>
      <opencpn:waypoint_range_rings visible="false" number="0" step="1" units="0" colour="#FFFFFF" />
      <opencpn:scale_min_max UseScale="true" ScaleMin="2147483646" ScaleMax="0" />
    </extensions>
  </wpt>
  <wpt lat="67.997170000" lon="-24.896900000">
    <time>2025-06-25T11:56:39Z</time>
    <name>B05 </name>
    <desc>CTD+WP2+phyto</desc>
    <sym>Symbol-Circle-Green</sym>
    <type>WPT</type>
    <extensions>
      <opencpn:guid>3ba8a2ad-78a0-4626-ac06-1da47f647e9c</opencpn:guid>
      <opencpn:viz_name>1</opencpn:viz_name>
      <opencpn:arrival_radius>0.050</opencpn:arrival_radius>
      <opencpn:waypoint_range_rings visible="false" number="0" step="1" units="0" colour="#FFFFFF" />
      <opencpn:scale_min_max UseScale="true" ScaleMin="2147483646" ScaleMax="0" />
    </extensions>
  </wpt>
  <wpt lat="67.729860000" lon="-24.363900000">
    <time>2025-06-25T11:56:39Z</time>
    <name>B06 </name>
    <desc>CTD+WP2+Bongo</desc>
    <sym>Symbol-Circle-Blue</sym>
    <type>WPT</type>
    <extensions>
      <opencpn:guid>1eb4b6c2-d494-477b-9b76-b3ce6815287d</opencpn:guid>
      <opencpn:viz_name>1</opencpn:viz_name>
      <opencpn:arrival_radius>0.050</opencpn:arrival_radius>
      <opencpn:waypoint_range_rings visible="false" number="0" step="1" units="0" colour="#FFFFFF" />
      <opencpn:scale_min_max UseScale="true" ScaleMin="2147483646" ScaleMax="0" />
    </extensions>
  </wpt>
  <wpt lat="67.554730000" lon="-24.017900000">
    <time>2025-06-25T11:56:39Z</time>
    <name>B07 </name>
    <desc>CTD+WP2</desc>
    <sym>Symbol-Circle-Green</sym>
    <type>WPT</type>
    <extensions>
      <opencpn:guid>45159d93-1c39-43b6-9cd4-4d8251ab912f</opencpn:guid>
      <opencpn:viz_name>1</opencpn:viz_name>
      <opencpn:arrival_radius>0.050</opencpn:arrival_radius>
      <opencpn:waypoint_range_rings visible="false" number="0" step="1" units="0" colour="#FFFFFF" />
      <opencpn:scale_min_max UseScale="true" ScaleMin="2147483646" ScaleMax="0" />
    </extensions>
  </wpt>
  <wpt lat="67.451460000" lon="-23.808200000">
    <time>2025-06-25T11:56:39Z</time>
    <name>B08 </name>
    <desc>CTD+WP2+Bongo</desc>
    <sym>Symbol-Circle-Blue</sym>
    <type>WPT</type>
    <extensions>
      <opencpn:guid>56c91032-548d-4e00-baa7-415c0d12b726</opencpn:guid>
      <opencpn:viz_name>1</opencpn:viz_name>
      <opencpn:arrival_radius>0.050</opencpn:arrival_radius>
      <opencpn:waypoint_range_rings visible="false" number="0" step="1" units="0" colour="#FFFFFF" />
      <opencpn:scale_min_max UseScale="true" ScaleMin="2147483646" ScaleMax="0" />
    </extensions>
  </wpt>
  <wpt lat="67.325300000" lon="-23.564800000">
    <time>2025-06-25T11:56:39Z</time>
    <name>B09 </name>
    <desc>CTD+WP2</desc>
    <sym>Symbol-Circle-Green</sym>
    <type>WPT</type>
    <extensions>
      <opencpn:guid>47b6267d-0f32-4bea-8b63-38ac61bd0df6</opencpn:guid>
      <opencpn:viz_name>1</opencpn:viz_name>
      <opencpn:arrival_radius>0.050</opencpn:arrival_radius>
      <opencpn:waypoint_range_rings visible="false" number="0" step="1" units="0" colour="#FFFFFF" />
      <opencpn:scale_min_max UseScale="true" ScaleMin="2147483646" ScaleMax="0" />
    </extensions>
  </wpt>
  <wpt lat="67.278340000" lon="-23.480100000">
    <time>2025-06-25T11:56:39Z</time>
    <name>B10 </name>
    <desc>CTD+WP2+Bongo</desc>
    <sym>Symbol-Circle-Blue</sym>
    <type>WPT</type>
    <extensions>
      <opencpn:guid>42e00541-02f3-481b-8f86-8d8f69aee583</opencpn:guid>
      <opencpn:viz_name>1</opencpn:viz_name>
      <opencpn:arrival_radius>0.050</opencpn:arrival_radius>
      <opencpn:waypoint_range_rings visible="false" number="0" step="1" units="0" colour="#FFFFFF" />
      <opencpn:scale_min_max UseScale="true" ScaleMin="2147483646" ScaleMax="0" />
    </extensions>
  </wpt>
  <wpt lat="67.015260000" lon="-22.977300000">
    <time>2025-06-25T11:56:39Z</time>
    <name>B11 </name>
    <desc>CTD+WP2+Phyto</desc>
    <sym>Symbol-Circle-Green</sym>
    <type>WPT</type>
    <extensions>
      <opencpn:guid>595e734f-8fc9-4157-90ce-d0a2476da8e6</opencpn:guid>
      <opencpn:viz_name>1</opencpn:viz_name>
      <opencpn:arrival_radius>0.050</opencpn:arrival_radius>
      <opencpn:waypoint_range_rings visible="false" number="0" step="1" units="0" colour="#FFFFFF" />
      <opencpn:scale_min_max UseScale="true" ScaleMin="2147483646" ScaleMax="0" />
    </extensions>
  </wpt>
  <wpt lat="70.000000000" lon="-22.001400000">
    <time>2025-06-25T11:56:39Z</time>
    <name>C02 </name>
    <desc>CTD+WP2+Bongo</desc>
    <sym>Symbol-Circle-Blue</sym>
    <type>WPT</type>
    <extensions>
      <opencpn:guid>1ade3171-e2ff-44be-b7db-063d3e38e56f</opencpn:guid>
      <opencpn:viz_name>1</opencpn:viz_name>
      <opencpn:arrival_radius>0.050</opencpn:arrival_radius>
      <opencpn:waypoint_range_rings visible="false" number="0" step="1" units="0" colour="#FFFFFF" />
      <opencpn:scale_min_max UseScale="true" ScaleMin="2147483646" ScaleMax="0" />
    </extensions>
  </wpt>
  <wpt lat="70.002200000" lon="-21.323000000">
    <time>2025-06-25T11:56:39Z</time>
    <name>C03 </name>
    <desc>CTD+WP2</desc>
    <sym>Symbol-Circle-Green</sym>
    <type>WPT</type>
    <extensions>
      <opencpn:guid>095efa53-7508-437b-b498-441b275d8612</opencpn:guid>
      <opencpn:viz_name>1</opencpn:viz_name>
      <opencpn:arrival_radius>0.050</opencpn:arrival_radius>
      <opencpn:waypoint_range_rings visible="false" number="0" step="1" units="0" colour="#FFFFFF" />
      <opencpn:scale_min_max UseScale="true" ScaleMin="2147483646" ScaleMax="0" />
    </extensions>
  </wpt>
  <wpt lat="70.003800000" lon="-20.078800000">
    <time>2025-06-25T11:56:39Z</time>
    <name>C04 </name>
    <desc>CTD+WP2+Bongo</desc>
    <sym>Symbol-Circle-Blue</sym>
    <type>WPT</type>
    <extensions>
      <opencpn:guid>6d0d1bed-ef49-41ee-90bd-148d237b330e</opencpn:guid>
      <opencpn:viz_name>1</opencpn:viz_name>
      <opencpn:arrival_radius>0.050</opencpn:arrival_radius>
      <opencpn:waypoint_range_rings visible="false" number="0" step="1" units="0" colour="#FFFFFF" />
      <opencpn:scale_min_max UseScale="true" ScaleMin="2147483646" ScaleMax="0" />
    </extensions>
  </wpt>
  <wpt lat="70.000000000" lon="-19.093400000">
    <time>2025-06-25T11:56:39Z</time>
    <name>C05 </name>
    <desc>CTD+WP2+Phyto</desc>
    <sym>Symbol-Circle-Green</sym>
    <type>WPT</type>
    <extensions>
      <opencpn:guid>6d54ee53-c5d5-471a-9b4d-c7a51b36289d</opencpn:guid>
      <opencpn:viz_name>1</opencpn:viz_name>
      <opencpn:arrival_radius>0.050</opencpn:arrival_radius>
      <opencpn:waypoint_range_rings visible="false" number="0" step="1" units="0" colour="#FFFFFF" />
      <opencpn:scale_min_max UseScale="true" ScaleMin="2147483646" ScaleMax="0" />
    </extensions>
  </wpt>
  <wpt lat="70.004700000" lon="-18.928000000">
    <time>2025-06-25T11:56:39Z</time>
    <name>C06 </name>
    <desc>CTD+WP2+Bongo</desc>
    <sym>Symbol-Circle-Blue</sym>
    <type>WPT</type>
    <extensions>
      <opencpn:guid>00a46960-5404-41f8-ac22-0d117a9212d9</opencpn:guid>
      <opencpn:viz_name>1</opencpn:viz_name>
      <opencpn:arrival_radius>0.050</opencpn:arrival_radius>
      <opencpn:waypoint_range_rings visible="false" number="0" step="1" units="0" colour="#FFFFFF" />
      <opencpn:scale_min_max UseScale="true" ScaleMin="2147483646" ScaleMax="0" />
    </extensions>
  </wpt>
  <wpt lat="70.000000000" lon="-18.728400000">
    <time>2025-06-25T11:56:39Z</time>
    <name>C07 </name>
    <desc>CTD+WP2</desc>
    <sym>Symbol-Circle-Green</sym>
    <type>WPT</type>
    <extensions>
      <opencpn:guid>0c13e514-dc48-41e0-8adc-143e71baff4e</opencpn:guid>
      <opencpn:viz_name>1</opencpn:viz_name>
      <opencpn:arrival_radius>0.050</opencpn:arrival_radius>
      <opencpn:waypoint_range_rings visible="false" number="0" step="1" units="0" colour="#FFFFFF" />
      <opencpn:scale_min_max UseScale="true" ScaleMin="2147483646" ScaleMax="0" />
    </extensions>
  </wpt>
  <wpt lat="70.004700000" lon="-18.521500000">
    <time>2025-06-25T11:56:39Z</time>
    <name>C08 </name>
    <desc>CTD+WP2+Bongo</desc>
    <sym>Symbol-Circle-Blue</sym>
    <type>WPT</type>
    <extensions>
      <opencpn:guid>2bcfd5de-b3c3-44e8-9308-a0830b49f0d9</opencpn:guid>
      <opencpn:viz_name>1</opencpn:viz_name>
      <opencpn:arrival_radius>0.050</opencpn:arrival_radius>
      <opencpn:waypoint_range_rings visible="false" number="0" step="1" units="0" colour="#FFFFFF" />
      <opencpn:scale_min_max UseScale="true" ScaleMin="2147483646" ScaleMax="0" />
    </extensions>
  </wpt>
  <wpt lat="70.007300000" lon="-17.980500000">
    <time>2025-06-25T11:56:39Z</time>
    <name>C09 </name>
    <desc>CTD+WP2+Phyto</desc>
    <sym>Symbol-Circle-Green</sym>
    <type>WPT</type>
    <extensions>
      <opencpn:guid>23633c59-901e-464b-93b4-58d754c089dd</opencpn:guid>
      <opencpn:viz_name>1</opencpn:viz_name>
      <opencpn:arrival_radius>0.050</opencpn:arrival_radius>
      <opencpn:waypoint_range_rings visible="false" number="0" step="1" units="0" colour="#FFFFFF" />
      <opencpn:scale_min_max UseScale="false" ScaleMin="2147483646" ScaleMax="0" />
    </extensions>
  </wpt>
  <wpt lat="72.000200000" lon="-22.816700000">
    <time>2025-06-25T11:56:39Z</time>
    <name>D01 </name>
    <desc>CTD+WP2+Phyto</desc>
    <sym>Symbol-Circle-Green</sym>
    <type>WPT</type>
    <extensions>
      <opencpn:guid>2c9b794a-2670-4324-b56a-832a38402be0</opencpn:guid>
      <opencpn:viz_name>1</opencpn:viz_name>
      <opencpn:arrival_radius>0.050</opencpn:arrival_radius>
      <opencpn:waypoint_range_rings visible="false" number="0" step="1" units="0" colour="#FFFFFF" />
      <opencpn:scale_min_max UseScale="false" ScaleMin="2147483646" ScaleMax="0" />
    </extensions>
  </wpt>
  <wpt lat="72.002200000" lon="-21.596200000">
    <time>2025-06-25T11:56:39Z</time>
    <name>D02 </name>
    <desc>CTD+WP2</desc>
    <sym>Symbol-Circle-Green</sym>
    <type>WPT</type>
    <extensions>
      <opencpn:guid>7d009bf8-6600-4700-b7e7-56202c80b856</opencpn:guid>
      <opencpn:viz_name>1</opencpn:viz_name>
      <opencpn:arrival_radius>0.050</opencpn:arrival_radius>
      <opencpn:waypoint_range_rings visible="false" number="0" step="1" units="0" colour="#FFFFFF" />
      <opencpn:scale_min_max UseScale="false" ScaleMin="2147483646" ScaleMax="0" />
    </extensions>
  </wpt>
  <wpt lat="71.999800000" lon="-20.251200000">
    <time>2025-06-25T11:56:39Z</time>
    <name>D03 </name>
    <desc>CTD+WP2+Bongo</desc>
    <sym>Symbol-Circle-Blue</sym>
    <type>WPT</type>
    <extensions>
      <opencpn:guid>36c62ced-195f-4820-b5aa-4a9712a133e5</opencpn:guid>
      <opencpn:viz_name>1</opencpn:viz_name>
      <opencpn:arrival_radius>0.050</opencpn:arrival_radius>
      <opencpn:waypoint_range_rings visible="false" number="0" step="1" units="0" colour="#FFFFFF" />
      <opencpn:scale_min_max UseScale="false" ScaleMin="2147483646" ScaleMax="0" />
    </extensions>
  </wpt>
  <wpt lat="72.003000000" lon="-18.667700000">
    <time>2025-06-25T11:56:39Z</time>
    <name>D04 </name>
    <desc>CTD+WP2</desc>
    <sym>Symbol-Circle-Green</sym>
    <type>WPT</type>
    <extensions>
      <opencpn:guid>155608f1-86ca-4093-b0fc-372705262cbd</opencpn:guid>
      <opencpn:viz_name>1</opencpn:viz_name>
      <opencpn:arrival_radius>0.050</opencpn:arrival_radius>
      <opencpn:waypoint_range_rings visible="false" number="0" step="1" units="0" colour="#FFFFFF" />
      <opencpn:scale_min_max UseScale="false" ScaleMin="2147483646" ScaleMax="0" />
    </extensions>
  </wpt>
  <wpt lat="72.000000000" lon="-18.232100000">
    <time>2025-06-25T11:56:39Z</time>
    <name>D05 </name>
    <desc>CTD+WP2+Phyto</desc>
    <sym>Symbol-Circle-Green</sym>
    <type>WPT</type>
    <extensions>
      <opencpn:guid>0d432eef-6b7c-44d3-b15c-82f552f598cc</opencpn:guid>
      <opencpn:viz_name>1</opencpn:viz_name>
      <opencpn:arrival_radius>0.050</opencpn:arrival_radius>
      <opencpn:waypoint_range_rings visible="false" number="0" step="1" units="0" colour="#FFFFFF" />
      <opencpn:scale_min_max UseScale="false" ScaleMin="2147483646" ScaleMax="0" />
    </extensions>
  </wpt>
  <wpt lat="72.001700000" lon="-18.098200000">
    <time>2025-06-25T11:56:39Z</time>
    <name>D06 </name>
    <desc>CTD+WP2+Bongo</desc>
    <sym>Symbol-Circle-Blue</sym>
    <type>WPT</type>
    <extensions>
      <opencpn:guid>7a02e546-a835-4c25-8021-0dec07e2c04e</opencpn:guid>
      <opencpn:viz_name>1</opencpn:viz_name>
      <opencpn:arrival_radius>0.050</opencpn:arrival_radius>
      <opencpn:waypoint_range_rings visible="false" number="0" step="1" units="0" colour="#FFFFFF" />
      <opencpn:scale_min_max UseScale="false" ScaleMin="2147483646" ScaleMax="0" />
    </extensions>
  </wpt>
  <wpt lat="72.000000000" lon="-17.963500000">
    <time>2025-06-25T11:56:39Z</time>
    <name>D07 </name>
    <desc>CTD+WP2</desc>
    <sym>Symbol-Circle-Green</sym>
    <type>WPT</type>
    <extensions>
      <opencpn:guid>37bf44ed-dc8c-4c41-a647-98ed03e27e7c</opencpn:guid>
      <opencpn:viz_name>1</opencpn:viz_name>
      <opencpn:arrival_radius>0.050</opencpn:arrival_radius>
      <opencpn:waypoint_range_rings visible="false" number="0" step="1" units="0" colour="#FFFFFF" />
      <opencpn:scale_min_max UseScale="false" ScaleMin="2147483646" ScaleMax="0" />
    </extensions>
  </wpt>
  <wpt lat="72.001800000" lon="-17.552200000">
    <time>2025-06-25T11:56:39Z</time>
    <name>D08 </name>
    <desc>CTD+WP2+Bongo</desc>
    <sym>Symbol-Circle-Blue</sym>
    <type>WPT</type>
    <extensions>
      <opencpn:guid>0ade00e2-ea17-4b17-9112-e0d349de49bb</opencpn:guid>
      <opencpn:viz_name>1</opencpn:viz_name>
      <opencpn:arrival_radius>0.050</opencpn:arrival_radius>
      <opencpn:waypoint_range_rings visible="false" number="0" step="1" units="0" colour="#FFFFFF" />
      <opencpn:scale_min_max UseScale="false" ScaleMin="2147483646" ScaleMax="0" />
    </extensions>
  </wpt>
  <wpt lat="72.003700000" lon="-16.199700000">
    <time>2025-06-25T11:56:39Z</time>
    <name>D09 </name>
    <desc>CTD+WP2+Phyto</desc>
    <sym>Symbol-Circle-Green</sym>
    <type>WPT</type>
    <extensions>
      <opencpn:guid>20bafb87-a7ae-4856-8b3c-b6107c9a1f31</opencpn:guid>
      <opencpn:viz_name>1</opencpn:viz_name>
      <opencpn:arrival_radius>0.050</opencpn:arrival_radius>
      <opencpn:waypoint_range_rings visible="false" number="0" step="1" units="0" colour="#FFFFFF" />
      <opencpn:scale_min_max UseScale="false" ScaleMin="2147483646" ScaleMax="0" />
    </extensions>
  </wpt>
  <wpt lat="74.661800000" lon="-17.985000000">
    <time>2025-06-25T11:56:39Z</time>
    <name>E01</name>
    <desc>CTD+WP2+Phyto+Bongo</desc>
    <sym>Symbol-Circle-Blue</sym>
    <type>WPT</type>
    <extensions>
      <opencpn:guid>6a764b85-f8b0-4cfd-8cea-cada6d2eb0b7</opencpn:guid>
      <opencpn:viz_name>1</opencpn:viz_name>
      <opencpn:arrival_radius>0.050</opencpn:arrival_radius>
      <opencpn:waypoint_range_rings visible="false" number="0" step="1" units="0" colour="#FFFFFF" />
      <opencpn:scale_min_max UseScale="false" ScaleMin="2147483646" ScaleMax="0" />
    </extensions>
  </wpt>
  <wpt lat="74.479300000" lon="-16.258000000">
    <time>2025-06-25T11:56:39Z</time>
    <name>E02 </name>
    <desc>CTD+WP2</desc>
    <sym>Symbol-Circle-Green</sym>
    <type>WPT</type>
    <extensions>
      <opencpn:guid>14543808-4a55-42ae-9b7e-d65d4e261932</opencpn:guid>
      <opencpn:viz_name>1</opencpn:viz_name>
      <opencpn:arrival_radius>0.050</opencpn:arrival_radius>
      <opencpn:waypoint_range_rings visible="false" number="0" step="1" units="0" colour="#FFFFFF" />
      <opencpn:scale_min_max UseScale="false" ScaleMin="2147483646" ScaleMax="0" />
    </extensions>
  </wpt>
  <wpt lat="74.355000000" lon="-15.083800000">
    <time>2025-06-25T11:56:39Z</time>
    <name>E03 </name>
    <desc>CTD+WP2+Phyto</desc>
    <sym>Symbol-Circle-Green</sym>
    <type>WPT</type>
    <extensions>
      <opencpn:guid>27408b5a-fcf9-4b76-bce7-770f45cbbae8</opencpn:guid>
      <opencpn:viz_name>1</opencpn:viz_name>
      <opencpn:arrival_radius>0.050</opencpn:arrival_radius>
      <opencpn:waypoint_range_rings visible="false" number="0" step="1" units="0" colour="#FFFFFF" />
      <opencpn:scale_min_max UseScale="false" ScaleMin="2147483646" ScaleMax="0" />
    </extensions>
  </wpt>
  <wpt lat="74.301000000" lon="-14.564500000">
    <time>2025-06-25T11:56:39Z</time>
    <name>E04</name>
    <desc>CTD+WP2+Bongo</desc>
    <sym>Symbol-Circle-Blue</sym>
    <type>WPT</type>
    <extensions>
      <opencpn:guid>425c3aca-6a30-4923-a2c7-e22505688734</opencpn:guid>
      <opencpn:viz_name>1</opencpn:viz_name>
      <opencpn:arrival_radius>0.050</opencpn:arrival_radius>
      <opencpn:waypoint_range_rings visible="false" number="0" step="1" units="0" colour="#FFFFFF" />
      <opencpn:scale_min_max UseScale="false" ScaleMin="2147483646" ScaleMax="0" />
    </extensions>
  </wpt>
  <wpt lat="74.272100000" lon="-14.326200000">
    <time>2025-06-25T11:56:39Z</time>
    <name>E05 </name>
    <desc>CTD+WP2</desc>
    <sym>Symbol-Circle-Green</sym>
    <type>WPT</type>
    <extensions>
      <opencpn:guid>118469b2-186e-4566-9757-326667760e53</opencpn:guid>
      <opencpn:viz_name>1</opencpn:viz_name>
      <opencpn:arrival_radius>0.050</opencpn:arrival_radius>
      <opencpn:waypoint_range_rings visible="false" number="0" step="1" units="0" colour="#FFFFFF" />
      <opencpn:scale_min_max UseScale="false" ScaleMin="2147483646" ScaleMax="0" />
    </extensions>
  </wpt>
  <wpt lat="74.256800000" lon="-14.156300000">
    <time>2025-06-25T11:56:39Z</time>
    <name>E06 </name>
    <desc>CTD+WP2</desc>
    <sym>Symbol-Circle-Green</sym>
    <type>WPT</type>
    <extensions>
      <opencpn:guid>77a6e1db-da6c-41d7-b566-f21b0c10b59e</opencpn:guid>
      <opencpn:viz_name>1</opencpn:viz_name>
      <opencpn:arrival_radius>0.050</opencpn:arrival_radius>
      <opencpn:waypoint_range_rings visible="false" number="0" step="1" units="0" colour="#FFFFFF" />
      <opencpn:scale_min_max UseScale="false" ScaleMin="2147483646" ScaleMax="0" />
    </extensions>
  </wpt>
  <wpt lat="74.201060000" lon="-13.660800000">
    <time>2025-06-25T11:56:39Z</time>
    <name>E07 </name>
    <desc>CTD+WP2+Phyto</desc>
    <sym>Symbol-Circle-Green</sym>
    <type>WPT</type>
    <extensions>
      <opencpn:guid>1d039e42-b115-4280-baa7-681d337e2ff1</opencpn:guid>
      <opencpn:viz_name>1</opencpn:viz_name>
      <opencpn:arrival_radius>0.050</opencpn:arrival_radius>
      <opencpn:waypoint_range_rings visible="false" number="0" step="1" units="0" colour="#FFFFFF" />
      <opencpn:scale_min_max UseScale="false" ScaleMin="2147483646" ScaleMax="0" />
    </extensions>
  </wpt>
  <wpt lat="68.602293333" lon="-24.388445000">
    <time>2025-06-25T11:56:39Z</time>
    <name>S10 </name>
    <desc>CTD+WP2</desc>
    <sym>circle</sym>
    <type>WPT</type>
    <extensions>
      <opencpn:guid>104bf578-d5c0-4328-bc03-ef634ec172db</opencpn:guid>
      <opencpn:viz_name>1</opencpn:viz_name>
      <opencpn:arrival_radius>0.050</opencpn:arrival_radius>
      <opencpn:waypoint_range_rings visible="false" number="0" step="1" units="0" colour="#FFFFFF" />
      <opencpn:scale_min_max UseScale="false" ScaleMin="2147483646" ScaleMax="0" />
    </extensions>
  </wpt>
  <wpt lat="68.131320000" lon="-21.546168333">
    <time>2025-06-25T11:56:39Z</time>
    <name>S11 </name>
    <desc>CTD+WP2</desc>
    <sym>circle</sym>
    <type>WPT</type>
    <extensions>
      <opencpn:guid>7e5bf1e7-8ccd-43d8-9dba-2aaf2aef6e74</opencpn:guid>
      <opencpn:viz_name>1</opencpn:viz_name>
      <opencpn:arrival_radius>0.050</opencpn:arrival_radius>
      <opencpn:waypoint_range_rings visible="false" number="0" step="1" units="0" colour="#FFFFFF" />
      <opencpn:scale_min_max UseScale="false" ScaleMin="2147483646" ScaleMax="0" />
    </extensions>
  </wpt>
  <wpt lat="68.944800000" lon="-22.085555000">
    <time>2025-06-25T11:56:39Z</time>
    <name>S12 </name>
    <desc>CTD+WP2</desc>
    <sym>circle</sym>
    <type>WPT</type>
    <extensions>
      <opencpn:guid>4d3c97b0-8a16-410f-b001-7e776b92a050</opencpn:guid>
      <opencpn:viz_name>1</opencpn:viz_name>
      <opencpn:arrival_radius>0.050</opencpn:arrival_radius>
      <opencpn:waypoint_range_rings visible="false" number="0" step="1" units="0" colour="#FFFFFF" />
      <opencpn:scale_min_max UseScale="false" ScaleMin="2147483646" ScaleMax="0" />
    </extensions>
  </wpt>
  <wpt lat="67.925391667" lon="-19.212493333">
    <time>2025-06-25T11:56:39Z</time>
    <name>S13 </name>
    <desc>CTD+WP2</desc>
    <sym>circle</sym>
    <type>WPT</type>
    <extensions>
      <opencpn:guid>675b5d02-3e6f-4c5e-94bb-390c2548bda2</opencpn:guid>
      <opencpn:viz_name>1</opencpn:viz_name>
      <opencpn:arrival_radius>0.050</opencpn:arrival_radius>
      <opencpn:waypoint_range_rings visible="false" number="0" step="1" units="0" colour="#FFFFFF" />
      <opencpn:scale_min_max UseScale="false" ScaleMin="2147483646" ScaleMax="0" />
    </extensions>
  </wpt>
  <wpt lat="66.337803333" lon="-23.501826667">
    <time>2025-09-06T14:52:53Z</time>
    <sym>Info-Fish</sym>
    <type>WPT</type>
    <extensions>
      <opencpn:guid>6445ffff-4224-46f2-9d1d-fed577bbffff</opencpn:guid>
      <opencpn:viz_name>1</opencpn:viz_name>
      <opencpn:arrival_radius>0.050</opencpn:arrival_radius>
      <opencpn:waypoint_range_rings visible="false" number="0" step="1" units="0" colour="#FF0000" />
      <opencpn:scale_min_max UseScale="false" ScaleMin="2147483646" ScaleMax="0" />
    </extensions>
  </wpt>
  <wpt lat="67.450792111" lon="-25.319125640">
    <time>2025-09-07T12:33:42Z</time>
    <sym>triangle</sym>
    <type>WPT</type>
    <extensions>
      <opencpn:guid>37730000-4dba-4454-b0bf-cd1544adffff</opencpn:guid>
      <opencpn:viz_name>1</opencpn:viz_name>
      <opencpn:arrival_radius>0.050</opencpn:arrival_radius>
      <opencpn:waypoint_range_rings visible="false" number="0" step="1" units="0" colour="#FF0000" />
      <opencpn:scale_min_max UseScale="false" ScaleMin="2147483646" ScaleMax="0" />
    </extensions>
  </wpt>
  <wpt lat="67.894275000" lon="-24.587711667">
    <time>2025-09-07T14:07:49Z</time>
    <name>PT359</name>
    <sym>Hazard-Fish-Nets</sym>
    <type>WPT</type>
    <extensions>
      <opencpn:guid>084b0000-5e26-4b86-8758-afdb6ceaffff</opencpn:guid>
      <opencpn:viz_name>1</opencpn:viz_name>
      <opencpn:arrival_radius>0.050</opencpn:arrival_radius>
      <opencpn:waypoint_range_rings visible="false" number="0" step="1" units="0" colour="#FF0000" />
      <opencpn:scale_min_max UseScale="false" ScaleMin="2147483646" ScaleMax="0" />
    </extensions>
  </wpt>
  <wpt lat="68.558666667" lon="-26.024166667">
    <time>2025-09-08T07:18:18Z</time>
    <name>PT366</name>
    <sym>Hazard-Fish-Nets</sym>
    <type>WPT</type>
    <extensions>
      <opencpn:guid>77a0ffff-d09d-454f-9f5a-ea1172f1ffff</opencpn:guid>
      <opencpn:viz_name>1</opencpn:viz_name>
      <opencpn:arrival_radius>0.050</opencpn:arrival_radius>
      <opencpn:waypoint_range_rings visible="false" number="0" step="1" units="0" colour="#FF0000" />
      <opencpn:scale_min_max UseScale="false" ScaleMin="2147483646" ScaleMax="0" />
    </extensions>
  </wpt>
  <wpt lat="68.589000000" lon="-24.418833333">
    <time>2025-09-08T07:19:20Z</time>
    <name>PT369</name>
    <sym>Hazard-Fish-Nets</sym>
    <type>WPT</type>
    <extensions>
      <opencpn:guid>4118ffff-c9e3-4957-8121-18ac776dffff</opencpn:guid>
      <opencpn:viz_name>1</opencpn:viz_name>
      <opencpn:arrival_radius>0.050</opencpn:arrival_radius>
      <opencpn:waypoint_range_rings visible="false" number="0" step="1" units="0" colour="#FF0000" />
      <opencpn:scale_min_max UseScale="false" ScaleMin="2147483646" ScaleMax="0" />
    </extensions>
  </wpt>
  <wpt lat="67.672368333" lon="-22.305085000">
    <time>2025-09-08T17:27:55Z</time>
    <sym>Info-Fish</sym>
    <type>WPT</type>
    <extensions>
      <opencpn:guid>4377ffff-6ef0-4083-9966-33cc7a8effff</opencpn:guid>
      <opencpn:viz_name>1</opencpn:viz_name>
      <opencpn:arrival_radius>0.050</opencpn:arrival_radius>
      <opencpn:waypoint_range_rings visible="false" number="0" step="1" units="0" colour="#FF0000" />
      <opencpn:scale_min_max UseScale="false" ScaleMin="2147483646" ScaleMax="0" />
    </extensions>
  </wpt>
  <wpt lat="67.862285000" lon="-20.888006667">
    <time>2025-09-09T15:18:18Z</time>
    <sym>Info-Fish</sym>
    <type>WPT</type>
    <extensions>
      <opencpn:guid>5552ffff-b53d-45c6-bbba-969b02640000</opencpn:guid>
      <opencpn:viz_name>1</opencpn:viz_name>
      <opencpn:arrival_radius>0.050</opencpn:arrival_radius>
      <opencpn:waypoint_range_rings visible="false" number="0" step="1" units="0" colour="#FF0000" />
      <opencpn:scale_min_max UseScale="false" ScaleMin="2147483646" ScaleMax="0" />
    </extensions>
  </wpt>
  <wpt lat="68.379775000" lon="-22.114643333">
    <time>2025-09-09T20:48:11Z</time>
    <name>PT371</name>
    <sym>Hazard-Fish-Nets</sym>
    <type>WPT</type>
    <extensions>
      <opencpn:guid>0a4d0000-ab41-4ce0-8cbf-307a27840000</opencpn:guid>
      <opencpn:viz_name>1</opencpn:viz_name>
      <opencpn:arrival_radius>0.050</opencpn:arrival_radius>
      <opencpn:waypoint_range_rings visible="false" number="0" step="1" units="0" colour="#FF0000" />
      <opencpn:scale_min_max UseScale="false" ScaleMin="2147483646" ScaleMax="0" />
    </extensions>
  </wpt>
  <wpt lat="68.640706667" lon="-22.660451667">
    <time>2025-09-10T00:57:03Z</time>
    <name>PT372</name>
    <sym>Hazard-Fish-Nets</sym>
    <type>WPT</type>
    <extensions>
      <opencpn:guid>599bffff-8cff-4afd-94e1-e8d55665ffff</opencpn:guid>
      <opencpn:viz_name>1</opencpn:viz_name>
      <opencpn:arrival_radius>0.050</opencpn:arrival_radius>
      <opencpn:waypoint_range_rings visible="false" number="0" step="1" units="0" colour="#FF0000" />
      <opencpn:scale_min_max UseScale="false" ScaleMin="2147483646" ScaleMax="0" />
    </extensions>
  </wpt>
  <wpt lat="68.376389840" lon="-21.960566797">
    <time>2025-09-10T00:57:09Z</time>
    <sym>Info-Fish</sym>
    <type>WPT</type>
    <extensions>
      <opencpn:guid>6983ffff-995d-4d18-88d5-6ebe42c0ffff</opencpn:guid>
      <opencpn:viz_name>1</opencpn:viz_name>
      <opencpn:arrival_radius>0.050</opencpn:arrival_radius>
      <opencpn:waypoint_range_rings visible="false" number="0" step="1" units="0" colour="#FF0000" />
      <opencpn:scale_min_max UseScale="false" ScaleMin="2147483646" ScaleMax="0" />
    </extensions>
  </wpt>
  <wpt lat="68.605888333" lon="-22.579625000">
    <time>2025-09-10T00:57:15Z</time>
    <sym>Info-Fish</sym>
    <type>WPT</type>
    <extensions>
      <opencpn:guid>71d9ffff-8887-4729-8135-a06514aa0000</opencpn:guid>
      <opencpn:viz_name>1</opencpn:viz_name>
      <opencpn:arrival_radius>0.050</opencpn:arrival_radius>
      <opencpn:waypoint_range_rings visible="false" number="0" step="1" units="0" colour="#FF0000" />
      <opencpn:scale_min_max UseScale="false" ScaleMin="2147483646" ScaleMax="0" />
    </extensions>
  </wpt>
  <wpt lat="68.717681659" lon="-22.814757471">
    <time>2025-09-10T01:24:36Z</time>
    <sym>Info-Fish</sym>
    <type>WPT</type>
    <extensions>
      <opencpn:guid>2f3c0000-33a6-4936-b00c-a6d763c4ffff</opencpn:guid>
      <opencpn:viz_name>1</opencpn:viz_name>
      <opencpn:arrival_radius>0.050</opencpn:arrival_radius>
      <opencpn:waypoint_range_rings visible="false" number="0" step="1" units="0" colour="#FF0000" />
      <opencpn:scale_min_max UseScale="false" ScaleMin="2147483646" ScaleMax="0" />
    </extensions>
  </wpt>
  <wpt lat="68.913003333" lon="-21.798810000">
    <time>2025-09-10T13:49:50Z</time>
    <sym>Info-Fish</sym>
    <type>WPT</type>
    <extensions>
      <opencpn:guid>37310000-41a4-4f60-8123-b67f60a4ffff</opencpn:guid>
      <opencpn:viz_name>1</opencpn:viz_name>
      <opencpn:arrival_radius>0.050</opencpn:arrival_radius>
      <opencpn:waypoint_range_rings visible="false" number="0" step="1" units="0" colour="#FF0000" />
      <opencpn:scale_min_max UseScale="false" ScaleMin="2147483646" ScaleMax="0" />
    </extensions>
  </wpt>
  <wpt lat="72.000627182" lon="-22.815549478">
    <time>2025-06-25T11:56:39Z</time>
    <name>D01 </name>
    <desc>CTD+WP2+Phyto</desc>
    <sym>Symbol-Circle-Green</sym>
    <type>WPT</type>
    <extensions>
      <opencpn:guid>2c9b794a-2670-4324-b56a-832a38402be0</opencpn:guid>
      <opencpn:viz_name>1</opencpn:viz_name>
      <opencpn:arrival_radius>0.050</opencpn:arrival_radius>
      <opencpn:waypoint_range_rings visible="false" number="0" step="1" units="0" colour="#FFFFFF" />
      <opencpn:scale_min_max UseScale="true" ScaleMin="2147483646" ScaleMax="0" />
    </extensions>
  </wpt>
  <wpt lat="68.939627348" lon="-22.110514368">
    <time>2025-06-25T11:56:39Z</time>
    <name>S12 </name>
    <desc>CTD+WP2</desc>
    <sym>circle</sym>
    <type>WPT</type>
    <extensions>
      <opencpn:guid>4d3c97b0-8a16-410f-b001-7e776b92a050</opencpn:guid>
      <opencpn:viz_name>1</opencpn:viz_name>
      <opencpn:arrival_radius>0.050</opencpn:arrival_radius>
      <opencpn:waypoint_range_rings visible="false" number="0" step="1" units="0" colour="#FFFFFF" />
      <opencpn:scale_min_max UseScale="true" ScaleMin="2147483646" ScaleMax="0" />
    </extensions>
  </wpt>
  <wpt lat="68.459941667" lon="-16.819951667">
    <time>2025-09-11T16:36:24Z</time>
    <sym>Info-Fish</sym>
    <type>WPT</type>
    <extensions>
      <opencpn:guid>479bffff-876f-45a9-a567-6868428dffff</opencpn:guid>
      <opencpn:viz_name>1</opencpn:viz_name>
      <opencpn:arrival_radius>0.050</opencpn:arrival_radius>
      <opencpn:waypoint_range_rings visible="false" number="0" step="1" units="0" colour="#FF0000" />
      <opencpn:scale_min_max UseScale="false" ScaleMin="2147483646" ScaleMax="0" />
    </extensions>
  </wpt>
  <wpt lat="68.411666667" lon="-16.606863333">
    <time>2025-09-11T17:10:42Z</time>
    <name>PT375 </name>
    <sym>Hazard-Fish-Nets</sym>
    <type>WPT</type>
    <extensions>
      <opencpn:guid>1d750000-2d98-41a1-8777-7cd85436ffff</opencpn:guid>
      <opencpn:viz_name>1</opencpn:viz_name>
      <opencpn:arrival_radius>0.050</opencpn:arrival_radius>
      <opencpn:waypoint_range_rings visible="false" number="0" step="1" units="0" colour="#FF0000" />
      <opencpn:scale_min_max UseScale="false" ScaleMin="2147483646" ScaleMax="0" />
    </extensions>
  </wpt>
  <wpt lat="68.988542753" lon="-20.218301831">
    <time>2025-06-25T11:56:39Z</time>
    <name>S14 </name>
    <desc>CTD+WP2</desc>
    <sym>circle</sym>
    <type>WPT</type>
    <extensions>
      <opencpn:guid>4a99e9cc-7d89-4a16-beac-888b507ae405</opencpn:guid>
      <opencpn:viz_name>1</opencpn:viz_name>
      <opencpn:arrival_radius>0.050</opencpn:arrival_radius>
      <opencpn:waypoint_range_rings visible="false" number="0" step="1" units="0" colour="#FFFFFF" />
      <opencpn:scale_min_max UseScale="true" ScaleMin="2147483646" ScaleMax="0" />
    </extensions>
  </wpt>
  <wpt lat="71.147970526" lon="-16.693774210">
    <time>2025-06-25T11:56:39Z</time>
    <name>S18 </name>
    <desc>CTD+WP2</desc>
    <sym>circle</sym>
    <type>WPT</type>
    <extensions>
      <opencpn:guid>632ba732-8ddc-434e-a987-a4923b64e9f8</opencpn:guid>
      <opencpn:viz_name>1</opencpn:viz_name>
      <opencpn:arrival_radius>0.050</opencpn:arrival_radius>
      <opencpn:waypoint_range_rings visible="false" number="0" step="1" units="0" colour="#FFFFFF" />
      <opencpn:scale_min_max UseScale="false" ScaleMin="2147483646" ScaleMax="0" />
    </extensions>
  </wpt>
  <wpt lat="69.511629372" lon="-18.968897080">
    <time>2025-06-25T11:56:39Z</time>
    <name>S16 </name>
    <desc>CTD+WP2</desc>
    <sym>circle</sym>
    <type>WPT</type>
    <extensions>
      <opencpn:guid>5ff3074b-98c8-4330-bb5e-78967adeb85b</opencpn:guid>
      <opencpn:viz_name>1</opencpn:viz_name>
      <opencpn:arrival_radius>0.050</opencpn:arrival_radius>
      <opencpn:waypoint_range_rings visible="false" number="0" step="1" units="0" colour="#FFFFFF" />
      <opencpn:scale_min_max UseScale="true" ScaleMin="2147483646" ScaleMax="0" />
    </extensions>
  </wpt>
  <wpt lat="70.592065469" lon="-19.615009869">
    <time>2025-06-25T11:56:39Z</time>
    <name>S17 </name>
    <desc>CTD+WP2</desc>
    <sym>circle</sym>
    <type>WPT</type>
    <extensions>
      <opencpn:guid>3419df09-1d04-4286-852c-481b7dc25c14</opencpn:guid>
      <opencpn:viz_name>1</opencpn:viz_name>
      <opencpn:arrival_radius>0.050</opencpn:arrival_radius>
      <opencpn:waypoint_range_rings visible="false" number="0" step="1" units="0" colour="#FFFFFF" />
      <opencpn:scale_min_max UseScale="false" ScaleMin="2147483646" ScaleMax="0" />
    </extensions>
  </wpt>
  <wpt lat="70.476430000" lon="-18.759795000">
    <time>2025-09-16T05:50:27Z</time>
    <name>PT388</name>
    <sym>Hazard-Fish-Nets</sym>
    <type>WPT</type>
    <extensions>
      <opencpn:guid>5fb3ffff-7ca6-4edb-b01a-dcdd69a1ffff</opencpn:guid>
      <opencpn:viz_name>1</opencpn:viz_name>
      <opencpn:arrival_radius>0.050</opencpn:arrival_radius>
      <opencpn:waypoint_range_rings visible="false" number="0" step="1" units="0" colour="#FF0000" />
      <opencpn:scale_min_max UseScale="false" ScaleMin="2147483646" ScaleMax="0" />
    </extensions>
  </wpt>
  <wpt lat="70.013735000" lon="-16.601156667">
    <time>2025-09-16T14:56:57Z</time>
    <sym>Info-Fish</sym>
    <type>WPT</type>
    <extensions>
      <opencpn:guid>7571ffff-142c-4dbb-ba1d-9e9f3e970000</opencpn:guid>
      <opencpn:viz_name>1</opencpn:viz_name>
      <opencpn:arrival_radius>0.050</opencpn:arrival_radius>
      <opencpn:waypoint_range_rings visible="false" number="0" step="1" units="0" colour="#FF0000" />
      <opencpn:scale_min_max UseScale="false" ScaleMin="2147483646" ScaleMax="0" />
    </extensions>
  </wpt>
  <wpt lat="70.013735000" lon="-16.734003333">
    <time>2025-09-16T15:13:48Z</time>
    <sym>Info-Fish</sym>
    <type>WPT</type>
    <extensions>
      <opencpn:guid>48fbffff-3c20-4682-8523-dbaf4825ffff</opencpn:guid>
      <opencpn:viz_name>1</opencpn:viz_name>
      <opencpn:arrival_radius>0.050</opencpn:arrival_radius>
      <opencpn:waypoint_range_rings visible="false" number="0" step="1" units="0" colour="#FF0000" />
      <opencpn:scale_min_max UseScale="false" ScaleMin="2147483646" ScaleMax="0" />
    </extensions>
  </wpt>
  <wpt lat="70.011990000" lon="-17.283040000">
    <time>2025-09-16T16:17:29Z</time>
    <sym>Info-Fish</sym>
    <type>WPT</type>
    <extensions>
      <opencpn:guid>31ab0000-eb01-4782-b524-dd2920590000</opencpn:guid>
      <opencpn:viz_name>1</opencpn:viz_name>
      <opencpn:arrival_radius>0.050</opencpn:arrival_radius>
      <opencpn:waypoint_range_rings visible="false" number="0" step="1" units="0" colour="#FF0000" />
      <opencpn:scale_min_max UseScale="false" ScaleMin="2147483646" ScaleMax="0" />
    </extensions>
  </wpt>
  <wpt lat="70.011353333" lon="-17.045681667">
    <time>2025-09-16T16:17:57Z</time>
    <sym>Info-Fish</sym>
    <type>WPT</type>
    <extensions>
      <opencpn:guid>2ce50000-fe4b-40c3-aa70-447e5de0ffff</opencpn:guid>
      <opencpn:viz_name>1</opencpn:viz_name>
      <opencpn:arrival_radius>0.050</opencpn:arrival_radius>
      <opencpn:waypoint_range_rings visible="false" number="0" step="1" units="0" colour="#FF0000" />
      <opencpn:scale_min_max UseScale="false" ScaleMin="2147483646" ScaleMax="0" />
    </extensions>
  </wpt>
  <wpt lat="70.014926667" lon="-18.266961667">
    <time>2025-09-16T18:57:52Z</time>
    <sym>Info-Fish</sym>
    <type>WPT</type>
    <extensions>
      <opencpn:guid>584affff-be7f-4d48-9dc2-e9a9537cffff</opencpn:guid>
      <opencpn:viz_name>1</opencpn:viz_name>
      <opencpn:arrival_radius>0.050</opencpn:arrival_radius>
      <opencpn:waypoint_range_rings visible="false" number="0" step="1" units="0" colour="#FF0000" />
      <opencpn:scale_min_max UseScale="false" ScaleMin="2147483646" ScaleMax="0" />
    </extensions>
  </wpt>
  <wpt lat="69.993876667" lon="-20.448388333">
    <time>2025-09-17T01:03:04Z</time>
    <name>PT 395</name>
    <sym>Hazard-Fish-Nets</sym>
    <type>WPT</type>
    <extensions>
      <opencpn:guid>7947ffff-ebdf-4656-8e16-badf3be10000</opencpn:guid>
      <opencpn:viz_name>1</opencpn:viz_name>
      <opencpn:arrival_radius>0.050</opencpn:arrival_radius>
      <opencpn:waypoint_range_rings visible="false" number="0" step="1" units="0" colour="#FF0000" />
      <opencpn:scale_min_max UseScale="false" ScaleMin="2147483646" ScaleMax="0" />
    </extensions>
  </wpt>
  <wpt lat="70.009900000" lon="-20.372593333">
    <time>2025-09-17T01:03:19Z</time>
    <sym>Info-Fish</sym>
    <type>WPT</type>
    <extensions>
      <opencpn:guid>07510000-f1c7-4fe3-a2ba-c0791b590000</opencpn:guid>
      <opencpn:viz_name>1</opencpn:viz_name>
      <opencpn:arrival_radius>0.050</opencpn:arrival_radius>
      <opencpn:waypoint_range_rings visible="false" number="0" step="1" units="0" colour="#FF0000" />
      <opencpn:scale_min_max UseScale="false" ScaleMin="2147483646" ScaleMax="0" />
    </extensions>
  </wpt>
  <wpt lat="69.895275000" lon="-20.141355000">
    <time>2025-09-17T16:17:16Z</time>
    <name>PT400</name>
    <sym>Hazard-Fish-Nets</sym>
    <type>WPT</type>
    <extensions>
      <opencpn:guid>4ba2ffff-94b7-4d26-b2f3-021253bdffff</opencpn:guid>
      <opencpn:viz_name>1</opencpn:viz_name>
      <opencpn:arrival_radius>0.050</opencpn:arrival_radius>
      <opencpn:waypoint_range_rings visible="false" number="0" step="1" units="0" colour="#FF0000" />
      <opencpn:scale_min_max UseScale="false" ScaleMin="2147483646" ScaleMax="0" />
    </extensions>
  </wpt>
  <wpt lat="69.678616667" lon="-17.027361667">
    <time>2025-09-17T21:31:57Z</time>
    <sym>Info-Fish</sym>
    <type>WPT</type>
    <extensions>
      <opencpn:guid>217d0000-e137-4331-ae82-e60b02990000</opencpn:guid>
      <opencpn:viz_name>1</opencpn:viz_name>
      <opencpn:arrival_radius>0.050</opencpn:arrival_radius>
      <opencpn:waypoint_range_rings visible="false" number="0" step="1" units="0" colour="#FF0000" />
      <opencpn:scale_min_max UseScale="false" ScaleMin="2147483646" ScaleMax="0" />
    </extensions>
  </wpt>
  <wpt lat="69.521718765" lon="-17.886284146">
    <time>2025-09-18T04:37:49Z</time>
    <sym>Info-Fish</sym>
    <type>WPT</type>
    <extensions>
      <opencpn:guid>19a30000-778a-491b-a76f-eaad1ff30000</opencpn:guid>
      <opencpn:viz_name>1</opencpn:viz_name>
      <opencpn:arrival_radius>0.050</opencpn:arrival_radius>
      <opencpn:waypoint_range_rings visible="false" number="0" step="1" units="0" colour="#FF0000" />
      <opencpn:scale_min_max UseScale="false" ScaleMin="2147483646" ScaleMax="0" />
    </extensions>
  </wpt>
  <wpt lat="69.507091186" lon="-18.333970507">
    <time>2025-09-18T05:43:11Z</time>
    <sym>Info-Fish</sym>
    <type>WPT</type>
    <extensions>
      <opencpn:guid>0a130000-1992-4924-a8bc-7d4a206b0000</opencpn:guid>
      <opencpn:viz_name>1</opencpn:viz_name>
      <opencpn:arrival_radius>0.050</opencpn:arrival_radius>
      <opencpn:waypoint_range_rings visible="false" number="0" step="1" units="0" colour="#FF0000" />
      <opencpn:scale_min_max UseScale="false" ScaleMin="2147483646" ScaleMax="0" />
    </extensions>
  </wpt>
  <wpt lat="69.509692375" lon="-18.547596780">
    <time>2025-09-18T06:12:39Z</time>
    <sym>Info-Fish</sym>
    <type>WPT</type>
    <extensions>
      <opencpn:guid>6e5affff-fced-4a9c-b9c0-26a24e98ffff</opencpn:guid>
      <opencpn:viz_name>1</opencpn:viz_name>
      <opencpn:arrival_radius>0.050</opencpn:arrival_radius>
      <opencpn:waypoint_range_rings visible="false" number="0" step="1" units="0" colour="#FF0000" />
      <opencpn:scale_min_max UseScale="false" ScaleMin="2147483646" ScaleMax="0" />
    </extensions>
  </wpt>
  <wpt lat="69.499285000" lon="-19.140176667">
    <time>2025-09-18T07:59:13Z</time>
    <sym>Info-Fish</sym>
    <type>WPT</type>
    <extensions>
      <opencpn:guid>704dffff-bfeb-48a5-9091-876514a40000</opencpn:guid>
      <opencpn:viz_name>1</opencpn:viz_name>
      <opencpn:arrival_radius>0.050</opencpn:arrival_radius>
      <opencpn:waypoint_range_rings visible="false" number="0" step="1" units="0" colour="#FF0000" />
      <opencpn:scale_min_max UseScale="false" ScaleMin="2147483646" ScaleMax="0" />
    </extensions>
  </wpt>
  <wpt lat="69.460111667" lon="-22.126561667">
    <time>2025-09-18T16:43:30Z</time>
    <name>st 403 bongo</name>
    <sym>triangle</sym>
    <type>WPT</type>
    <extensions>
      <opencpn:guid>6d1affff-563e-44ee-a44b-b4f316650000</opencpn:guid>
      <opencpn:viz_name>1</opencpn:viz_name>
      <opencpn:arrival_radius>0.050</opencpn:arrival_radius>
      <opencpn:waypoint_range_rings visible="false" number="0" step="1" units="0" colour="#FF0000" />
      <opencpn:scale_min_max UseScale="false" ScaleMin="2147483646" ScaleMax="0" />
    </extensions>
  </wpt>
  <wpt lat="69.268441667" lon="-20.332775000">
    <time>2025-09-19T03:07:34Z</time>
    <sym>Info-Fish</sym>
    <type>WPT</type>
    <extensions>
      <opencpn:guid>0d490000-ce69-4d8d-af39-98f304cb0000</opencpn:guid>
      <opencpn:viz_name>1</opencpn:viz_name>
      <opencpn:arrival_radius>0.050</opencpn:arrival_radius>
      <opencpn:waypoint_range_rings visible="false" number="0" step="1" units="0" colour="#FF0000" />
      <opencpn:scale_min_max UseScale="false" ScaleMin="2147483646" ScaleMax="0" />
    </extensions>
  </wpt>
  <wpt lat="69.238205000" lon="-19.941230000">
    <time>2025-09-19T04:33:56Z</time>
    <name>st405</name>
    <sym>triangle</sym>
    <type>WPT</type>
    <extensions>
      <opencpn:guid>60b9ffff-daeb-402c-9c9d-a49d2fbd0000</opencpn:guid>
      <opencpn:viz_name>1</opencpn:viz_name>
      <opencpn:arrival_radius>0.050</opencpn:arrival_radius>
      <opencpn:waypoint_range_rings visible="false" number="0" step="1" units="0" colour="#FF0000" />
      <opencpn:scale_min_max UseScale="false" ScaleMin="2147483646" ScaleMax="0" />
    </extensions>
  </wpt>
  <wpt lat="69.212569616" lon="-19.629355901">
    <time>2025-09-19T05:09:52Z</time>
    <sym>Info-Fish</sym>
    <type>WPT</type>
    <extensions>
      <opencpn:guid>51eeffff-258a-497a-9914-0db202c20000</opencpn:guid>
      <opencpn:viz_name>1</opencpn:viz_name>
      <opencpn:arrival_radius>0.050</opencpn:arrival_radius>
      <opencpn:waypoint_range_rings visible="false" number="0" step="1" units="0" colour="#FF0000" />
      <opencpn:scale_min_max UseScale="false" ScaleMin="2147483646" ScaleMax="0" />
    </extensions>
  </wpt>
  <wpt lat="69.189234829" lon="-19.350222586">
    <time>2025-09-19T05:49:58Z</time>
    <name>PT406</name>
    <sym>Hazard-Fish-Nets</sym>
    <type>WPT</type>
    <extensions>
      <opencpn:guid>03110000-0eee-4bf6-a80a-e67168d7ffff</opencpn:guid>
      <opencpn:viz_name>1</opencpn:viz_name>
      <opencpn:arrival_radius>0.050</opencpn:arrival_radius>
      <opencpn:waypoint_range_rings visible="false" number="0" step="1" units="0" colour="#FF0000" />
      <opencpn:scale_min_max UseScale="false" ScaleMin="2147483646" ScaleMax="0" />
    </extensions>
  </wpt>
  <wpt lat="69.366826667" lon="-22.300195000">
    <time>2025-09-19T06:47:03Z</time>
    <name>PT404</name>
    <sym>Hazard-Fish-Nets</sym>
    <type>WPT</type>
    <extensions>
      <opencpn:guid>4174ffff-c6cb-435a-880f-691e534fffff</opencpn:guid>
      <opencpn:viz_name>1</opencpn:viz_name>
      <opencpn:arrival_radius>0.050</opencpn:arrival_radius>
      <opencpn:waypoint_range_rings visible="false" number="0" step="1" units="0" colour="#FF0000" />
      <opencpn:scale_min_max UseScale="false" ScaleMin="2147483646" ScaleMax="0" />
    </extensions>
  </wpt>
  <wpt lat="69.483930000" lon="-19.703093333">
    <time>2025-09-19T07:06:50Z</time>
    <name>PT402</name>
    <sym>Hazard-Fish-Nets</sym>
    <type>WPT</type>
    <extensions>
      <opencpn:guid>252c0000-065a-493a-96ba-3912743dffff</opencpn:guid>
      <opencpn:viz_name>1</opencpn:viz_name>
      <opencpn:arrival_radius>0.050</opencpn:arrival_radius>
      <opencpn:waypoint_range_rings visible="false" number="0" step="1" units="0" colour="#FF0000" />
      <opencpn:scale_min_max UseScale="false" ScaleMin="2147483646" ScaleMax="0" />
    </extensions>
  </wpt>
  <wpt lat="69.204403333" lon="-18.809981667">
    <time>2025-09-19T08:29:56Z</time>
    <sym>Info-Fish</sym>
    <type>WPT</type>
    <extensions>
      <opencpn:guid>2f9f0000-e957-47c9-9e0b-2078076b0000</opencpn:guid>
      <opencpn:viz_name>1</opencpn:viz_name>
      <opencpn:arrival_radius>0.050</opencpn:arrival_radius>
      <opencpn:waypoint_range_rings visible="false" number="0" step="1" units="0" colour="#FF0000" />
      <opencpn:scale_min_max UseScale="false" ScaleMin="2147483646" ScaleMax="0" />
    </extensions>
  </wpt>
  <wpt lat="69.154780000" lon="-17.994366667">
    <time>2025-09-19T10:02:00Z</time>
    <sym>Info-Fish</sym>
    <type>WPT</type>
    <extensions>
      <opencpn:guid>5d57ffff-bf23-4327-8721-257a231d0000</opencpn:guid>
      <opencpn:viz_name>1</opencpn:viz_name>
      <opencpn:arrival_radius>0.050</opencpn:arrival_radius>
      <opencpn:waypoint_range_rings visible="false" number="0" step="1" units="0" colour="#FF0000" />
      <opencpn:scale_min_max UseScale="false" ScaleMin="2147483646" ScaleMax="0" />
    </extensions>
  </wpt>
  <wpt lat="69.120435000" lon="-17.459980000">
    <time>2025-09-19T11:13:00Z</time>
    <sym>Info-Fish</sym>
    <type>WPT</type>
    <extensions>
      <opencpn:guid>31f80000-ed4d-4292-a4bb-20e445c4ffff</opencpn:guid>
      <opencpn:viz_name>1</opencpn:viz_name>
      <opencpn:arrival_radius>0.050</opencpn:arrival_radius>
      <opencpn:waypoint_range_rings visible="false" number="0" step="1" units="0" colour="#FF0000" />
      <opencpn:scale_min_max UseScale="false" ScaleMin="2147483646" ScaleMax="0" />
    </extensions>
  </wpt>
  <wpt lat="69.019420000" lon="-17.929153333">
    <time>2025-09-19T13:25:34Z</time>
    <sym>Info-Fish</sym>
    <type>WPT</type>
    <extensions>
      <opencpn:guid>5031ffff-7954-4671-bc55-e85d48a8ffff</opencpn:guid>
      <opencpn:viz_name>1</opencpn:viz_name>
      <opencpn:arrival_radius>0.050</opencpn:arrival_radius>
      <opencpn:waypoint_range_rings visible="false" number="0" step="1" units="0" colour="#FF0000" />
      <opencpn:scale_min_max UseScale="false" ScaleMin="2147483646" ScaleMax="0" />
    </extensions>
  </wpt>
  <wpt lat="69.029283333" lon="-18.145916667">
    <time>2025-09-19T15:11:06Z</time>
    <name>PT407</name>
    <sym>Hazard-Fish-Nets</sym>
    <type>WPT</type>
    <extensions>
      <opencpn:guid>5c0bffff-7e44-4e20-82bd-c0d724ae0000</opencpn:guid>
      <opencpn:viz_name>1</opencpn:viz_name>
      <opencpn:arrival_radius>0.050</opencpn:arrival_radius>
      <opencpn:waypoint_range_rings visible="false" number="0" step="1" units="0" colour="#FF0000" />
      <opencpn:scale_min_max UseScale="false" ScaleMin="2147483646" ScaleMax="0" />
    </extensions>
  </wpt>
  <wpt lat="69.008893333" lon="-20.287823333">
    <time>2025-09-19T21:39:39Z</time>
    <sym>Info-Fish</sym>
    <type>WPT</type>
    <extensions>
      <opencpn:guid>7e4affff-6e68-4c3c-b559-11222b0b0000</opencpn:guid>
      <opencpn:viz_name>1</opencpn:viz_name>
      <opencpn:arrival_radius>0.050</opencpn:arrival_radius>
      <opencpn:waypoint_range_rings visible="false" number="0" step="1" units="0" colour="#FF0000" />
      <opencpn:scale_min_max UseScale="false" ScaleMin="2147483646" ScaleMax="0" />
    </extensions>
  </wpt>
  <wpt lat="69.003628333" lon="-20.438455000">
    <time>2025-09-19T21:39:47Z</time>
    <sym>Info-Fish</sym>
    <type>WPT</type>
    <extensions>
      <opencpn:guid>03500000-ae2f-45d8-a6d7-6f3649b1ffff</opencpn:guid>
      <opencpn:viz_name>1</opencpn:viz_name>
      <opencpn:arrival_radius>0.050</opencpn:arrival_radius>
      <opencpn:waypoint_range_rings visible="false" number="0" step="1" units="0" colour="#FF0000" />
      <opencpn:scale_min_max UseScale="false" ScaleMin="2147483646" ScaleMax="0" />
    </extensions>
  </wpt>
  <wpt lat="68.967891667" lon="-20.888398333">
    <time>2025-09-19T22:12:19Z</time>
    <sym>Info-Fish</sym>
    <type>WPT</type>
    <extensions>
      <opencpn:guid>0d150000-1acc-4d65-bd61-ec2117120000</opencpn:guid>
      <opencpn:viz_name>1</opencpn:viz_name>
      <opencpn:arrival_radius>0.050</opencpn:arrival_radius>
      <opencpn:waypoint_range_rings visible="false" number="0" step="1" units="0" colour="#FF0000" />
      <opencpn:scale_min_max UseScale="false" ScaleMin="2147483646" ScaleMax="0" />
    </extensions>
  </wpt>
  <wpt lat="68.967740921" lon="-20.917426327">
    <time>2025-09-19T23:10:33Z</time>
    <name>PT 408</name>
    <sym>Hazard-Fish-Nets</sym>
    <type>WPT</type>
    <extensions>
      <opencpn:guid>23050000-5486-4830-b5a1-933b2f260000</opencpn:guid>
      <opencpn:viz_name>1</opencpn:viz_name>
      <opencpn:arrival_radius>0.050</opencpn:arrival_radius>
      <opencpn:waypoint_range_rings visible="false" number="0" step="1" units="0" colour="#FF0000" />
      <opencpn:scale_min_max UseScale="false" ScaleMin="2147483646" ScaleMax="0" />
    </extensions>
  </wpt>
  <wpt lat="68.807632655" lon="-20.441694179">
    <time>2025-09-20T04:42:41Z</time>
    <sym>Info-Fish</sym>
    <type>WPT</type>
    <extensions>
      <opencpn:guid>79e9ffff-7342-4b54-a7ef-e1c911520000</opencpn:guid>
      <opencpn:viz_name>1</opencpn:viz_name>
      <opencpn:arrival_radius>0.050</opencpn:arrival_radius>
      <opencpn:waypoint_range_rings visible="false" number="0" step="1" units="0" colour="#FF0000" />
      <opencpn:scale_min_max UseScale="false" ScaleMin="2147483646" ScaleMax="0" />
    </extensions>
  </wpt>
  <wpt lat="68.715343968" lon="-19.661900460">
    <time>2025-09-20T06:32:26Z</time>
    <sym>Info-Fish</sym>
    <type>WPT</type>
    <extensions>
      <opencpn:guid>399c0000-c7fd-467d-a337-e3ff423fffff</opencpn:guid>
      <opencpn:viz_name>1</opencpn:viz_name>
      <opencpn:arrival_radius>0.050</opencpn:arrival_radius>
      <opencpn:waypoint_range_rings visible="false" number="0" step="1" units="0" colour="#FF0000" />
      <opencpn:scale_min_max UseScale="false" ScaleMin="2147483646" ScaleMax="0" />
    </extensions>
  </wpt>
  <wpt lat="68.705136667" lon="-19.432508333">
    <time>2025-09-20T06:58:02Z</time>
    <sym>Info-Fish</sym>
    <type>WPT</type>
    <extensions>
      <opencpn:guid>67eaffff-78b6-4950-b1f1-209865aeffff</opencpn:guid>
      <opencpn:viz_name>1</opencpn:viz_name>
      <opencpn:arrival_radius>0.050</opencpn:arrival_radius>
      <opencpn:waypoint_range_rings visible="false" number="0" step="1" units="0" colour="#FF0000" />
      <opencpn:scale_min_max UseScale="false" ScaleMin="2147483646" ScaleMax="0" />
    </extensions>
  </wpt>
  <wpt lat="68.529033333" lon="-19.418501667">
    <time>2025-09-20T12:35:24Z</time>
    <name>PT409</name>
    <sym>Hazard-Fish-Nets</sym>
    <type>WPT</type>
    <extensions>
      <opencpn:guid>29680000-1c08-4d44-a4aa-0fa810e60000</opencpn:guid>
      <opencpn:viz_name>1</opencpn:viz_name>
      <opencpn:arrival_radius>0.050</opencpn:arrival_radius>
      <opencpn:waypoint_range_rings visible="false" number="0" step="1" units="0" colour="#FF0000" />
      <opencpn:scale_min_max UseScale="false" ScaleMin="2147483646" ScaleMax="0" />
    </extensions>
  </wpt>
  <wpt lat="67.774141667" lon="-26.105186667">
    <time>2025-09-21T10:58:39Z</time>
    <sym>Info-Fish</sym>
    <type>WPT</type>
    <extensions>
      <opencpn:guid>4d6fffff-9981-4323-9aac-74b81ac20000</opencpn:guid>
      <opencpn:viz_name>1</opencpn:viz_name>
      <opencpn:arrival_radius>0.050</opencpn:arrival_radius>
      <opencpn:waypoint_range_rings visible="false" number="0" step="1" units="0" colour="#FF0000" />
      <opencpn:scale_min_max UseScale="false" ScaleMin="2147483646" ScaleMax="0" />
    </extensions>
  </wpt>
  <rte>
    <name>Arni_planC</name>
    <extensions>
      <opencpn:guid>11530000-3f46-4ede-92c3-b9675354ffff</opencpn:guid>
      <opencpn:viz>1</opencpn:viz>
      <opencpn:planned_speed>10.00</opencpn:planned_speed>
      <opencpn:planned_departure>2025-09-14T21:14:43Z</opencpn:planned_departure>
      <opencpn:time_display>PC</opencpn:time_display>
      <opencpn:style width="6" />
      <gpxx:RouteExtension>
        <gpxx:IsAutoNamed>false</gpxx:IsAutoNamed>
        <gpxx:DisplayColor>Red</gpxx:DisplayColor>
      </gpxx:RouteExtension>
    </extensions>
    <rtept lat="69.084512897" lon="-17.281321674">
      <time>2025-09-10T14:44:07Z</time>
      <name>024</name>
      <sym>diamond</sym>
      <type>WPT</type>
      <extensions>
        <opencpn:guid>71c9ffff-1a80-4a1c-a51e-345444b7ffff</opencpn:guid>
        <opencpn:viz_name>1</opencpn:viz_name>
        <opencpn:auto_name>1</opencpn:auto_name>
        <opencpn:arrival_radius>0.050</opencpn:arrival_radius>
        <opencpn:waypoint_range_rings visible="false" number="0" step="1" units="0" colour="#FF0000" />
        <opencpn:scale_min_max UseScale="false" ScaleMin="2147483646" ScaleMax="0" />
      </extensions>
    </rtept>
    <rtept lat="68.930918019" lon="-21.971355292">
      <time>2025-09-10T14:44:07Z</time>
      <name>025</name>
      <sym>diamond</sym>
      <type>WPT</type>
      <extensions>
        <opencpn:guid>1dd00000-305e-409e-9384-1c20695cffff</opencpn:guid>
        <opencpn:viz_name>1</opencpn:viz_name>
        <opencpn:auto_name>1</opencpn:auto_name>
        <opencpn:arrival_radius>0.050</opencpn:arrival_radius>
        <opencpn:waypoint_range_rings visible="false" number="0" step="1" units="0" colour="#FF0000" />
        <opencpn:scale_min_max UseScale="false" ScaleMin="2147483646" ScaleMax="0" />
      </extensions>
    </rtept>
    <rtept lat="68.608695538" lon="-18.706279965">
      <time>2025-09-10T15:27:36Z</time>
      <name>026</name>
      <sym>diamond</sym>
      <type>WPT</type>
      <extensions>
        <opencpn:guid>7ca4ffff-d7e3-411e-8340-0dac5a2dffff</opencpn:guid>
        <opencpn:viz_name>1</opencpn:viz_name>
        <opencpn:auto_name>1</opencpn:auto_name>
        <opencpn:arrival_radius>0.050</opencpn:arrival_radius>
        <opencpn:waypoint_range_rings visible="false" number="0" step="1" units="0" colour="#FF0000" />
        <opencpn:scale_min_max UseScale="false" ScaleMin="2147483646" ScaleMax="0" />
      </extensions>
    </rtept>
    <rtept lat="68.401335959" lon="-20.349383566">
      <time>2025-09-10T14:44:07Z</time>
      <name>027</name>
      <sym>diamond</sym>
      <type>WPT</type>
      <extensions>
        <opencpn:guid>18df0000-1616-40fb-afaa-9b5f03a50000</opencpn:guid>
        <opencpn:viz_name>1</opencpn:viz_name>
        <opencpn:auto_name>1</opencpn:auto_name>
        <opencpn:arrival_radius>0.050</opencpn:arrival_radius>
        <opencpn:waypoint_range_rings visible="false" number="0" step="1" units="0" colour="#FF0000" />
        <opencpn:scale_min_max UseScale="false" ScaleMin="2147483646" ScaleMax="0" />
      </extensions>
    </rtept>
  </rte>
  <rte>
    <name>transect final_B</name>
    <extensions>
      <opencpn:guid>2ee2dea2-610d-4736-aa0b-74af4ce40608</opencpn:guid>
      <opencpn:viz>1</opencpn:viz>
      <opencpn:planned_speed>6.00</opencpn:planned_speed>
      <opencpn:planned_departure>2025-09-17T18:30:41Z</opencpn:planned_departure>
      <opencpn:time_display>PC</opencpn:time_display>
      <gpxx:RouteExtension>
        <gpxx:IsAutoNamed>false</gpxx:IsAutoNamed>
        <gpxx:DisplayColor>Red</gpxx:DisplayColor>
      </gpxx:RouteExtension>
    </extensions>
    <rtept lat="69.574310360" lon="-15.669571282">
      <time>2025-09-17T18:30:36Z</time>
      <name>022</name>
      <sym>diamond</sym>
      <type>WPT</type>
      <extensions>
        <opencpn:guid>0e48604f-6355-47be-be81-e0a833891c97</opencpn:guid>
        <opencpn:arrival_radius>0.050</opencpn:arrival_radius>
        <opencpn:waypoint_range_rings visible="false" number="0" step="1" units="0" colour="#FF0000" />
        <opencpn:scale_min_max UseScale="false" ScaleMin="2147483646" ScaleMax="0" />
      </extensions>
    </rtept>
    <rtept lat="69.430138484" lon="-23.233740928">
      <time>2025-09-10T14:44:07Z</time>
      <name>023</name>
      <sym>diamond</sym>
      <type>WPT</type>
      <extensions>
        <opencpn:guid>44db9171-5654-4004-a0bf-5ff335246cdd</opencpn:guid>
        <opencpn:auto_name>1</opencpn:auto_name>
        <opencpn:arrival_radius>0.050</opencpn:arrival_radius>
        <opencpn:waypoint_range_rings visible="false" number="0" step="1" units="0" colour="#FF0000" />
        <opencpn:scale_min_max UseScale="false" ScaleMin="2147483646" ScaleMax="0" />
      </extensions>
    </rtept>
    <rtept lat="69.084512897" lon="-17.281321674">
      <time>2025-09-10T14:44:07Z</time>
      <name>024</name>
      <sym>diamond</sym>
      <type>WPT</type>
      <extensions>
        <opencpn:guid>3a199b8d-ce66-4db7-a385-5048507e4eaf</opencpn:guid>
        <opencpn:auto_name>1</opencpn:auto_name>
        <opencpn:arrival_radius>0.050</opencpn:arrival_radius>
        <opencpn:waypoint_range_rings visible="false" number="0" step="1" units="0" colour="#FF0000" />
        <opencpn:scale_min_max UseScale="false" ScaleMin="2147483646" ScaleMax="0" />
      </extensions>
    </rtept>
    <rtept lat="68.930918019" lon="-21.971355292">
      <time>2025-09-10T14:44:07Z</time>
      <name>025</name>
      <sym>diamond</sym>
      <type>WPT</type>
      <extensions>
        <opencpn:guid>5c0b6cb1-e41a-4c92-96f5-5f383bcfecb3</opencpn:guid>
        <opencpn:auto_name>1</opencpn:auto_name>
        <opencpn:arrival_radius>0.050</opencpn:arrival_radius>
        <opencpn:waypoint_range_rings visible="false" number="0" step="1" units="0" colour="#FF0000" />
        <opencpn:scale_min_max UseScale="false" ScaleMin="2147483646" ScaleMax="0" />
      </extensions>
    </rtept>
    <rtept lat="68.608695538" lon="-18.706279965">
      <time>2025-09-10T15:27:36Z</time>
      <name>026</name>
      <sym>diamond</sym>
      <type>WPT</type>
      <extensions>
        <opencpn:guid>18393170-a5b9-43b5-bd0e-e5730eb5ce66</opencpn:guid>
        <opencpn:auto_name>1</opencpn:auto_name>
        <opencpn:arrival_radius>0.050</opencpn:arrival_radius>
        <opencpn:waypoint_range_rings visible="false" number="0" step="1" units="0" colour="#FF0000" />
        <opencpn:scale_min_max UseScale="false" ScaleMin="2147483646" ScaleMax="0" />
      </extensions>
    </rtept>
    <rtept lat="68.401335959" lon="-20.349383566">
      <time>2025-09-10T14:44:07Z</time>
      <name>027</name>
      <sym>diamond</sym>
      <type>WPT</type>
      <extensions>
        <opencpn:guid>4cdf738b-c435-4f5b-bc46-77a46d147c83</opencpn:guid>
        <opencpn:viz_name>1</opencpn:viz_name>
        <opencpn:auto_name>1</opencpn:auto_name>
        <opencpn:arrival_radius>0.050</opencpn:arrival_radius>
        <opencpn:waypoint_range_rings visible="false" number="0" step="1" units="0" colour="#FF0000" />
        <opencpn:scale_min_max UseScale="false" ScaleMin="2147483646" ScaleMax="0" />
      </extensions>
    </rtept>
    <rtept lat="68.444678636" lon="-27.642799587">
      <time>2025-09-14T16:00:51Z</time>
      <name>002</name>
      <sym>diamond</sym>
      <type>WPT</type>
      <extensions>
        <opencpn:guid>16d0cd46-cca9-492e-9e22-8ea61e90e060</opencpn:guid>
        <opencpn:auto_name>1</opencpn:auto_name>
        <opencpn:arrival_radius>0.050</opencpn:arrival_radius>
        <opencpn:waypoint_range_rings visible="false" number="0" step="1" units="0" colour="#FF0000" />
        <opencpn:scale_min_max UseScale="false" ScaleMin="2147483646" ScaleMax="0" />
      </extensions>
    </rtept>
    <rtept lat="67.470528703" lon="-25.496673008">
      <time>2025-09-14T16:00:54Z</time>
      <name>003</name>
      <sym>diamond</sym>
      <type>WPT</type>
      <extensions>
        <opencpn:guid>7fc613be-4a75-48d5-846c-84aa76043f36</opencpn:guid>
        <opencpn:auto_name>1</opencpn:auto_name>
        <opencpn:arrival_radius>0.050</opencpn:arrival_radius>
        <opencpn:waypoint_range_rings visible="false" number="0" step="1" units="0" colour="#FF0000" />
        <opencpn:scale_min_max UseScale="false" ScaleMin="2147483646" ScaleMax="0" />
      </extensions>
    </rtept>
    <rtept lat="64.659363288" lon="-24.172346914">
      <time>2025-09-14T16:01:03Z</time>
      <name>004</name>
      <sym>diamond</sym>
      <type>WPT</type>
      <extensions>
        <opencpn:guid>69cb7433-5874-447d-810c-df6668493c67</opencpn:guid>
        <opencpn:auto_name>1</opencpn:auto_name>
        <opencpn:arrival_radius>0.050</opencpn:arrival_radius>
        <opencpn:waypoint_range_rings visible="false" number="0" step="1" units="0" colour="#FF0000" />
        <opencpn:scale_min_max UseScale="false" ScaleMin="2147483646" ScaleMax="0" />
      </extensions>
    </rtept>
    <rtept lat="64.087573926" lon="-22.465774156">
      <time>2025-09-14T16:01:06Z</time>
      <name>005</name>
      <sym>diamond</sym>
      <type>WPT</type>
      <extensions>
        <opencpn:guid>3e7e9fa5-d645-430c-b51d-88997e6c4693</opencpn:guid>
        <opencpn:auto_name>1</opencpn:auto_name>
        <opencpn:arrival_radius>0.050</opencpn:arrival_radius>
        <opencpn:waypoint_range_rings visible="false" number="0" step="1" units="0" colour="#FF0000" />
        <opencpn:scale_min_max UseScale="false" ScaleMin="2147483646" ScaleMax="0" />
      </extensions>
    </rtept>
  </rte>
  <trk>
    <extensions>
      <opencpn:guid>073a0000-432e-4a87-829a-a0f35227ffff</opencpn:guid>
      <opencpn:viz>1</opencpn:viz>
    </extensions>
    <trkseg>
      <trkpt lat="64.080528333" lon="-22.257445000">
        <time>2025-09-05T20:57:35Z</time>
      </trkpt>
      <trkpt lat="64.117737317" lon="-22.358212267">
        <time>2025-09-05T21:17:10Z</time>
      </trkpt>
      <trkpt lat="64.220262533" lon="-22.627691133">
        <time>2025-09-05T22:10:00Z</time>
      </trkpt>
      <trkpt lat="64.335116667" lon="-22.929708333">
        <time>2025-09-05T23:10:51Z</time>
      </trkpt>
      <trkpt lat="64.346803717" lon="-22.961367683">
        <time>2025-09-05T23:17:09Z</time>
      </trkpt>
      <trkpt lat="64.363133333" lon="-23.003850000">
        <time>2025-09-05T23:26:08Z</time>
      </trkpt>
      <trkpt lat="64.587034167" lon="-23.598324733">
        <time>2025-09-06T01:25:23Z</time>
      </trkpt>
      <trkpt lat="64.607191667" lon="-23.651508333">
        <time>2025-09-06T01:35:59Z</time>
      </trkpt>
      <trkpt lat="64.619552533" lon="-23.685322167">
        <time>2025-09-06T01:42:32Z</time>
      </trkpt>
      <trkpt lat="64.654256667" lon="-23.777365000">
        <time>2025-09-06T02:00:55Z</time>
      </trkpt>
      <trkpt lat="64.670643350" lon="-23.821771983">
        <time>2025-09-06T02:09:28Z</time>
      </trkpt>
      <trkpt lat="64.693401667" lon="-23.882031667">
        <time>2025-09-06T02:21:24Z</time>
      </trkpt>
      <trkpt lat="64.735424583" lon="-23.995331850">
        <time>2025-09-06T02:42:59Z</time>
      </trkpt>
      <trkpt lat="64.736363300" lon="-23.996961983">
        <time>2025-09-06T02:43:23Z</time>
      </trkpt>
      <trkpt lat="64.744249917" lon="-24.003030317">
        <time>2025-09-06T02:46:12Z</time>
      </trkpt>
      <trkpt lat="64.748168333" lon="-24.004996667">
        <time>2025-09-06T02:47:41Z</time>
      </trkpt>
      <trkpt lat="64.752727050" lon="-24.008298083">
        <time>2025-09-06T02:49:09Z</time>
      </trkpt>
      <trkpt lat="64.817485733" lon="-24.065043200">
        <time>2025-09-06T03:12:13Z</time>
      </trkpt>
      <trkpt lat="64.848581667" lon="-24.091790000">
        <time>2025-09-06T03:23:29Z</time>
      </trkpt>
      <trkpt lat="64.880964217" lon="-24.120619783">
        <time>2025-09-06T03:35:09Z</time>
      </trkpt>
      <trkpt lat="64.914330000" lon="-24.149155000">
        <time>2025-09-06T03:47:21Z</time>
      </trkpt>
      <trkpt lat="64.949668283" lon="-24.180658450">
        <time>2025-09-06T03:59:46Z</time>
      </trkpt>
      <trkpt lat="64.979621667" lon="-24.206538333">
        <time>2025-09-06T04:10:45Z</time>
      </trkpt>
      <trkpt lat="64.994643733" lon="-24.220084350">
        <time>2025-09-06T04:16:07Z</time>
      </trkpt>
      <trkpt lat="65.155540000" lon="-24.361296667">
        <time>2025-09-06T05:15:25Z</time>
      </trkpt>
      <trkpt lat="65.175288783" lon="-24.379293250">
        <time>2025-09-06T05:22:37Z</time>
      </trkpt>
      <trkpt lat="65.202883050" lon="-24.403189717">
        <time>2025-09-06T05:32:46Z</time>
      </trkpt>
      <trkpt lat="65.205035000" lon="-24.403326667">
        <time>2025-09-06T05:33:42Z</time>
      </trkpt>
      <trkpt lat="65.208206517" lon="-24.404669283">
        <time>2025-09-06T05:34:46Z</time>
      </trkpt>
      <trkpt lat="65.211315017" lon="-24.406628800">
        <time>2025-09-06T05:35:59Z</time>
      </trkpt>
      <trkpt lat="65.215235000" lon="-24.409828333">
        <time>2025-09-06T05:37:35Z</time>
      </trkpt>
      <trkpt lat="65.244662800" lon="-24.436832850">
        <time>2025-09-06T05:48:23Z</time>
      </trkpt>
      <trkpt lat="65.343863333" lon="-24.523745000">
        <time>2025-09-06T06:25:05Z</time>
      </trkpt>
      <trkpt lat="65.383170000" lon="-24.558776667">
        <time>2025-09-06T06:39:39Z</time>
      </trkpt>
      <trkpt lat="65.465133333" lon="-24.630866667">
        <time>2025-09-06T07:10:12Z</time>
      </trkpt>
      <trkpt lat="65.524522083" lon="-24.683862483">
        <time>2025-09-06T07:36:12Z</time>
      </trkpt>
      <trkpt lat="65.534540000" lon="-24.692220000">
        <time>2025-09-06T07:41:32Z</time>
      </trkpt>
      <trkpt lat="65.548358333" lon="-24.704650000">
        <time>2025-09-06T07:48:52Z</time>
      </trkpt>
      <trkpt lat="65.549253333" lon="-24.704825000">
        <time>2025-09-06T07:49:25Z</time>
      </trkpt>
      <trkpt lat="65.551488333" lon="-24.703190000">
        <time>2025-09-06T07:50:45Z</time>
      </trkpt>
      <trkpt lat="65.554340000" lon="-24.700115000">
        <time>2025-09-06T07:52:29Z</time>
      </trkpt>
      <trkpt lat="65.556697233" lon="-24.696676267">
        <time>2025-09-06T07:53:49Z</time>
      </trkpt>
      <trkpt lat="65.563675000" lon="-24.684370000">
        <time>2025-09-06T07:58:06Z</time>
      </trkpt>
      <trkpt lat="65.588443333" lon="-24.643270000">
        <time>2025-09-06T08:10:06Z</time>
      </trkpt>
      <trkpt lat="65.655275000" lon="-24.534598333">
        <time>2025-09-06T08:42:31Z</time>
      </trkpt>
      <trkpt lat="65.664965117" lon="-24.519288733">
        <time>2025-09-06T08:47:35Z</time>
      </trkpt>
      <trkpt lat="65.696728333" lon="-24.467173333">
        <time>2025-09-06T09:03:52Z</time>
      </trkpt>
      <trkpt lat="65.887251200" lon="-24.156043717">
        <time>2025-09-06T10:38:45Z</time>
      </trkpt>
      <trkpt lat="65.893888333" lon="-24.144755000">
        <time>2025-09-06T10:42:15Z</time>
      </trkpt>
      <trkpt lat="65.918197767" lon="-24.105360033">
        <time>2025-09-06T10:54:26Z</time>
      </trkpt>
      <trkpt lat="65.937740000" lon="-24.072623333">
        <time>2025-09-06T11:04:44Z</time>
      </trkpt>
      <trkpt lat="66.004118500" lon="-23.963574517">
        <time>2025-09-06T11:39:51Z</time>
      </trkpt>
      <trkpt lat="66.005563333" lon="-23.960736667">
        <time>2025-09-06T11:40:55Z</time>
      </trkpt>
      <trkpt lat="66.011714550" lon="-23.951122733">
        <time>2025-09-06T11:44:15Z</time>
      </trkpt>
      <trkpt lat="66.026481667" lon="-23.926450000">
        <time>2025-09-06T11:52:28Z</time>
      </trkpt>
      <trkpt lat="66.039947450" lon="-23.904736700">
        <time>2025-09-06T11:59:43Z</time>
      </trkpt>
      <trkpt lat="66.057175000" lon="-23.875626667">
        <time>2025-09-06T12:09:55Z</time>
      </trkpt>
      <trkpt lat="66.076936350" lon="-23.843588250">
        <time>2025-09-06T12:21:50Z</time>
      </trkpt>
      <trkpt lat="66.093551833" lon="-23.815750300">
        <time>2025-09-06T12:31:38Z</time>
      </trkpt>
    </trkseg>
  </trk>
  <trk>
    <extensions>
      <opencpn:guid>527450eb-a4d9-43ec-849e-bc063f5e0c76</opencpn:guid>
      <opencpn:viz>1</opencpn:viz>
    </extensions>
    <trkseg>
      <trkpt lat="66.822300000" lon="-26.633900000">
        <time>2025-08-19T14:40:40Z</time>
      </trkpt>
      <trkpt lat="66.822300000" lon="-26.633900000">
        <time>2025-08-19T14:40:45Z</time>
      </trkpt>
    </trkseg>
  </trk>
  <trk>
    <extensions>
      <opencpn:guid>05a10000-6e50-4da0-a0fd-fbad2e080000</opencpn:guid>
      <opencpn:viz>1</opencpn:viz>
    </extensions>
    <trkseg>
      <trkpt lat="66.102616000" lon="-23.800608533">
        <time>2025-09-06T12:36:58Z</time>
      </trkpt>
      <trkpt lat="66.114408333" lon="-23.780751667">
        <time>2025-09-06T12:43:40Z</time>
      </trkpt>
      <trkpt lat="66.122827250" lon="-23.767414833">
        <time>2025-09-06T12:48:21Z</time>
      </trkpt>
      <trkpt lat="66.166031367" lon="-23.695885333">
        <time>2025-09-06T13:13:58Z</time>
      </trkpt>
      <trkpt lat="66.180871667" lon="-23.670710000">
        <time>2025-09-06T13:23:35Z</time>
      </trkpt>
      <trkpt lat="66.200233700" lon="-23.639212083">
        <time>2025-09-06T13:35:21Z</time>
      </trkpt>
      <trkpt lat="66.217207567" lon="-23.610832267">
        <time>2025-09-06T13:45:24Z</time>
      </trkpt>
      <trkpt lat="66.222651667" lon="-23.601168333">
        <time>2025-09-06T13:48:44Z</time>
      </trkpt>
      <trkpt lat="66.236519550" lon="-23.578660550">
        <time>2025-09-06T13:57:00Z</time>
      </trkpt>
      <trkpt lat="66.267255000" lon="-23.526855000">
        <time>2025-09-06T14:15:32Z</time>
      </trkpt>
      <trkpt lat="66.283123333" lon="-23.501098333">
        <time>2025-09-06T14:25:09Z</time>
      </trkpt>
      <trkpt lat="66.323928333" lon="-23.431863333">
        <time>2025-09-06T14:49:25Z</time>
      </trkpt>
      <trkpt lat="66.329906783" lon="-23.422721783">
        <time>2025-09-06T14:52:53Z</time>
      </trkpt>
      <trkpt lat="66.342458333" lon="-23.401651667">
        <time>2025-09-06T15:00:23Z</time>
      </trkpt>
      <trkpt lat="66.348250000" lon="-23.392720000">
        <time>2025-09-06T15:03:59Z</time>
      </trkpt>
      <trkpt lat="66.362761667" lon="-23.367895000">
        <time>2025-09-06T15:12:24Z</time>
      </trkpt>
      <trkpt lat="66.369466267" lon="-23.357071417">
        <time>2025-09-06T15:16:16Z</time>
      </trkpt>
      <trkpt lat="66.393533200" lon="-23.315977117">
        <time>2025-09-06T15:29:52Z</time>
      </trkpt>
      <trkpt lat="66.418306667" lon="-23.274583333">
        <time>2025-09-06T15:44:10Z</time>
      </trkpt>
      <trkpt lat="66.431791667" lon="-23.252465000">
        <time>2025-09-06T15:52:18Z</time>
      </trkpt>
      <trkpt lat="66.433781667" lon="-23.246003333">
        <time>2025-09-06T15:53:54Z</time>
      </trkpt>
      <trkpt lat="66.439273217" lon="-23.230763550">
        <time>2025-09-06T15:57:56Z</time>
      </trkpt>
      <trkpt lat="66.458262200" lon="-23.175547500">
        <time>2025-09-06T16:11:13Z</time>
      </trkpt>
      <trkpt lat="66.461434967" lon="-23.159218500">
        <time>2025-09-06T16:14:18Z</time>
      </trkpt>
      <trkpt lat="66.475168333" lon="-23.070408333">
        <time>2025-09-06T16:29:44Z</time>
      </trkpt>
      <trkpt lat="66.480449217" lon="-23.037523133">
        <time>2025-09-06T16:35:14Z</time>
      </trkpt>
      <trkpt lat="66.491545000" lon="-22.964800000">
        <time>2025-09-06T16:47:35Z</time>
      </trkpt>
      <trkpt lat="66.494089367" lon="-22.949266617">
        <time>2025-09-06T16:50:08Z</time>
      </trkpt>
      <trkpt lat="66.500000000" lon="-22.909610000">
        <time>2025-09-06T16:56:43Z</time>
      </trkpt>
      <trkpt lat="66.517983333" lon="-22.793350000">
        <time>2025-09-06T17:15:55Z</time>
      </trkpt>
      <trkpt lat="66.525257750" lon="-22.747692100">
        <time>2025-09-06T17:23:09Z</time>
      </trkpt>
      <trkpt lat="66.527020000" lon="-22.735150000">
        <time>2025-09-06T17:25:10Z</time>
      </trkpt>
      <trkpt lat="66.531376983" lon="-22.708278917">
        <time>2025-09-06T17:29:20Z</time>
      </trkpt>
      <trkpt lat="66.538478333" lon="-22.661165000">
        <time>2025-09-06T17:36:58Z</time>
      </trkpt>
      <trkpt lat="66.540765933" lon="-22.647315900">
        <time>2025-09-06T17:39:07Z</time>
      </trkpt>
      <trkpt lat="66.546073333" lon="-22.611533333">
        <time>2025-09-06T17:44:53Z</time>
      </trkpt>
      <trkpt lat="66.573839183" lon="-22.432842283">
        <time>2025-09-06T18:12:48Z</time>
      </trkpt>
      <trkpt lat="66.607373333" lon="-22.214956667">
        <time>2025-09-06T18:46:17Z</time>
      </trkpt>
      <trkpt lat="66.607897033" lon="-22.213925517">
        <time>2025-09-06T18:46:33Z</time>
      </trkpt>
      <trkpt lat="66.608391800" lon="-22.213684050">
        <time>2025-09-06T18:46:57Z</time>
      </trkpt>
      <trkpt lat="66.612215000" lon="-22.220258333">
        <time>2025-09-06T18:49:46Z</time>
      </trkpt>
      <trkpt lat="66.715825433" lon="-22.414552600">
        <time>2025-09-06T19:42:58Z</time>
      </trkpt>
      <trkpt lat="66.727960000" lon="-22.436755000">
        <time>2025-09-06T19:49:15Z</time>
      </trkpt>
      <trkpt lat="66.744390083" lon="-22.468118717">
        <time>2025-09-06T19:57:16Z</time>
      </trkpt>
      <trkpt lat="66.750961667" lon="-22.480010000">
        <time>2025-09-06T20:00:45Z</time>
      </trkpt>
      <trkpt lat="66.776706317" lon="-22.528927767">
        <time>2025-09-06T20:14:06Z</time>
      </trkpt>
      <trkpt lat="66.803176667" lon="-22.578246667">
        <time>2025-09-06T20:27:44Z</time>
      </trkpt>
      <trkpt lat="66.822270483" lon="-22.614624117">
        <time>2025-09-06T20:37:23Z</time>
      </trkpt>
      <trkpt lat="66.824805000" lon="-22.618870000">
        <time>2025-09-06T20:38:59Z</time>
      </trkpt>
      <trkpt lat="66.847530417" lon="-22.662245833">
        <time>2025-09-06T20:52:22Z</time>
      </trkpt>
      <trkpt lat="66.877796667" lon="-22.718988333">
        <time>2025-09-06T21:10:42Z</time>
      </trkpt>
      <trkpt lat="66.897184250" lon="-22.756206283">
        <time>2025-09-06T21:22:37Z</time>
      </trkpt>
      <trkpt lat="66.914815000" lon="-22.788810000">
        <time>2025-09-06T21:33:51Z</time>
      </trkpt>
      <trkpt lat="66.942715017" lon="-22.842323667">
        <time>2025-09-06T21:51:15Z</time>
      </trkpt>
      <trkpt lat="66.963805283" lon="-22.882126567">
        <time>2025-09-06T22:04:29Z</time>
      </trkpt>
      <trkpt lat="66.964409283" lon="-22.883883233">
        <time>2025-09-06T22:05:09Z</time>
      </trkpt>
      <trkpt lat="66.972933333" lon="-22.898910000">
        <time>2025-09-06T22:12:06Z</time>
      </trkpt>
      <trkpt lat="66.980288333" lon="-22.913335000">
        <time>2025-09-06T22:18:16Z</time>
      </trkpt>
      <trkpt lat="66.984301667" lon="-22.920323333">
        <time>2025-09-06T22:21:29Z</time>
      </trkpt>
      <trkpt lat="66.994940000" lon="-22.941271667">
        <time>2025-09-06T22:30:42Z</time>
      </trkpt>
      <trkpt lat="67.001323333" lon="-22.952615000">
        <time>2025-09-06T22:36:03Z</time>
      </trkpt>
      <trkpt lat="67.009073333" lon="-22.967456667">
        <time>2025-09-06T22:42:20Z</time>
      </trkpt>
      <trkpt lat="67.009473333" lon="-22.967626667">
        <time>2025-09-06T22:42:52Z</time>
      </trkpt>
      <trkpt lat="67.009785000" lon="-22.966976667">
        <time>2025-09-06T22:43:49Z</time>
      </trkpt>
      <trkpt lat="67.009711667" lon="-22.964966667">
        <time>2025-09-06T22:45:49Z</time>
      </trkpt>
      <trkpt lat="67.007776667" lon="-22.962588333">
        <time>2025-09-06T22:52:46Z</time>
      </trkpt>
      <trkpt lat="67.007976667" lon="-22.961648333">
        <time>2025-09-06T22:55:51Z</time>
      </trkpt>
      <trkpt lat="67.008880000" lon="-22.960506667">
        <time>2025-09-06T22:59:04Z</time>
      </trkpt>
      <trkpt lat="67.009203333" lon="-22.960728333">
        <time>2025-09-06T23:00:16Z</time>
      </trkpt>
      <trkpt lat="67.009355000" lon="-22.959861667">
        <time>2025-09-06T23:03:53Z</time>
      </trkpt>
      <trkpt lat="67.012813333" lon="-22.971491667">
        <time>2025-09-06T23:09:14Z</time>
      </trkpt>
      <trkpt lat="67.013680000" lon="-22.973088333">
        <time>2025-09-06T23:10:02Z</time>
      </trkpt>
      <trkpt lat="67.014561667" lon="-22.976620000">
        <time>2025-09-06T23:11:15Z</time>
      </trkpt>
      <trkpt lat="67.018231667" lon="-22.985746667">
        <time>2025-09-06T23:15:16Z</time>
      </trkpt>
      <trkpt lat="67.021280000" lon="-22.991745000">
        <time>2025-09-06T23:17:56Z</time>
      </trkpt>
      <trkpt lat="67.027153333" lon="-23.001980000">
        <time>2025-09-06T23:22:22Z</time>
      </trkpt>
      <trkpt lat="67.028981667" lon="-23.006140000">
        <time>2025-09-06T23:23:50Z</time>
      </trkpt>
      <trkpt lat="67.043171667" lon="-23.032331667">
        <time>2025-09-06T23:34:32Z</time>
      </trkpt>
      <trkpt lat="67.052229467" lon="-23.049948233">
        <time>2025-09-06T23:41:29Z</time>
      </trkpt>
      <trkpt lat="67.059343333" lon="-23.062828333">
        <time>2025-09-06T23:46:42Z</time>
      </trkpt>
      <trkpt lat="67.070076933" lon="-23.084170033">
        <time>2025-09-06T23:55:23Z</time>
      </trkpt>
      <trkpt lat="67.075776667" lon="-23.094213333">
        <time>2025-09-06T23:59:48Z</time>
      </trkpt>
      <trkpt lat="67.102883100" lon="-23.146663867">
        <time>2025-09-07T00:19:20Z</time>
      </trkpt>
      <trkpt lat="67.107560000" lon="-23.154945000">
        <time>2025-09-07T00:22:41Z</time>
      </trkpt>
      <trkpt lat="67.108171967" lon="-23.156689850">
        <time>2025-09-07T00:23:13Z</time>
      </trkpt>
      <trkpt lat="67.118968333" lon="-23.176610000">
        <time>2025-09-07T00:31:15Z</time>
      </trkpt>
      <trkpt lat="67.135210967" lon="-23.208367283">
        <time>2025-09-07T00:43:33Z</time>
      </trkpt>
      <trkpt lat="67.151556667" lon="-23.239203333">
        <time>2025-09-07T00:55:36Z</time>
      </trkpt>
      <trkpt lat="67.170964583" lon="-23.277455650">
        <time>2025-09-07T01:10:10Z</time>
      </trkpt>
      <trkpt lat="67.181996667" lon="-23.297780000">
        <time>2025-09-07T01:19:00Z</time>
      </trkpt>
      <trkpt lat="67.193864017" lon="-23.321253750">
        <time>2025-09-07T01:28:13Z</time>
      </trkpt>
      <trkpt lat="67.196640000" lon="-23.326191667">
        <time>2025-09-07T01:30:30Z</time>
      </trkpt>
      <trkpt lat="67.199126667" lon="-23.331818333">
        <time>2025-09-07T01:32:30Z</time>
      </trkpt>
      <trkpt lat="67.201915000" lon="-23.336575000">
        <time>2025-09-07T01:34:39Z</time>
      </trkpt>
      <trkpt lat="67.228118333" lon="-23.386463333">
        <time>2025-09-07T01:55:07Z</time>
      </trkpt>
      <trkpt lat="67.229613100" lon="-23.389825000">
        <time>2025-09-07T01:56:11Z</time>
      </trkpt>
      <trkpt lat="67.232600000" lon="-23.395066667">
        <time>2025-09-07T01:58:36Z</time>
      </trkpt>
      <trkpt lat="67.274461667" lon="-23.476086667">
        <time>2025-09-07T02:30:17Z</time>
      </trkpt>
      <trkpt lat="67.274723317" lon="-23.477754750">
        <time>2025-09-07T02:32:33Z</time>
      </trkpt>
      <trkpt lat="67.274414433" lon="-23.480928983">
        <time>2025-09-07T02:35:22Z</time>
      </trkpt>
      <trkpt lat="67.274523333" lon="-23.482726667">
        <time>2025-09-07T02:37:14Z</time>
      </trkpt>
      <trkpt lat="67.274723683" lon="-23.483116400">
        <time>2025-09-07T02:37:38Z</time>
      </trkpt>
      <trkpt lat="67.274410000" lon="-23.485560000">
        <time>2025-09-07T02:40:35Z</time>
      </trkpt>
      <trkpt lat="67.274491700" lon="-23.486631450">
        <time>2025-09-07T02:41:23Z</time>
      </trkpt>
      <trkpt lat="67.274063333" lon="-23.489326667">
        <time>2025-09-07T02:44:44Z</time>
      </trkpt>
      <trkpt lat="67.274132033" lon="-23.492256550">
        <time>2025-09-07T02:47:49Z</time>
      </trkpt>
      <trkpt lat="67.273838167" lon="-23.492722750">
        <time>2025-09-07T02:49:09Z</time>
      </trkpt>
      <trkpt lat="67.274191450" lon="-23.494547050">
        <time>2025-09-07T02:51:33Z</time>
      </trkpt>
      <trkpt lat="67.274205000" lon="-23.496151667">
        <time>2025-09-07T02:53:34Z</time>
      </trkpt>
      <trkpt lat="67.274407783" lon="-23.497793650">
        <time>2025-09-07T02:55:10Z</time>
      </trkpt>
      <trkpt lat="67.277937633" lon="-23.494971350">
        <time>2025-09-07T02:58:15Z</time>
      </trkpt>
      <trkpt lat="67.279126667" lon="-23.494491667">
        <time>2025-09-07T02:59:11Z</time>
      </trkpt>
      <trkpt lat="67.282786667" lon="-23.497215000">
        <time>2025-09-07T03:01:20Z</time>
      </trkpt>
      <trkpt lat="67.287285000" lon="-23.502541667">
        <time>2025-09-07T03:04:25Z</time>
      </trkpt>
      <trkpt lat="67.290409350" lon="-23.508694567">
        <time>2025-09-07T03:06:41Z</time>
      </trkpt>
      <trkpt lat="67.293244533" lon="-23.513216350">
        <time>2025-09-07T03:08:25Z</time>
      </trkpt>
      <trkpt lat="67.299618117" lon="-23.525137083">
        <time>2025-09-07T03:13:06Z</time>
      </trkpt>
      <trkpt lat="67.321902050" lon="-23.563258083">
        <time>2025-09-07T03:26:04Z</time>
      </trkpt>
      <trkpt lat="67.322975000" lon="-23.564040000">
        <time>2025-09-07T03:27:33Z</time>
      </trkpt>
      <trkpt lat="67.324098433" lon="-23.567692250">
        <time>2025-09-07T03:31:17Z</time>
      </trkpt>
      <trkpt lat="67.324761700" lon="-23.572016517">
        <time>2025-09-07T03:36:30Z</time>
      </trkpt>
      <trkpt lat="67.324583333" lon="-23.572176667">
        <time>2025-09-07T03:37:18Z</time>
      </trkpt>
      <trkpt lat="67.325028683" lon="-23.574929617">
        <time>2025-09-07T03:40:06Z</time>
      </trkpt>
      <trkpt lat="67.324636667" lon="-23.580616667">
        <time>2025-09-07T03:44:55Z</time>
      </trkpt>
      <trkpt lat="67.324794150" lon="-23.585701300">
        <time>2025-09-07T03:48:55Z</time>
      </trkpt>
      <trkpt lat="67.324471667" lon="-23.590298333">
        <time>2025-09-07T03:52:40Z</time>
      </trkpt>
      <trkpt lat="67.324615000" lon="-23.591825000">
        <time>2025-09-07T03:53:20Z</time>
      </trkpt>
      <trkpt lat="67.325006667" lon="-23.592813333">
        <time>2025-09-07T03:53:52Z</time>
      </trkpt>
      <trkpt lat="67.326908883" lon="-23.593268817">
        <time>2025-09-07T03:55:28Z</time>
      </trkpt>
      <trkpt lat="67.331438333" lon="-23.591983333">
        <time>2025-09-07T03:58:25Z</time>
      </trkpt>
      <trkpt lat="67.333012250" lon="-23.591912650">
        <time>2025-09-07T03:59:13Z</time>
      </trkpt>
      <trkpt lat="67.334215000" lon="-23.592236667">
        <time>2025-09-07T04:00:01Z</time>
      </trkpt>
      <trkpt lat="67.336086667" lon="-23.595058333">
        <time>2025-09-07T04:01:14Z</time>
      </trkpt>
      <trkpt lat="67.337351667" lon="-23.597865000">
        <time>2025-09-07T04:02:10Z</time>
      </trkpt>
      <trkpt lat="67.341538667" lon="-23.604093967">
        <time>2025-09-07T04:04:34Z</time>
      </trkpt>
      <trkpt lat="67.346243050" lon="-23.613669783">
        <time>2025-09-07T04:07:23Z</time>
      </trkpt>
      <trkpt lat="67.353160017" lon="-23.626654283">
        <time>2025-09-07T04:11:16Z</time>
      </trkpt>
      <trkpt lat="67.356383333" lon="-23.633440000">
        <time>2025-09-07T04:13:32Z</time>
      </trkpt>
      <trkpt lat="67.361108167" lon="-23.641890633">
        <time>2025-09-07T04:16:12Z</time>
      </trkpt>
      <trkpt lat="67.396788917" lon="-23.711198267">
        <time>2025-09-07T04:37:37Z</time>
      </trkpt>
      <trkpt lat="67.407000000" lon="-23.730261667">
        <time>2025-09-07T04:43:54Z</time>
      </trkpt>
      <trkpt lat="67.423308167" lon="-23.762169117">
        <time>2025-09-07T04:53:31Z</time>
      </trkpt>
      <trkpt lat="67.426678817" lon="-23.768224183">
        <time>2025-09-07T04:55:31Z</time>
      </trkpt>
      <trkpt lat="67.451251217" lon="-23.815570150">
        <time>2025-09-07T05:10:47Z</time>
      </trkpt>
      <trkpt lat="67.451770917" lon="-23.815701300">
        <time>2025-09-07T05:11:19Z</time>
      </trkpt>
      <trkpt lat="67.452133317" lon="-23.815305600">
        <time>2025-09-07T05:12:07Z</time>
      </trkpt>
      <trkpt lat="67.452061667" lon="-23.814848333">
        <time>2025-09-07T05:13:27Z</time>
      </trkpt>
      <trkpt lat="67.452968417" lon="-23.816737883">
        <time>2025-09-07T05:17:20Z</time>
      </trkpt>
      <trkpt lat="67.452800000" lon="-23.817705000">
        <time>2025-09-07T05:19:21Z</time>
      </trkpt>
      <trkpt lat="67.452795000" lon="-23.819561667">
        <time>2025-09-07T05:22:34Z</time>
      </trkpt>
      <trkpt lat="67.453003767" lon="-23.821285367">
        <time>2025-09-07T05:24:42Z</time>
      </trkpt>
      <trkpt lat="67.453330833" lon="-23.821980333">
        <time>2025-09-07T05:27:39Z</time>
      </trkpt>
      <trkpt lat="67.453406633" lon="-23.823612667">
        <time>2025-09-07T05:30:52Z</time>
      </trkpt>
      <trkpt lat="67.453048383" lon="-23.825032250">
        <time>2025-09-07T05:32:52Z</time>
      </trkpt>
      <trkpt lat="67.452947500" lon="-23.826031267">
        <time>2025-09-07T05:33:57Z</time>
      </trkpt>
      <trkpt lat="67.453129067" lon="-23.826416667">
        <time>2025-09-07T05:34:29Z</time>
      </trkpt>
      <trkpt lat="67.453599750" lon="-23.826080150">
        <time>2025-09-07T05:35:57Z</time>
      </trkpt>
      <trkpt lat="67.453275000" lon="-23.825765000">
        <time>2025-09-07T05:38:06Z</time>
      </trkpt>
      <trkpt lat="67.453848433" lon="-23.825569000">
        <time>2025-09-07T05:39:58Z</time>
      </trkpt>
      <trkpt lat="67.454020433" lon="-23.826044183">
        <time>2025-09-07T05:42:07Z</time>
      </trkpt>
      <trkpt lat="67.456725000" lon="-23.825700000">
        <time>2025-09-07T05:45:44Z</time>
      </trkpt>
      <trkpt lat="67.457391667" lon="-23.825966667">
        <time>2025-09-07T05:46:08Z</time>
      </trkpt>
      <trkpt lat="67.461209117" lon="-23.834621683">
        <time>2025-09-07T05:48:32Z</time>
      </trkpt>
      <trkpt lat="67.469894167" lon="-23.851993367">
        <time>2025-09-07T05:53:36Z</time>
      </trkpt>
      <trkpt lat="67.510658283" lon="-23.930455933">
        <time>2025-09-07T06:17:08Z</time>
      </trkpt>
      <trkpt lat="67.553531667" lon="-24.013721667">
        <time>2025-09-07T06:42:25Z</time>
      </trkpt>
      <trkpt lat="67.554151667" lon="-24.013570000">
        <time>2025-09-07T06:43:38Z</time>
      </trkpt>
      <trkpt lat="67.554484117" lon="-24.015004150">
        <time>2025-09-07T06:46:58Z</time>
      </trkpt>
      <trkpt lat="67.554253333" lon="-24.016618333">
        <time>2025-09-07T06:49:23Z</time>
      </trkpt>
      <trkpt lat="67.554271667" lon="-24.017910000">
        <time>2025-09-07T06:50:35Z</time>
      </trkpt>
      <trkpt lat="67.554726667" lon="-24.018768333">
        <time>2025-09-07T06:52:52Z</time>
      </trkpt>
      <trkpt lat="67.554741667" lon="-24.019676667">
        <time>2025-09-07T06:56:45Z</time>
      </trkpt>
      <trkpt lat="67.555271667" lon="-24.021541667">
        <time>2025-09-07T07:00:22Z</time>
      </trkpt>
      <trkpt lat="67.555011667" lon="-24.023051667">
        <time>2025-09-07T07:03:51Z</time>
      </trkpt>
      <trkpt lat="67.554920000" lon="-24.025380000">
        <time>2025-09-07T07:06:23Z</time>
      </trkpt>
      <trkpt lat="67.555290000" lon="-24.026251667">
        <time>2025-09-07T07:09:20Z</time>
      </trkpt>
      <trkpt lat="67.556775000" lon="-24.025098333">
        <time>2025-09-07T07:11:52Z</time>
      </trkpt>
      <trkpt lat="67.560521667" lon="-24.026601667">
        <time>2025-09-07T07:14:41Z</time>
      </trkpt>
      <trkpt lat="67.562170000" lon="-24.030583333">
        <time>2025-09-07T07:16:01Z</time>
      </trkpt>
      <trkpt lat="67.589018333" lon="-24.083188333">
        <time>2025-09-07T07:31:09Z</time>
      </trkpt>
      <trkpt lat="67.616686667" lon="-24.136041667">
        <time>2025-09-07T07:45:35Z</time>
      </trkpt>
      <trkpt lat="67.640773333" lon="-24.183200000">
        <time>2025-09-07T07:58:17Z</time>
      </trkpt>
      <trkpt lat="67.654916667" lon="-24.210125000">
        <time>2025-09-07T08:05:30Z</time>
      </trkpt>
      <trkpt lat="67.729603800" lon="-24.355325633">
        <time>2025-09-07T08:43:30Z</time>
      </trkpt>
      <trkpt lat="67.730114483" lon="-24.355309833">
        <time>2025-09-07T08:44:10Z</time>
      </trkpt>
      <trkpt lat="67.730390000" lon="-24.354305000">
        <time>2025-09-07T08:47:14Z</time>
      </trkpt>
      <trkpt lat="67.730997517" lon="-24.354922600">
        <time>2025-09-07T08:50:03Z</time>
      </trkpt>
      <trkpt lat="67.731216667" lon="-24.356235000">
        <time>2025-09-07T08:52:36Z</time>
      </trkpt>
      <trkpt lat="67.731833333" lon="-24.356946667">
        <time>2025-09-07T08:54:36Z</time>
      </trkpt>
      <trkpt lat="67.733011650" lon="-24.356650617">
        <time>2025-09-07T08:58:12Z</time>
      </trkpt>
      <trkpt lat="67.733325000" lon="-24.356828333">
        <time>2025-09-07T08:59:48Z</time>
      </trkpt>
      <trkpt lat="67.733638333" lon="-24.359235000">
        <time>2025-09-07T09:04:22Z</time>
      </trkpt>
      <trkpt lat="67.734351667" lon="-24.360783333">
        <time>2025-09-07T09:07:26Z</time>
      </trkpt>
      <trkpt lat="67.735020000" lon="-24.360686667">
        <time>2025-09-07T09:09:42Z</time>
      </trkpt>
      <trkpt lat="67.735578333" lon="-24.361735000">
        <time>2025-09-07T09:13:59Z</time>
      </trkpt>
      <trkpt lat="67.736492600" lon="-24.361893517">
        <time>2025-09-07T09:15:43Z</time>
      </trkpt>
      <trkpt lat="67.736788650" lon="-24.361380383">
        <time>2025-09-07T09:16:39Z</time>
      </trkpt>
      <trkpt lat="67.736556667" lon="-24.359968333">
        <time>2025-09-07T09:17:59Z</time>
      </trkpt>
      <trkpt lat="67.736141667" lon="-24.359241667">
        <time>2025-09-07T09:18:31Z</time>
      </trkpt>
      <trkpt lat="67.735711667" lon="-24.359295000">
        <time>2025-09-07T09:18:55Z</time>
      </trkpt>
      <trkpt lat="67.735230000" lon="-24.360260000">
        <time>2025-09-07T09:19:28Z</time>
      </trkpt>
      <trkpt lat="67.735020000" lon="-24.361580000">
        <time>2025-09-07T09:19:52Z</time>
      </trkpt>
      <trkpt lat="67.735166667" lon="-24.363310000">
        <time>2025-09-07T09:20:24Z</time>
      </trkpt>
      <trkpt lat="67.736175000" lon="-24.365916667">
        <time>2025-09-07T09:21:28Z</time>
      </trkpt>
      <trkpt lat="67.736861667" lon="-24.370280000">
        <time>2025-09-07T09:22:24Z</time>
      </trkpt>
      <trkpt lat="67.764446517" lon="-24.425062400">
        <time>2025-09-07T09:35:47Z</time>
      </trkpt>
      <trkpt lat="67.775865000" lon="-24.446775000">
        <time>2025-09-07T09:41:25Z</time>
      </trkpt>
      <trkpt lat="67.785967817" lon="-24.466968133">
        <time>2025-09-07T09:46:14Z</time>
      </trkpt>
      <trkpt lat="67.801813333" lon="-24.497523333">
        <time>2025-09-07T09:53:52Z</time>
      </trkpt>
      <trkpt lat="67.821735833" lon="-24.537375283">
        <time>2025-09-07T10:03:14Z</time>
      </trkpt>
      <trkpt lat="67.842003333" lon="-24.576601667">
        <time>2025-09-07T10:12:45Z</time>
      </trkpt>
      <trkpt lat="67.858435083" lon="-24.609702633">
        <time>2025-09-07T10:20:38Z</time>
      </trkpt>
      <trkpt lat="67.879303333" lon="-24.650315000">
        <time>2025-09-07T10:30:41Z</time>
      </trkpt>
      <trkpt lat="67.888215000" lon="-24.668411667">
        <time>2025-09-07T10:35:05Z</time>
      </trkpt>
      <trkpt lat="67.889115000" lon="-24.670861667">
        <time>2025-09-07T10:35:37Z</time>
      </trkpt>
      <trkpt lat="67.889235000" lon="-24.672285000">
        <time>2025-09-07T10:35:54Z</time>
      </trkpt>
      <trkpt lat="67.889130000" lon="-24.673526667">
        <time>2025-09-07T10:36:10Z</time>
      </trkpt>
      <trkpt lat="67.878301667" lon="-24.716038333">
        <time>2025-09-07T10:44:28Z</time>
      </trkpt>
      <trkpt lat="67.878301667" lon="-24.717120000">
        <time>2025-09-07T10:44:44Z</time>
      </trkpt>
      <trkpt lat="67.878629750" lon="-24.717963533">
        <time>2025-09-07T10:45:00Z</time>
      </trkpt>
      <trkpt lat="67.879058400" lon="-24.717764033">
        <time>2025-09-07T10:45:32Z</time>
      </trkpt>
      <trkpt lat="67.879621483" lon="-24.716058083">
        <time>2025-09-07T10:46:28Z</time>
      </trkpt>
      <trkpt lat="67.880076667" lon="-24.713140000">
        <time>2025-09-07T10:47:48Z</time>
      </trkpt>
      <trkpt lat="67.880547267" lon="-24.711933350">
        <time>2025-09-07T10:48:20Z</time>
      </trkpt>
      <trkpt lat="67.882158133" lon="-24.704194983">
        <time>2025-09-07T10:51:50Z</time>
      </trkpt>
      <trkpt lat="67.883141250" lon="-24.698493233">
        <time>2025-09-07T10:54:30Z</time>
      </trkpt>
      <trkpt lat="67.884159683" lon="-24.690832950">
        <time>2025-09-07T10:57:59Z</time>
      </trkpt>
      <trkpt lat="67.884569950" lon="-24.685271733">
        <time>2025-09-07T11:00:48Z</time>
      </trkpt>
      <trkpt lat="67.884350000" lon="-24.684031667">
        <time>2025-09-07T11:02:01Z</time>
      </trkpt>
      <trkpt lat="67.884151033" lon="-24.678292967">
        <time>2025-09-07T11:05:14Z</time>
      </trkpt>
      <trkpt lat="67.883521667" lon="-24.673278333">
        <time>2025-09-07T11:07:47Z</time>
      </trkpt>
      <trkpt lat="67.881913400" lon="-24.650022767">
        <time>2025-09-07T11:13:33Z</time>
      </trkpt>
      <trkpt lat="67.881341900" lon="-24.644960150">
        <time>2025-09-07T11:15:01Z</time>
      </trkpt>
      <trkpt lat="67.880276667" lon="-24.640108333">
        <time>2025-09-07T11:18:30Z</time>
      </trkpt>
      <trkpt lat="67.874480483" lon="-24.608560000">
        <time>2025-09-07T11:34:01Z</time>
      </trkpt>
      <trkpt lat="67.873745000" lon="-24.607083333">
        <time>2025-09-07T11:36:41Z</time>
      </trkpt>
      <trkpt lat="67.873475817" lon="-24.605444800">
        <time>2025-09-07T11:37:30Z</time>
      </trkpt>
      <trkpt lat="67.872212650" lon="-24.602474900">
        <time>2025-09-07T11:39:54Z</time>
      </trkpt>
      <trkpt lat="67.870731667" lon="-24.600518333">
        <time>2025-09-07T11:42:51Z</time>
      </trkpt>
      <trkpt lat="67.868798333" lon="-24.595280000">
        <time>2025-09-07T11:46:52Z</time>
      </trkpt>
      <trkpt lat="67.867491317" lon="-24.589137433">
        <time>2025-09-07T11:50:29Z</time>
      </trkpt>
      <trkpt lat="67.866481117" lon="-24.585990433">
        <time>2025-09-07T11:52:45Z</time>
      </trkpt>
      <trkpt lat="67.865991433" lon="-24.585854567">
        <time>2025-09-07T11:53:09Z</time>
      </trkpt>
      <trkpt lat="67.864508783" lon="-24.587154567">
        <time>2025-09-07T11:54:05Z</time>
      </trkpt>
      <trkpt lat="67.862457367" lon="-24.590196783">
        <time>2025-09-07T11:55:09Z</time>
      </trkpt>
      <trkpt lat="67.859161667" lon="-24.597158333">
        <time>2025-09-07T11:56:54Z</time>
      </trkpt>
      <trkpt lat="67.857094150" lon="-24.602481517">
        <time>2025-09-07T11:57:58Z</time>
      </trkpt>
      <trkpt lat="67.856802167" lon="-24.604228650">
        <time>2025-09-07T11:58:22Z</time>
      </trkpt>
      <trkpt lat="67.856945833" lon="-24.605714917">
        <time>2025-09-07T11:58:46Z</time>
      </trkpt>
      <trkpt lat="67.864907650" lon="-24.622366683">
        <time>2025-09-07T12:03:11Z</time>
      </trkpt>
      <trkpt lat="67.913910000" lon="-24.718638333">
        <time>2025-09-07T12:26:52Z</time>
      </trkpt>
      <trkpt lat="67.955683933" lon="-24.801745683">
        <time>2025-09-07T12:45:52Z</time>
      </trkpt>
      <trkpt lat="67.968221667" lon="-24.826100000">
        <time>2025-09-07T12:51:38Z</time>
      </trkpt>
      <trkpt lat="67.998272167" lon="-24.885951233">
        <time>2025-09-07T13:05:24Z</time>
      </trkpt>
      <trkpt lat="67.998823633" lon="-24.886567167">
        <time>2025-09-07T13:05:48Z</time>
      </trkpt>
      <trkpt lat="67.999163033" lon="-24.886158550">
        <time>2025-09-07T13:06:21Z</time>
      </trkpt>
      <trkpt lat="67.999218667" lon="-24.885539200">
        <time>2025-09-07T13:07:01Z</time>
      </trkpt>
      <trkpt lat="67.999052517" lon="-24.884960967">
        <time>2025-09-07T13:08:13Z</time>
      </trkpt>
      <trkpt lat="67.998616667" lon="-24.885061667">
        <time>2025-09-07T13:09:50Z</time>
      </trkpt>
      <trkpt lat="67.998293717" lon="-24.886606850">
        <time>2025-09-07T13:14:55Z</time>
      </trkpt>
      <trkpt lat="67.998061817" lon="-24.886691400">
        <time>2025-09-07T13:17:27Z</time>
      </trkpt>
      <trkpt lat="67.997963383" lon="-24.890191700">
        <time>2025-09-07T13:30:33Z</time>
      </trkpt>
      <trkpt lat="67.997726667" lon="-24.890930000">
        <time>2025-09-07T13:33:05Z</time>
      </trkpt>
      <trkpt lat="67.997708333" lon="-24.891720000">
        <time>2025-09-07T13:35:06Z</time>
      </trkpt>
      <trkpt lat="67.998273333" lon="-24.892553333">
        <time>2025-09-07T13:36:10Z</time>
      </trkpt>
      <trkpt lat="67.999345967" lon="-24.892173683">
        <time>2025-09-07T13:37:14Z</time>
      </trkpt>
      <trkpt lat="67.999856817" lon="-24.892406533">
        <time>2025-09-07T13:37:38Z</time>
      </trkpt>
      <trkpt lat="68.001905533" lon="-24.895513117">
        <time>2025-09-07T13:38:58Z</time>
      </trkpt>
      <trkpt lat="68.002938883" lon="-24.898298950">
        <time>2025-09-07T13:39:38Z</time>
      </trkpt>
      <trkpt lat="68.006556900" lon="-24.906059467">
        <time>2025-09-07T13:41:31Z</time>
      </trkpt>
      <trkpt lat="68.018275000" lon="-24.928478333">
        <time>2025-09-07T13:47:15Z</time>
      </trkpt>
      <trkpt lat="68.028109367" lon="-24.948269183">
        <time>2025-09-07T13:51:48Z</time>
      </trkpt>
      <trkpt lat="68.062408333" lon="-25.014740000">
        <time>2025-09-07T14:07:35Z</time>
      </trkpt>
      <trkpt lat="68.090147017" lon="-25.069425383">
        <time>2025-09-07T14:19:41Z</time>
      </trkpt>
      <trkpt lat="68.120550000" lon="-25.128183333">
        <time>2025-09-07T14:33:07Z</time>
      </trkpt>
      <trkpt lat="68.145146667" lon="-25.176825000">
        <time>2025-09-07T14:44:15Z</time>
      </trkpt>
      <trkpt lat="68.145586667" lon="-25.177193333">
        <time>2025-09-07T14:44:39Z</time>
      </trkpt>
      <trkpt lat="68.146175000" lon="-25.176306667">
        <time>2025-09-07T14:46:16Z</time>
      </trkpt>
      <trkpt lat="68.146321667" lon="-25.176703333">
        <time>2025-09-07T14:47:36Z</time>
      </trkpt>
      <trkpt lat="68.145816500" lon="-25.179949683">
        <time>2025-09-07T14:51:37Z</time>
      </trkpt>
      <trkpt lat="68.143883333" lon="-25.187311667">
        <time>2025-09-07T15:01:07Z</time>
      </trkpt>
      <trkpt lat="68.143783933" lon="-25.189674917">
        <time>2025-09-07T15:03:47Z</time>
      </trkpt>
      <trkpt lat="68.143073333" lon="-25.191370000">
        <time>2025-09-07T15:06:52Z</time>
      </trkpt>
      <trkpt lat="68.143056283" lon="-25.192931667">
        <time>2025-09-07T15:08:52Z</time>
      </trkpt>
      <trkpt lat="68.142438333" lon="-25.194525000">
        <time>2025-09-07T15:11:40Z</time>
      </trkpt>
      <trkpt lat="68.142461667" lon="-25.195423333">
        <time>2025-09-07T15:12:45Z</time>
      </trkpt>
      <trkpt lat="68.142666667" lon="-25.195843333">
        <time>2025-09-07T15:13:41Z</time>
      </trkpt>
      <trkpt lat="68.146400000" lon="-25.191793333">
        <time>2025-09-07T15:20:38Z</time>
      </trkpt>
      <trkpt lat="68.150201667" lon="-25.189181667">
        <time>2025-09-07T15:29:21Z</time>
      </trkpt>
      <trkpt lat="68.159068333" lon="-25.185983333">
        <time>2025-09-07T15:47:39Z</time>
      </trkpt>
      <trkpt lat="68.160603333" lon="-25.186168333">
        <time>2025-09-07T15:51:08Z</time>
      </trkpt>
      <trkpt lat="68.164331667" lon="-25.184873333">
        <time>2025-09-07T15:56:54Z</time>
      </trkpt>
      <trkpt lat="68.167351667" lon="-25.184800000">
        <time>2025-09-07T16:03:52Z</time>
      </trkpt>
      <trkpt lat="68.167777167" lon="-25.184400117">
        <time>2025-09-07T16:04:24Z</time>
      </trkpt>
      <trkpt lat="68.167893333" lon="-25.183263333">
        <time>2025-09-07T16:05:12Z</time>
      </trkpt>
      <trkpt lat="68.167725000" lon="-25.182111667">
        <time>2025-09-07T16:05:45Z</time>
      </trkpt>
      <trkpt lat="68.167215000" lon="-25.181071667">
        <time>2025-09-07T16:06:17Z</time>
      </trkpt>
      <trkpt lat="68.157155000" lon="-25.179965000">
        <time>2025-09-07T16:10:25Z</time>
      </trkpt>
      <trkpt lat="68.147495000" lon="-25.178185000">
        <time>2025-09-07T16:13:53Z</time>
      </trkpt>
      <trkpt lat="68.146726667" lon="-25.178436667">
        <time>2025-09-07T16:14:17Z</time>
      </trkpt>
      <trkpt lat="68.146355000" lon="-25.179545000">
        <time>2025-09-07T16:14:42Z</time>
      </trkpt>
      <trkpt lat="68.146343333" lon="-25.180500000">
        <time>2025-09-07T16:15:06Z</time>
      </trkpt>
      <trkpt lat="68.222391667" lon="-25.331075000">
        <time>2025-09-07T16:49:43Z</time>
      </trkpt>
      <trkpt lat="68.242903050" lon="-25.373033900">
        <time>2025-09-07T16:58:40Z</time>
      </trkpt>
      <trkpt lat="68.276756950" lon="-25.439982500">
        <time>2025-09-07T17:14:43Z</time>
      </trkpt>
      <trkpt lat="68.277718333" lon="-25.441128333">
        <time>2025-09-07T17:15:47Z</time>
      </trkpt>
      <trkpt lat="68.277963333" lon="-25.442091667">
        <time>2025-09-07T17:16:20Z</time>
      </trkpt>
      <trkpt lat="68.277858333" lon="-25.443590000">
        <time>2025-09-07T17:17:08Z</time>
      </trkpt>
      <trkpt lat="68.277505000" lon="-25.444606667">
        <time>2025-09-07T17:17:56Z</time>
      </trkpt>
      <trkpt lat="68.274680000" lon="-25.448115000">
        <time>2025-09-07T17:23:33Z</time>
      </trkpt>
      <trkpt lat="68.273055000" lon="-25.449320000">
        <time>2025-09-07T17:27:57Z</time>
      </trkpt>
      <trkpt lat="68.271095000" lon="-25.451731667">
        <time>2025-09-07T17:33:02Z</time>
      </trkpt>
      <trkpt lat="68.269360000" lon="-25.456055000">
        <time>2025-09-07T17:39:20Z</time>
      </trkpt>
      <trkpt lat="68.275778333" lon="-25.444613333">
        <time>2025-09-07T17:44:24Z</time>
      </trkpt>
      <trkpt lat="68.276261667" lon="-25.444218333">
        <time>2025-09-07T17:44:48Z</time>
      </trkpt>
      <trkpt lat="68.277441667" lon="-25.446551667">
        <time>2025-09-07T17:45:52Z</time>
      </trkpt>
      <trkpt lat="68.280500000" lon="-25.449156667">
        <time>2025-09-07T17:47:22Z</time>
      </trkpt>
      <trkpt lat="68.283220000" lon="-25.452881667">
        <time>2025-09-07T17:48:34Z</time>
      </trkpt>
      <trkpt lat="68.287891667" lon="-25.461608333">
        <time>2025-09-07T17:50:43Z</time>
      </trkpt>
      <trkpt lat="68.323176950" lon="-25.533314867">
        <time>2025-09-07T18:06:22Z</time>
      </trkpt>
      <trkpt lat="68.445803333" lon="-25.779970000">
        <time>2025-09-07T19:01:21Z</time>
      </trkpt>
      <trkpt lat="68.467221950" lon="-25.844001200">
        <time>2025-09-07T19:13:08Z</time>
      </trkpt>
      <trkpt lat="68.467789650" lon="-25.844830050">
        <time>2025-09-07T19:13:32Z</time>
      </trkpt>
      <trkpt lat="68.468976667" lon="-25.844700000">
        <time>2025-09-07T19:14:53Z</time>
      </trkpt>
      <trkpt lat="68.469441667" lon="-25.845083333">
        <time>2025-09-07T19:15:33Z</time>
      </trkpt>
      <trkpt lat="68.470290000" lon="-25.847333333">
        <time>2025-09-07T19:18:06Z</time>
      </trkpt>
      <trkpt lat="68.471196733" lon="-25.852310350">
        <time>2025-09-07T19:25:35Z</time>
      </trkpt>
      <trkpt lat="68.471610000" lon="-25.852405000">
        <time>2025-09-07T19:30:32Z</time>
      </trkpt>
      <trkpt lat="68.471331667" lon="-25.852241667">
        <time>2025-09-07T19:34:25Z</time>
      </trkpt>
      <trkpt lat="68.471135300" lon="-25.853088917">
        <time>2025-09-07T19:36:33Z</time>
      </trkpt>
      <trkpt lat="68.471285000" lon="-25.853543333">
        <time>2025-09-07T19:37:54Z</time>
      </trkpt>
      <trkpt lat="68.471533750" lon="-25.853385400">
        <time>2025-09-07T19:38:18Z</time>
      </trkpt>
      <trkpt lat="68.471706233" lon="-25.852088850">
        <time>2025-09-07T19:39:06Z</time>
      </trkpt>
      <trkpt lat="68.471580000" lon="-25.850658333">
        <time>2025-09-07T19:39:54Z</time>
      </trkpt>
      <trkpt lat="68.471763333" lon="-25.848345000">
        <time>2025-09-07T19:40:59Z</time>
      </trkpt>
      <trkpt lat="68.472705567" lon="-25.844547667">
        <time>2025-09-07T19:42:59Z</time>
      </trkpt>
      <trkpt lat="68.478499950" lon="-25.815566450">
        <time>2025-09-07T20:01:35Z</time>
      </trkpt>
      <trkpt lat="68.480721750" lon="-25.809453983">
        <time>2025-09-07T20:06:08Z</time>
      </trkpt>
      <trkpt lat="68.484850000" lon="-25.800525000">
        <time>2025-09-07T20:14:25Z</time>
      </trkpt>
      <trkpt lat="68.495086467" lon="-25.774058033">
        <time>2025-09-07T20:34:06Z</time>
      </trkpt>
      <trkpt lat="68.494920667" lon="-25.773618733">
        <time>2025-09-07T20:34:38Z</time>
      </trkpt>
      <trkpt lat="68.494403333" lon="-25.777620000">
        <time>2025-09-07T20:36:15Z</time>
      </trkpt>
      <trkpt lat="68.493273683" lon="-25.782651267">
        <time>2025-09-07T20:37:11Z</time>
      </trkpt>
      <trkpt lat="68.485925000" lon="-25.806421667">
        <time>2025-09-07T20:41:28Z</time>
      </trkpt>
      <trkpt lat="68.480613333" lon="-25.822226667">
        <time>2025-09-07T20:44:24Z</time>
      </trkpt>
      <trkpt lat="68.475025000" lon="-25.835051667">
        <time>2025-09-07T20:47:05Z</time>
      </trkpt>
      <trkpt lat="68.472218983" lon="-25.840410383">
        <time>2025-09-07T20:48:09Z</time>
      </trkpt>
      <trkpt lat="68.471559850" lon="-25.842275533">
        <time>2025-09-07T20:48:33Z</time>
      </trkpt>
      <trkpt lat="68.471415000" lon="-25.843448333">
        <time>2025-09-07T20:48:57Z</time>
      </trkpt>
      <trkpt lat="68.472075000" lon="-25.848283333">
        <time>2025-09-07T20:50:26Z</time>
      </trkpt>
      <trkpt lat="68.472933333" lon="-25.852370000">
        <time>2025-09-07T20:51:22Z</time>
      </trkpt>
      <trkpt lat="68.474754483" lon="-25.858271667">
        <time>2025-09-07T20:52:34Z</time>
      </trkpt>
      <trkpt lat="68.477133450" lon="-25.864132617">
        <time>2025-09-07T20:53:54Z</time>
      </trkpt>
      <trkpt lat="68.487456667" lon="-25.886020000">
        <time>2025-09-07T20:59:07Z</time>
      </trkpt>
      <trkpt lat="68.490290117" lon="-25.892805300">
        <time>2025-09-07T21:00:27Z</time>
      </trkpt>
      <trkpt lat="68.509181667" lon="-25.930476667">
        <time>2025-09-07T21:09:25Z</time>
      </trkpt>
      <trkpt lat="68.563910400" lon="-26.042352833">
        <time>2025-09-07T21:33:37Z</time>
      </trkpt>
      <trkpt lat="68.564389017" lon="-26.042363317">
        <time>2025-09-07T21:33:53Z</time>
      </trkpt>
      <trkpt lat="68.564767150" lon="-26.041505883">
        <time>2025-09-07T21:34:17Z</time>
      </trkpt>
      <trkpt lat="68.564836917" lon="-26.040297283">
        <time>2025-09-07T21:34:49Z</time>
      </trkpt>
      <trkpt lat="68.564684200" lon="-26.039413883">
        <time>2025-09-07T21:35:22Z</time>
      </trkpt>
      <trkpt lat="68.564036667" lon="-26.038350000">
        <time>2025-09-07T21:36:34Z</time>
      </trkpt>
      <trkpt lat="68.559600017" lon="-26.026711283">
        <time>2025-09-07T21:41:23Z</time>
      </trkpt>
      <trkpt lat="68.555597750" lon="-26.018432983">
        <time>2025-09-07T21:46:20Z</time>
      </trkpt>
      <trkpt lat="68.546637917" lon="-26.003911417">
        <time>2025-09-07T21:54:22Z</time>
      </trkpt>
      <trkpt lat="68.528613833" lon="-25.976776583">
        <time>2025-09-07T22:15:54Z</time>
      </trkpt>
      <trkpt lat="68.522504400" lon="-25.966301433">
        <time>2025-09-07T22:23:23Z</time>
      </trkpt>
      <trkpt lat="68.519310000" lon="-25.959788333">
        <time>2025-09-07T22:26:28Z</time>
      </trkpt>
      <trkpt lat="68.518466567" lon="-25.956334767">
        <time>2025-09-07T22:27:32Z</time>
      </trkpt>
      <trkpt lat="68.516656667" lon="-25.952726667">
        <time>2025-09-07T22:29:24Z</time>
      </trkpt>
      <trkpt lat="68.515630217" lon="-25.949645100">
        <time>2025-09-07T22:30:20Z</time>
      </trkpt>
      <trkpt lat="68.515422817" lon="-25.948374050">
        <time>2025-09-07T22:30:45Z</time>
      </trkpt>
      <trkpt lat="68.515493333" lon="-25.947060000">
        <time>2025-09-07T22:31:25Z</time>
      </trkpt>
      <trkpt lat="68.515861667" lon="-25.946777450">
        <time>2025-09-07T22:31:49Z</time>
      </trkpt>
      <trkpt lat="68.516746117" lon="-25.948466017">
        <time>2025-09-07T22:33:09Z</time>
      </trkpt>
      <trkpt lat="68.536890000" lon="-25.969565000">
        <time>2025-09-07T22:44:00Z</time>
      </trkpt>
      <trkpt lat="68.543288333" lon="-25.972421667">
        <time>2025-09-07T22:46:16Z</time>
      </trkpt>
      <trkpt lat="68.574403233" lon="-25.989771267">
        <time>2025-09-07T22:57:06Z</time>
      </trkpt>
      <trkpt lat="68.597555000" lon="-26.001951667">
        <time>2025-09-07T23:05:15Z</time>
      </trkpt>
      <trkpt lat="68.663506883" lon="-26.038120250">
        <time>2025-09-07T23:28:32Z</time>
      </trkpt>
      <trkpt lat="68.664003333" lon="-26.037540000">
        <time>2025-09-07T23:29:04Z</time>
      </trkpt>
      <trkpt lat="68.664208333" lon="-26.036696667">
        <time>2025-09-07T23:29:28Z</time>
      </trkpt>
      <trkpt lat="68.664128333" lon="-26.035648333">
        <time>2025-09-07T23:30:17Z</time>
      </trkpt>
      <trkpt lat="68.663774900" lon="-26.035100167">
        <time>2025-09-07T23:32:09Z</time>
      </trkpt>
      <trkpt lat="68.663120000" lon="-26.035250000">
        <time>2025-09-07T23:42:35Z</time>
      </trkpt>
      <trkpt lat="68.662863333" lon="-26.036236667">
        <time>2025-09-07T23:45:31Z</time>
      </trkpt>
      <trkpt lat="68.662863333" lon="-26.037136667">
        <time>2025-09-07T23:46:03Z</time>
      </trkpt>
      <trkpt lat="68.663220000" lon="-26.038033333">
        <time>2025-09-07T23:46:52Z</time>
      </trkpt>
      <trkpt lat="68.664230000" lon="-26.037186667">
        <time>2025-09-07T23:48:12Z</time>
      </trkpt>
      <trkpt lat="68.666196033" lon="-26.034182317">
        <time>2025-09-07T23:49:32Z</time>
      </trkpt>
      <trkpt lat="68.669946667" lon="-26.024343333">
        <time>2025-09-07T23:51:48Z</time>
      </trkpt>
      <trkpt lat="68.674961667" lon="-26.009173333">
        <time>2025-09-07T23:54:29Z</time>
      </trkpt>
      <trkpt lat="68.693631667" lon="-25.947278333">
        <time>2025-09-08T00:05:03Z</time>
      </trkpt>
      <trkpt lat="68.716016667" lon="-25.874671667">
        <time>2025-09-08T00:17:36Z</time>
      </trkpt>
      <trkpt lat="68.757846667" lon="-25.737103333">
        <time>2025-09-08T00:42:12Z</time>
      </trkpt>
      <trkpt lat="68.771050067" lon="-25.695293567">
        <time>2025-09-08T00:49:18Z</time>
      </trkpt>
      <trkpt lat="68.800951667" lon="-25.596143333">
        <time>2025-09-08T01:04:33Z</time>
      </trkpt>
      <trkpt lat="68.847670000" lon="-25.443026667">
        <time>2025-09-08T01:29:04Z</time>
      </trkpt>
      <trkpt lat="68.850770683" lon="-25.433774500">
        <time>2025-09-08T01:30:40Z</time>
      </trkpt>
      <trkpt lat="68.871626667" lon="-25.363725000">
        <time>2025-09-08T01:42:58Z</time>
      </trkpt>
      <trkpt lat="68.934442433" lon="-25.158051850">
        <time>2025-09-08T02:20:17Z</time>
      </trkpt>
      <trkpt lat="68.939603333" lon="-25.139721667">
        <time>2025-09-08T02:23:54Z</time>
      </trkpt>
      <trkpt lat="68.939503333" lon="-25.138545000">
        <time>2025-09-08T02:24:18Z</time>
      </trkpt>
      <trkpt lat="68.934779000" lon="-25.126982033">
        <time>2025-09-08T02:27:31Z</time>
      </trkpt>
      <trkpt lat="68.911148333" lon="-25.077283333">
        <time>2025-09-08T02:38:39Z</time>
      </trkpt>
      <trkpt lat="68.891183350" lon="-25.034253750">
        <time>2025-09-08T02:48:52Z</time>
      </trkpt>
      <trkpt lat="68.860423817" lon="-24.969764850">
        <time>2025-09-08T03:04:09Z</time>
      </trkpt>
      <trkpt lat="68.836668333" lon="-24.921288333">
        <time>2025-09-08T03:15:34Z</time>
      </trkpt>
      <trkpt lat="68.729356667" lon="-24.697571667">
        <time>2025-09-08T04:04:26Z</time>
      </trkpt>
      <trkpt lat="68.691010200" lon="-24.617373333">
        <time>2025-09-08T04:21:04Z</time>
      </trkpt>
      <trkpt lat="68.658403333" lon="-24.551153333">
        <time>2025-09-08T04:35:25Z</time>
      </trkpt>
      <trkpt lat="68.606172367" lon="-24.442822733">
        <time>2025-09-08T04:58:14Z</time>
      </trkpt>
      <trkpt lat="68.605407800" lon="-24.440546700">
        <time>2025-09-08T04:58:55Z</time>
      </trkpt>
      <trkpt lat="68.604562383" lon="-24.439777583">
        <time>2025-09-08T04:59:35Z</time>
      </trkpt>
      <trkpt lat="68.603951017" lon="-24.440302250">
        <time>2025-09-08T05:00:07Z</time>
      </trkpt>
      <trkpt lat="68.600946667" lon="-24.446900000">
        <time>2025-09-08T05:05:46Z</time>
      </trkpt>
      <trkpt lat="68.594275000" lon="-24.467558333">
        <time>2025-09-08T05:21:28Z</time>
      </trkpt>
      <trkpt lat="68.594256667" lon="-24.468331667">
        <time>2025-09-08T05:21:52Z</time>
      </trkpt>
      <trkpt lat="68.594454250" lon="-24.468944033">
        <time>2025-09-08T05:22:16Z</time>
      </trkpt>
      <trkpt lat="68.602142783" lon="-24.447508717">
        <time>2025-09-08T05:29:39Z</time>
      </trkpt>
      <trkpt lat="68.601951667" lon="-24.446551667">
        <time>2025-09-08T05:30:11Z</time>
      </trkpt>
      <trkpt lat="68.600717917" lon="-24.445484117">
        <time>2025-09-08T05:31:07Z</time>
      </trkpt>
      <trkpt lat="68.596545000" lon="-24.439118333">
        <time>2025-09-08T05:33:16Z</time>
      </trkpt>
      <trkpt lat="68.593073333" lon="-24.432673333">
        <time>2025-09-08T05:34:44Z</time>
      </trkpt>
      <trkpt lat="68.588756667" lon="-24.419161667">
        <time>2025-09-08T05:37:09Z</time>
      </trkpt>
      <trkpt lat="68.580013333" lon="-24.389926667">
        <time>2025-09-08T05:42:14Z</time>
      </trkpt>
      <trkpt lat="68.578900650" lon="-24.385179483">
        <time>2025-09-08T05:43:11Z</time>
      </trkpt>
      <trkpt lat="68.575733333" lon="-24.377440000">
        <time>2025-09-08T05:46:00Z</time>
      </trkpt>
      <trkpt lat="68.571207033" lon="-24.364561617">
        <time>2025-09-08T05:48:57Z</time>
      </trkpt>
      <trkpt lat="68.570728283" lon="-24.364348467">
        <time>2025-09-08T05:49:13Z</time>
      </trkpt>
      <trkpt lat="68.570147167" lon="-24.364996700">
        <time>2025-09-08T05:49:37Z</time>
      </trkpt>
      <trkpt lat="68.569725433" lon="-24.366454667">
        <time>2025-09-08T05:50:09Z</time>
      </trkpt>
      <trkpt lat="68.569558333" lon="-24.368531667">
        <time>2025-09-08T05:51:05Z</time>
      </trkpt>
      <trkpt lat="68.571960000" lon="-24.386816667">
        <time>2025-09-08T05:57:15Z</time>
      </trkpt>
      <trkpt lat="68.573245383" lon="-24.392421350">
        <time>2025-09-08T05:59:07Z</time>
      </trkpt>
      <trkpt lat="68.574710250" lon="-24.395675517">
        <time>2025-09-08T06:00:59Z</time>
      </trkpt>
      <trkpt lat="68.577491817" lon="-24.399857817">
        <time>2025-09-08T06:05:07Z</time>
      </trkpt>
      <trkpt lat="68.580093300" lon="-24.402379417">
        <time>2025-09-08T06:07:47Z</time>
      </trkpt>
      <trkpt lat="68.585852117" lon="-24.411822050">
        <time>2025-09-08T06:16:27Z</time>
      </trkpt>
      <trkpt lat="68.588503333" lon="-24.417821667">
        <time>2025-09-08T06:21:23Z</time>
      </trkpt>
      <trkpt lat="68.598336700" lon="-24.436345800">
        <time>2025-09-08T06:37:15Z</time>
      </trkpt>
      <trkpt lat="68.603212800" lon="-24.444808950">
        <time>2025-09-08T06:44:52Z</time>
      </trkpt>
      <trkpt lat="68.603058933" lon="-24.446390233">
        <time>2025-09-08T06:46:04Z</time>
      </trkpt>
      <trkpt lat="68.603120000" lon="-24.447780000">
        <time>2025-09-08T06:47:08Z</time>
      </trkpt>
      <trkpt lat="68.606086667" lon="-24.463268333">
        <time>2025-09-08T06:54:44Z</time>
      </trkpt>
      <trkpt lat="68.606996667" lon="-24.466355000">
        <time>2025-09-08T06:56:36Z</time>
      </trkpt>
      <trkpt lat="68.608936683" lon="-24.471123933">
        <time>2025-09-08T07:00:36Z</time>
      </trkpt>
      <trkpt lat="68.609313333" lon="-24.470998333">
        <time>2025-09-08T07:01:48Z</time>
      </trkpt>
      <trkpt lat="68.609504900" lon="-24.470540100">
        <time>2025-09-08T07:02:04Z</time>
      </trkpt>
      <trkpt lat="68.609463333" lon="-24.453693333">
        <time>2025-09-08T07:05:48Z</time>
      </trkpt>
      <trkpt lat="68.609290000" lon="-24.450990000">
        <time>2025-09-08T07:06:12Z</time>
      </trkpt>
      <trkpt lat="68.608823333" lon="-24.448446667">
        <time>2025-09-08T07:06:36Z</time>
      </trkpt>
      <trkpt lat="68.608103333" lon="-24.446290000">
        <time>2025-09-08T07:07:00Z</time>
      </trkpt>
      <trkpt lat="68.606761667" lon="-24.444303333">
        <time>2025-09-08T07:07:32Z</time>
      </trkpt>
      <trkpt lat="68.474380000" lon="-24.170641667">
        <time>2025-09-08T08:04:45Z</time>
      </trkpt>
      <trkpt lat="68.385588333" lon="-23.988475000">
        <time>2025-09-08T08:43:41Z</time>
      </trkpt>
      <trkpt lat="68.380521667" lon="-23.977375000">
        <time>2025-09-08T08:45:57Z</time>
      </trkpt>
      <trkpt lat="68.372028333" lon="-23.960300000">
        <time>2025-09-08T08:49:41Z</time>
      </trkpt>
      <trkpt lat="68.348698333" lon="-23.911391667">
        <time>2025-09-08T09:00:22Z</time>
      </trkpt>
      <trkpt lat="68.305473333" lon="-23.824536667">
        <time>2025-09-08T09:20:30Z</time>
      </trkpt>
      <trkpt lat="68.302850000" lon="-23.818165000">
        <time>2025-09-08T09:21:50Z</time>
      </trkpt>
      <trkpt lat="68.295856667" lon="-23.803240000">
        <time>2025-09-08T09:25:10Z</time>
      </trkpt>
      <trkpt lat="68.283418333" lon="-23.778648333">
        <time>2025-09-08T09:31:18Z</time>
      </trkpt>
      <trkpt lat="68.266200000" lon="-23.742813333">
        <time>2025-09-08T09:40:46Z</time>
      </trkpt>
      <trkpt lat="68.262933333" lon="-23.737021667">
        <time>2025-09-08T09:42:30Z</time>
      </trkpt>
      <trkpt lat="68.252940000" lon="-23.715851667">
        <time>2025-09-08T09:48:06Z</time>
      </trkpt>
      <trkpt lat="68.242106667" lon="-23.694635000">
        <time>2025-09-08T09:53:50Z</time>
      </trkpt>
      <trkpt lat="68.232746667" lon="-23.674653333">
        <time>2025-09-08T09:59:10Z</time>
      </trkpt>
      <trkpt lat="68.225053333" lon="-23.659691667">
        <time>2025-09-08T10:03:26Z</time>
      </trkpt>
      <trkpt lat="68.220622483" lon="-23.649908933">
        <time>2025-09-08T10:05:50Z</time>
      </trkpt>
      <trkpt lat="68.202655917" lon="-23.613464167">
        <time>2025-09-08T10:15:34Z</time>
      </trkpt>
      <trkpt lat="68.196061667" lon="-23.600735000">
        <time>2025-09-08T10:19:18Z</time>
      </trkpt>
      <trkpt lat="68.190919700" lon="-23.589779917">
        <time>2025-09-08T10:22:06Z</time>
      </trkpt>
      <trkpt lat="68.180085000" lon="-23.568320000">
        <time>2025-09-08T10:28:15Z</time>
      </trkpt>
      <trkpt lat="68.169372417" lon="-23.545740333">
        <time>2025-09-08T10:34:16Z</time>
      </trkpt>
      <trkpt lat="68.165616667" lon="-23.538738333">
        <time>2025-09-08T10:36:24Z</time>
      </trkpt>
      <trkpt lat="68.148647633" lon="-23.503511100">
        <time>2025-09-08T10:46:33Z</time>
      </trkpt>
      <trkpt lat="68.145790000" lon="-23.498455000">
        <time>2025-09-08T10:48:17Z</time>
      </trkpt>
      <trkpt lat="68.138598433" lon="-23.483199167">
        <time>2025-09-08T10:52:25Z</time>
      </trkpt>
      <trkpt lat="68.137423333" lon="-23.481686667">
        <time>2025-09-08T10:53:05Z</time>
      </trkpt>
      <trkpt lat="68.114573333" lon="-23.435286667">
        <time>2025-09-08T11:08:01Z</time>
      </trkpt>
      <trkpt lat="68.113448333" lon="-23.433803333">
        <time>2025-09-08T11:08:41Z</time>
      </trkpt>
      <trkpt lat="68.107713333" lon="-23.421468333">
        <time>2025-09-08T11:12:49Z</time>
      </trkpt>
      <trkpt lat="68.106086667" lon="-23.417371667">
        <time>2025-09-08T11:14:01Z</time>
      </trkpt>
      <trkpt lat="68.101990250" lon="-23.409221717">
        <time>2025-09-08T11:16:41Z</time>
      </trkpt>
    </trkseg>
  </trk>
  <trk>
    <extensions>
      <opencpn:guid>68e1ffff-8949-4564-b192-689413a30000</opencpn:guid>
      <opencpn:viz>1</opencpn:viz>
    </extensions>
    <trkseg>
      <trkpt lat="68.097043033" lon="-23.400053050">
        <time>2025-09-08T11:19:59Z</time>
      </trkpt>
      <trkpt lat="68.091004867" lon="-23.387195567">
        <time>2025-09-08T11:24:16Z</time>
      </trkpt>
      <trkpt lat="68.082734600" lon="-23.370783550">
        <time>2025-09-08T11:29:52Z</time>
      </trkpt>
      <trkpt lat="68.080460000" lon="-23.366860000">
        <time>2025-09-08T11:31:28Z</time>
      </trkpt>
      <trkpt lat="68.079633000" lon="-23.364702567">
        <time>2025-09-08T11:32:00Z</time>
      </trkpt>
      <trkpt lat="68.073028617" lon="-23.351483933">
        <time>2025-09-08T11:36:32Z</time>
      </trkpt>
      <trkpt lat="68.071543083" lon="-23.346839733">
        <time>2025-09-08T11:37:52Z</time>
      </trkpt>
      <trkpt lat="68.069170000" lon="-23.343341667">
        <time>2025-09-08T11:39:28Z</time>
      </trkpt>
      <trkpt lat="68.062183333" lon="-23.329690000">
        <time>2025-09-08T11:44:18Z</time>
      </trkpt>
      <trkpt lat="68.060612033" lon="-23.325835433">
        <time>2025-09-08T11:45:22Z</time>
      </trkpt>
      <trkpt lat="68.058471667" lon="-23.322401667">
        <time>2025-09-08T11:46:51Z</time>
      </trkpt>
      <trkpt lat="68.054058467" lon="-23.312989450">
        <time>2025-09-08T11:49:55Z</time>
      </trkpt>
      <trkpt lat="68.050041667" lon="-23.305660000">
        <time>2025-09-08T11:52:45Z</time>
      </trkpt>
      <trkpt lat="68.047819000" lon="-23.300652717">
        <time>2025-09-08T11:54:13Z</time>
      </trkpt>
      <trkpt lat="68.044858333" lon="-23.295138333">
        <time>2025-09-08T11:56:22Z</time>
      </trkpt>
      <trkpt lat="68.043243017" lon="-23.291349133">
        <time>2025-09-08T11:57:26Z</time>
      </trkpt>
      <trkpt lat="68.033681667" lon="-23.272911667">
        <time>2025-09-08T12:04:24Z</time>
      </trkpt>
      <trkpt lat="68.031595333" lon="-23.267247967">
        <time>2025-09-08T12:06:00Z</time>
      </trkpt>
      <trkpt lat="68.029401667" lon="-23.262961667">
        <time>2025-09-08T12:07:45Z</time>
      </trkpt>
      <trkpt lat="68.025024883" lon="-23.250917500">
        <time>2025-09-08T12:11:29Z</time>
      </trkpt>
      <trkpt lat="68.023992917" lon="-23.249355433">
        <time>2025-09-08T12:12:09Z</time>
      </trkpt>
      <trkpt lat="68.022513333" lon="-23.248231667">
        <time>2025-09-08T12:13:05Z</time>
      </trkpt>
      <trkpt lat="68.019088333" lon="-23.243658333">
        <time>2025-09-08T12:15:06Z</time>
      </trkpt>
      <trkpt lat="68.014810000" lon="-23.235911667">
        <time>2025-09-08T12:18:02Z</time>
      </trkpt>
      <trkpt lat="68.012900733" lon="-23.230543500">
        <time>2025-09-08T12:19:39Z</time>
      </trkpt>
      <trkpt lat="68.012093333" lon="-23.229290000">
        <time>2025-09-08T12:20:19Z</time>
      </trkpt>
      <trkpt lat="68.010151667" lon="-23.224450000">
        <time>2025-09-08T12:21:55Z</time>
      </trkpt>
      <trkpt lat="68.006522133" lon="-23.217283367">
        <time>2025-09-08T12:24:19Z</time>
      </trkpt>
      <trkpt lat="68.004281667" lon="-23.213828333">
        <time>2025-09-08T12:25:55Z</time>
      </trkpt>
      <trkpt lat="68.002798500" lon="-23.210184383">
        <time>2025-09-08T12:26:59Z</time>
      </trkpt>
      <trkpt lat="68.000993783" lon="-23.207081233">
        <time>2025-09-08T12:28:11Z</time>
      </trkpt>
      <trkpt lat="67.998384367" lon="-23.201245317">
        <time>2025-09-08T12:30:12Z</time>
      </trkpt>
      <trkpt lat="67.993167767" lon="-23.191076917">
        <time>2025-09-08T12:33:56Z</time>
      </trkpt>
      <trkpt lat="67.991504283" lon="-23.187093350">
        <time>2025-09-08T12:35:16Z</time>
      </trkpt>
      <trkpt lat="67.986257483" lon="-23.177313617">
        <time>2025-09-08T12:38:52Z</time>
      </trkpt>
      <trkpt lat="67.980655000" lon="-23.165690000">
        <time>2025-09-08T12:43:17Z</time>
      </trkpt>
      <trkpt lat="67.978763333" lon="-23.160810350">
        <time>2025-09-08T12:44:45Z</time>
      </trkpt>
      <trkpt lat="67.976315217" lon="-23.156848917">
        <time>2025-09-08T12:46:21Z</time>
      </trkpt>
      <trkpt lat="67.969175000" lon="-23.142981667">
        <time>2025-09-08T12:51:41Z</time>
      </trkpt>
      <trkpt lat="67.967594050" lon="-23.138023950">
        <time>2025-09-08T12:53:09Z</time>
      </trkpt>
      <trkpt lat="67.965671450" lon="-23.134176267">
        <time>2025-09-08T12:54:37Z</time>
      </trkpt>
      <trkpt lat="67.960478333" lon="-23.125853333">
        <time>2025-09-08T12:58:21Z</time>
      </trkpt>
      <trkpt lat="67.958487617" lon="-23.120858917">
        <time>2025-09-08T12:59:57Z</time>
      </trkpt>
      <trkpt lat="67.952652983" lon="-23.109505300">
        <time>2025-09-08T13:04:13Z</time>
      </trkpt>
      <trkpt lat="67.951105000" lon="-23.107046667">
        <time>2025-09-08T13:05:25Z</time>
      </trkpt>
      <trkpt lat="67.949307500" lon="-23.102986733">
        <time>2025-09-08T13:06:45Z</time>
      </trkpt>
      <trkpt lat="67.945823333" lon="-23.096835000">
        <time>2025-09-08T13:09:26Z</time>
      </trkpt>
      <trkpt lat="67.943911667" lon="-23.092871667">
        <time>2025-09-08T13:10:54Z</time>
      </trkpt>
      <trkpt lat="67.943054600" lon="-23.090372450">
        <time>2025-09-08T13:11:34Z</time>
      </trkpt>
      <trkpt lat="67.936053583" lon="-23.076898650">
        <time>2025-09-08T13:16:46Z</time>
      </trkpt>
      <trkpt lat="67.932698967" lon="-23.069447883">
        <time>2025-09-08T13:19:26Z</time>
      </trkpt>
      <trkpt lat="67.931348483" lon="-23.067433517">
        <time>2025-09-08T13:20:22Z</time>
      </trkpt>
      <trkpt lat="67.923541783" lon="-23.051914700">
        <time>2025-09-08T13:26:22Z</time>
      </trkpt>
      <trkpt lat="67.920868617" lon="-23.044936167">
        <time>2025-09-08T13:28:46Z</time>
      </trkpt>
      <trkpt lat="67.917519283" lon="-23.037960100">
        <time>2025-09-08T13:31:35Z</time>
      </trkpt>
      <trkpt lat="67.914083483" lon="-23.032929600">
        <time>2025-09-08T13:33:59Z</time>
      </trkpt>
      <trkpt lat="67.913142733" lon="-23.031034200">
        <time>2025-09-08T13:34:47Z</time>
      </trkpt>
      <trkpt lat="67.911513333" lon="-23.025936667">
        <time>2025-09-08T13:36:47Z</time>
      </trkpt>
      <trkpt lat="67.911109883" lon="-23.023900183">
        <time>2025-09-08T13:37:19Z</time>
      </trkpt>
      <trkpt lat="67.909301800" lon="-23.017915483">
        <time>2025-09-08T13:39:19Z</time>
      </trkpt>
      <trkpt lat="67.908231733" lon="-23.015338817">
        <time>2025-09-08T13:40:15Z</time>
      </trkpt>
      <trkpt lat="67.906678950" lon="-23.012958967">
        <time>2025-09-08T13:41:19Z</time>
      </trkpt>
      <trkpt lat="67.902781317" lon="-23.009862867">
        <time>2025-09-08T13:43:27Z</time>
      </trkpt>
      <trkpt lat="67.900469283" lon="-23.007321517">
        <time>2025-09-08T13:44:55Z</time>
      </trkpt>
      <trkpt lat="67.899481083" lon="-23.005433417">
        <time>2025-09-08T13:45:43Z</time>
      </trkpt>
      <trkpt lat="67.894457367" lon="-22.991865167">
        <time>2025-09-08T13:50:31Z</time>
      </trkpt>
      <trkpt lat="67.888565000" lon="-22.981623333">
        <time>2025-09-08T13:54:55Z</time>
      </trkpt>
      <trkpt lat="67.886123333" lon="-22.976535000">
        <time>2025-09-08T13:56:55Z</time>
      </trkpt>
      <trkpt lat="67.884855800" lon="-22.973031350">
        <time>2025-09-08T13:57:59Z</time>
      </trkpt>
      <trkpt lat="67.879986667" lon="-22.964633333">
        <time>2025-09-08T14:01:51Z</time>
      </trkpt>
      <trkpt lat="67.878963850" lon="-22.961944150">
        <time>2025-09-08T14:02:40Z</time>
      </trkpt>
      <trkpt lat="67.875608333" lon="-22.955900000">
        <time>2025-09-08T14:05:28Z</time>
      </trkpt>
      <trkpt lat="67.873987250" lon="-22.951760650">
        <time>2025-09-08T14:06:56Z</time>
      </trkpt>
      <trkpt lat="67.870515900" lon="-22.944790400">
        <time>2025-09-08T14:10:08Z</time>
      </trkpt>
      <trkpt lat="67.869315000" lon="-22.943255000">
        <time>2025-09-08T14:11:04Z</time>
      </trkpt>
      <trkpt lat="67.867803450" lon="-22.939372433">
        <time>2025-09-08T14:12:24Z</time>
      </trkpt>
      <trkpt lat="67.864466667" lon="-22.933418333">
        <time>2025-09-08T14:15:04Z</time>
      </trkpt>
      <trkpt lat="67.861871117" lon="-22.927442783">
        <time>2025-09-08T14:17:13Z</time>
      </trkpt>
      <trkpt lat="67.860371667" lon="-22.925336667">
        <time>2025-09-08T14:18:25Z</time>
      </trkpt>
      <trkpt lat="67.858337567" lon="-22.920691900">
        <time>2025-09-08T14:20:01Z</time>
      </trkpt>
      <trkpt lat="67.856148333" lon="-22.916998333">
        <time>2025-09-08T14:21:45Z</time>
      </trkpt>
      <trkpt lat="67.854729250" lon="-22.913427633">
        <time>2025-09-08T14:22:57Z</time>
      </trkpt>
      <trkpt lat="67.852078267" lon="-22.908016783">
        <time>2025-09-08T14:25:13Z</time>
      </trkpt>
      <trkpt lat="67.849535150" lon="-22.903695167">
        <time>2025-09-08T14:27:13Z</time>
      </trkpt>
      <trkpt lat="67.847037383" lon="-22.898050150">
        <time>2025-09-08T14:29:29Z</time>
      </trkpt>
      <trkpt lat="67.845125000" lon="-22.894993333">
        <time>2025-09-08T14:31:05Z</time>
      </trkpt>
      <trkpt lat="67.843475817" lon="-22.890477300">
        <time>2025-09-08T14:32:41Z</time>
      </trkpt>
      <trkpt lat="67.841940200" lon="-22.887345050">
        <time>2025-09-08T14:34:01Z</time>
      </trkpt>
      <trkpt lat="67.840563333" lon="-22.885713333">
        <time>2025-09-08T14:35:05Z</time>
      </trkpt>
      <trkpt lat="67.837313333" lon="-22.879458333">
        <time>2025-09-08T14:37:45Z</time>
      </trkpt>
      <trkpt lat="67.834917433" lon="-22.873897983">
        <time>2025-09-08T14:39:45Z</time>
      </trkpt>
      <trkpt lat="67.832706667" lon="-22.870190000">
        <time>2025-09-08T14:41:38Z</time>
      </trkpt>
      <trkpt lat="67.830133317" lon="-22.864343567">
        <time>2025-09-08T14:43:54Z</time>
      </trkpt>
      <trkpt lat="67.828621450" lon="-22.861662067">
        <time>2025-09-08T14:45:06Z</time>
      </trkpt>
      <trkpt lat="67.826906483" lon="-22.857514883">
        <time>2025-09-08T14:46:42Z</time>
      </trkpt>
      <trkpt lat="67.824745000" lon="-22.853795000">
        <time>2025-09-08T14:48:34Z</time>
      </trkpt>
      <trkpt lat="67.822519433" lon="-22.848199483">
        <time>2025-09-08T14:50:50Z</time>
      </trkpt>
      <trkpt lat="67.821104783" lon="-22.846293400">
        <time>2025-09-08T14:51:54Z</time>
      </trkpt>
      <trkpt lat="67.819103333" lon="-22.842731667">
        <time>2025-09-08T14:53:38Z</time>
      </trkpt>
      <trkpt lat="67.818289283" lon="-22.840432983">
        <time>2025-09-08T14:54:18Z</time>
      </trkpt>
      <trkpt lat="67.815501600" lon="-22.834436750">
        <time>2025-09-08T14:56:42Z</time>
      </trkpt>
      <trkpt lat="67.809590917" lon="-22.823638000">
        <time>2025-09-08T15:01:14Z</time>
      </trkpt>
      <trkpt lat="67.807490617" lon="-22.818965133">
        <time>2025-09-08T15:03:06Z</time>
      </trkpt>
      <trkpt lat="67.806548333" lon="-22.817536667">
        <time>2025-09-08T15:03:54Z</time>
      </trkpt>
      <trkpt lat="67.804770217" lon="-22.813165433">
        <time>2025-09-08T15:05:22Z</time>
      </trkpt>
      <trkpt lat="67.803328333" lon="-22.810953333">
        <time>2025-09-08T15:06:34Z</time>
      </trkpt>
      <trkpt lat="67.801099483" lon="-22.806025700">
        <time>2025-09-08T15:08:18Z</time>
      </trkpt>
      <trkpt lat="67.798110000" lon="-22.801016667">
        <time>2025-09-08T15:10:43Z</time>
      </trkpt>
      <trkpt lat="67.791773333" lon="-22.788093333">
        <time>2025-09-08T15:16:12Z</time>
      </trkpt>
      <trkpt lat="67.787041667" lon="-22.777628333">
        <time>2025-09-08T15:20:04Z</time>
      </trkpt>
      <trkpt lat="67.776543333" lon="-22.757628333">
        <time>2025-09-08T15:28:04Z</time>
      </trkpt>
      <trkpt lat="67.767950000" lon="-22.739683333">
        <time>2025-09-08T15:34:52Z</time>
      </trkpt>
      <trkpt lat="67.765391667" lon="-22.735420000">
        <time>2025-09-08T15:36:36Z</time>
      </trkpt>
      <trkpt lat="67.760748333" lon="-22.726061667">
        <time>2025-09-08T15:40:21Z</time>
      </trkpt>
      <trkpt lat="67.758913667" lon="-22.721726850">
        <time>2025-09-08T15:41:49Z</time>
      </trkpt>
      <trkpt lat="67.754783333" lon="-22.714501667">
        <time>2025-09-08T15:45:01Z</time>
      </trkpt>
      <trkpt lat="67.754242317" lon="-22.712905450">
        <time>2025-09-08T15:45:25Z</time>
      </trkpt>
      <trkpt lat="67.752820000" lon="-22.710508333">
        <time>2025-09-08T15:46:37Z</time>
      </trkpt>
      <trkpt lat="67.751007317" lon="-22.706216333">
        <time>2025-09-08T15:48:05Z</time>
      </trkpt>
      <trkpt lat="67.746445000" lon="-22.697593333">
        <time>2025-09-08T15:51:42Z</time>
      </trkpt>
      <trkpt lat="67.744733333" lon="-22.693628333">
        <time>2025-09-08T15:53:10Z</time>
      </trkpt>
      <trkpt lat="67.741401667" lon="-22.687651667">
        <time>2025-09-08T15:55:34Z</time>
      </trkpt>
      <trkpt lat="67.739308333" lon="-22.682891667">
        <time>2025-09-08T15:57:10Z</time>
      </trkpt>
      <trkpt lat="67.738423333" lon="-22.681673333">
        <time>2025-09-08T15:57:42Z</time>
      </trkpt>
      <trkpt lat="67.733001667" lon="-22.670198333">
        <time>2025-09-08T16:01:50Z</time>
      </trkpt>
      <trkpt lat="67.731160000" lon="-22.666998333">
        <time>2025-09-08T16:03:10Z</time>
      </trkpt>
      <trkpt lat="67.730090000" lon="-22.664316667">
        <time>2025-09-08T16:04:06Z</time>
      </trkpt>
      <trkpt lat="67.722120000" lon="-22.648976667">
        <time>2025-09-08T16:09:58Z</time>
      </trkpt>
      <trkpt lat="67.703481667" lon="-22.611271667">
        <time>2025-09-08T16:24:23Z</time>
      </trkpt>
      <trkpt lat="67.699825000" lon="-22.604606667">
        <time>2025-09-08T16:27:03Z</time>
      </trkpt>
      <trkpt lat="67.697451667" lon="-22.599218333">
        <time>2025-09-08T16:28:55Z</time>
      </trkpt>
      <trkpt lat="67.686505000" lon="-22.578060000">
        <time>2025-09-08T16:36:47Z</time>
      </trkpt>
      <trkpt lat="67.684319800" lon="-22.572850683">
        <time>2025-09-08T16:38:31Z</time>
      </trkpt>
      <trkpt lat="67.676403867" lon="-22.556696850">
        <time>2025-09-08T16:44:15Z</time>
      </trkpt>
      <trkpt lat="67.673517350" lon="-22.551488483">
        <time>2025-09-08T16:46:07Z</time>
      </trkpt>
      <trkpt lat="67.671968583" lon="-22.548018000">
        <time>2025-09-08T16:47:19Z</time>
      </trkpt>
      <trkpt lat="67.669818333" lon="-22.544378333">
        <time>2025-09-08T16:48:47Z</time>
      </trkpt>
      <trkpt lat="67.663833333" lon="-22.532083333">
        <time>2025-09-08T16:53:03Z</time>
      </trkpt>
      <trkpt lat="67.661933333" lon="-22.529198333">
        <time>2025-09-08T16:54:15Z</time>
      </trkpt>
      <trkpt lat="67.655300000" lon="-22.514961667">
        <time>2025-09-08T16:59:19Z</time>
      </trkpt>
      <trkpt lat="67.652546667" lon="-22.510193333">
        <time>2025-09-08T17:01:11Z</time>
      </trkpt>
      <trkpt lat="67.646018333" lon="-22.496531667">
        <time>2025-09-08T17:06:07Z</time>
      </trkpt>
      <trkpt lat="67.644625000" lon="-22.494228333">
        <time>2025-09-08T17:07:03Z</time>
      </trkpt>
      <trkpt lat="67.641765000" lon="-22.488013333">
        <time>2025-09-08T17:09:11Z</time>
      </trkpt>
      <trkpt lat="67.638253333" lon="-22.481738333">
        <time>2025-09-08T17:11:36Z</time>
      </trkpt>
      <trkpt lat="67.635260000" lon="-22.475226667">
        <time>2025-09-08T17:13:52Z</time>
      </trkpt>
      <trkpt lat="67.634068333" lon="-22.473356667">
        <time>2025-09-08T17:14:40Z</time>
      </trkpt>
      <trkpt lat="67.627663333" lon="-22.460058333">
        <time>2025-09-08T17:19:44Z</time>
      </trkpt>
      <trkpt lat="67.612876667" lon="-22.431063333">
        <time>2025-09-08T17:30:49Z</time>
      </trkpt>
      <trkpt lat="67.607808333" lon="-22.420440000">
        <time>2025-09-08T17:34:41Z</time>
      </trkpt>
      <trkpt lat="67.601951667" lon="-22.409410000">
        <time>2025-09-08T17:38:58Z</time>
      </trkpt>
      <trkpt lat="67.600865000" lon="-22.406705000">
        <time>2025-09-08T17:39:54Z</time>
      </trkpt>
      <trkpt lat="67.585500000" lon="-22.376455000">
        <time>2025-09-08T17:50:51Z</time>
      </trkpt>
      <trkpt lat="67.582046667" lon="-22.368981667">
        <time>2025-09-08T17:53:23Z</time>
      </trkpt>
      <trkpt lat="67.567301667" lon="-22.340026667">
        <time>2025-09-08T18:03:40Z</time>
      </trkpt>
      <trkpt lat="67.551835167" lon="-22.308631683">
        <time>2025-09-08T18:14:45Z</time>
      </trkpt>
      <trkpt lat="67.530501667" lon="-22.267060000">
        <time>2025-09-08T18:29:29Z</time>
      </trkpt>
      <trkpt lat="67.523261633" lon="-22.251988100">
        <time>2025-09-08T18:34:27Z</time>
      </trkpt>
      <trkpt lat="67.518910000" lon="-22.244053333">
        <time>2025-09-08T18:37:24Z</time>
      </trkpt>
      <trkpt lat="67.509194633" lon="-22.224200683">
        <time>2025-09-08T18:43:58Z</time>
      </trkpt>
      <trkpt lat="67.504730000" lon="-22.216121667">
        <time>2025-09-08T18:46:55Z</time>
      </trkpt>
      <trkpt lat="67.489390833" lon="-22.185212917">
        <time>2025-09-08T18:57:06Z</time>
      </trkpt>
      <trkpt lat="67.479635000" lon="-22.166615000">
        <time>2025-09-08T19:03:25Z</time>
      </trkpt>
      <trkpt lat="67.469533633" lon="-22.146141067">
        <time>2025-09-08T19:09:51Z</time>
      </trkpt>
      <trkpt lat="67.466013333" lon="-22.139693333">
        <time>2025-09-08T19:12:08Z</time>
      </trkpt>
      <trkpt lat="67.439389200" lon="-22.086739233">
        <time>2025-09-08T19:28:45Z</time>
      </trkpt>
      <trkpt lat="67.438118333" lon="-22.084770000">
        <time>2025-09-08T19:29:34Z</time>
      </trkpt>
      <trkpt lat="67.432871183" lon="-22.073861533">
        <time>2025-09-08T19:32:47Z</time>
      </trkpt>
      <trkpt lat="67.421888333" lon="-22.052851667">
        <time>2025-09-08T19:39:30Z</time>
      </trkpt>
      <trkpt lat="67.400543583" lon="-22.010570000">
        <time>2025-09-08T19:52:38Z</time>
      </trkpt>
      <trkpt lat="67.399318333" lon="-22.008735000">
        <time>2025-09-08T19:53:27Z</time>
      </trkpt>
      <trkpt lat="67.394684050" lon="-21.998949500">
        <time>2025-09-08T19:56:15Z</time>
      </trkpt>
      <trkpt lat="67.367116667" lon="-21.945376667">
        <time>2025-09-08T20:12:37Z</time>
      </trkpt>
      <trkpt lat="67.280251467" lon="-21.774232800">
        <time>2025-09-08T21:04:46Z</time>
      </trkpt>
      <trkpt lat="67.265731667" lon="-21.746339633">
        <time>2025-09-08T21:13:21Z</time>
      </trkpt>
      <trkpt lat="67.258269617" lon="-21.731334633">
        <time>2025-09-08T21:17:47Z</time>
      </trkpt>
      <trkpt lat="67.172801667" lon="-21.565373333">
        <time>2025-09-08T22:05:31Z</time>
      </trkpt>
      <trkpt lat="67.168452400" lon="-21.556310950">
        <time>2025-09-08T22:07:56Z</time>
      </trkpt>
      <trkpt lat="67.134888667" lon="-21.491945067">
        <time>2025-09-08T22:26:43Z</time>
      </trkpt>
      <trkpt lat="67.118014117" lon="-21.458602450">
        <time>2025-09-08T22:36:39Z</time>
      </trkpt>
      <trkpt lat="67.111545000" lon="-21.446593333">
        <time>2025-09-08T22:40:24Z</time>
      </trkpt>
      <trkpt lat="67.102851233" lon="-21.429169517">
        <time>2025-09-08T22:45:38Z</time>
      </trkpt>
      <trkpt lat="67.096993333" lon="-21.418306667">
        <time>2025-09-08T22:49:07Z</time>
      </trkpt>
      <trkpt lat="67.090629750" lon="-21.405546917">
        <time>2025-09-08T22:52:44Z</time>
      </trkpt>
      <trkpt lat="67.087308333" lon="-21.399546667">
        <time>2025-09-08T22:54:45Z</time>
      </trkpt>
      <trkpt lat="67.039852733" lon="-21.307191733">
        <time>2025-09-08T23:21:40Z</time>
      </trkpt>
      <trkpt lat="67.030940000" lon="-21.290580000">
        <time>2025-09-08T23:26:54Z</time>
      </trkpt>
      <trkpt lat="66.988752783" lon="-21.208461567">
        <time>2025-09-08T23:49:42Z</time>
      </trkpt>
      <trkpt lat="66.958060000" lon="-21.149585000">
        <time>2025-09-09T00:05:15Z</time>
      </trkpt>
      <trkpt lat="66.947999233" lon="-21.129718883">
        <time>2025-09-09T00:10:29Z</time>
      </trkpt>
      <trkpt lat="66.923180000" lon="-21.082371667">
        <time>2025-09-09T00:23:06Z</time>
      </trkpt>
      <trkpt lat="66.902244900" lon="-21.041575500">
        <time>2025-09-09T00:33:42Z</time>
      </trkpt>
      <trkpt lat="66.878778333" lon="-20.997025000">
        <time>2025-09-09T00:45:29Z</time>
      </trkpt>
      <trkpt lat="66.849700000" lon="-20.940746667">
        <time>2025-09-09T00:59:43Z</time>
      </trkpt>
      <trkpt lat="66.837081667" lon="-20.916976667">
        <time>2025-09-09T01:05:45Z</time>
      </trkpt>
      <trkpt lat="66.809686367" lon="-20.863849717">
        <time>2025-09-09T01:19:10Z</time>
      </trkpt>
      <trkpt lat="66.794865000" lon="-20.835838333">
        <time>2025-09-09T01:26:25Z</time>
      </trkpt>
      <trkpt lat="66.773553933" lon="-20.794339550">
        <time>2025-09-09T01:36:36Z</time>
      </trkpt>
      <trkpt lat="66.753153333" lon="-20.756120000">
        <time>2025-09-09T01:46:39Z</time>
      </trkpt>
      <trkpt lat="66.737326667" lon="-20.725160000">
        <time>2025-09-09T01:54:42Z</time>
      </trkpt>
      <trkpt lat="66.737271667" lon="-20.724110000">
        <time>2025-09-09T01:54:58Z</time>
      </trkpt>
      <trkpt lat="66.737816667" lon="-20.721161667">
        <time>2025-09-09T01:56:02Z</time>
      </trkpt>
      <trkpt lat="66.737403333" lon="-20.702853333">
        <time>2025-09-09T01:59:48Z</time>
      </trkpt>
      <trkpt lat="66.738101667" lon="-20.690271667">
        <time>2025-09-09T02:01:56Z</time>
      </trkpt>
      <trkpt lat="66.752915550" lon="-20.515893150">
        <time>2025-09-09T02:30:46Z</time>
      </trkpt>
      <trkpt lat="66.768485000" lon="-20.328900000">
        <time>2025-09-09T03:01:46Z</time>
      </trkpt>
      <trkpt lat="66.774794150" lon="-20.255514217">
        <time>2025-09-09T03:13:34Z</time>
      </trkpt>
      <trkpt lat="66.787845000" lon="-20.098408333">
        <time>2025-09-09T03:39:35Z</time>
      </trkpt>
      <trkpt lat="66.790020183" lon="-20.074239833">
        <time>2025-09-09T03:43:36Z</time>
      </trkpt>
      <trkpt lat="66.820243333" lon="-19.712573333">
        <time>2025-09-09T04:44:13Z</time>
      </trkpt>
      <trkpt lat="66.823490917" lon="-19.676680050">
        <time>2025-09-09T04:50:07Z</time>
      </trkpt>
      <trkpt lat="66.832683333" lon="-19.563928333">
        <time>2025-09-09T05:08:13Z</time>
      </trkpt>
      <trkpt lat="66.848348817" lon="-19.379874600">
        <time>2025-09-09T05:37:58Z</time>
      </trkpt>
      <trkpt lat="66.851941667" lon="-19.334958333">
        <time>2025-09-09T05:45:05Z</time>
      </trkpt>
      <trkpt lat="66.856423917" lon="-19.283037283">
        <time>2025-09-09T05:52:59Z</time>
      </trkpt>
      <trkpt lat="66.858813333" lon="-19.252661667">
        <time>2025-09-09T05:58:05Z</time>
      </trkpt>
      <trkpt lat="66.876393333" lon="-19.044855000">
        <time>2025-09-09T06:32:41Z</time>
      </trkpt>
      <trkpt lat="66.876748333" lon="-19.044045000">
        <time>2025-09-09T06:32:57Z</time>
      </trkpt>
      <trkpt lat="66.877721667" lon="-19.043648333">
        <time>2025-09-09T06:33:38Z</time>
      </trkpt>
      <trkpt lat="66.880393333" lon="-19.048081667">
        <time>2025-09-09T06:35:23Z</time>
      </trkpt>
      <trkpt lat="66.920325000" lon="-19.127233333">
        <time>2025-09-09T06:56:34Z</time>
      </trkpt>
      <trkpt lat="66.928718450" lon="-19.144550933">
        <time>2025-09-09T07:00:43Z</time>
      </trkpt>
      <trkpt lat="67.013848333" lon="-19.314245000">
        <time>2025-09-09T07:44:26Z</time>
      </trkpt>
      <trkpt lat="67.032740000" lon="-19.352570000">
        <time>2025-09-09T07:54:05Z</time>
      </trkpt>
      <trkpt lat="67.044291667" lon="-19.375168333">
        <time>2025-09-09T07:59:59Z</time>
      </trkpt>
      <trkpt lat="67.057785000" lon="-19.403005000">
        <time>2025-09-09T08:06:50Z</time>
      </trkpt>
      <trkpt lat="67.069593333" lon="-19.426010000">
        <time>2025-09-09T08:13:15Z</time>
      </trkpt>
      <trkpt lat="67.085013333" lon="-19.457556667">
        <time>2025-09-09T08:21:26Z</time>
      </trkpt>
      <trkpt lat="67.129685000" lon="-19.546880000">
        <time>2025-09-09T08:44:39Z</time>
      </trkpt>
      <trkpt lat="67.151749167" lon="-19.591827733">
        <time>2025-09-09T08:56:11Z</time>
      </trkpt>
      <trkpt lat="67.162968333" lon="-19.614030000">
        <time>2025-09-09T09:01:57Z</time>
      </trkpt>
      <trkpt lat="67.174689733" lon="-19.638162050">
        <time>2025-09-09T09:07:59Z</time>
      </trkpt>
      <trkpt lat="67.191558333" lon="-19.671666667">
        <time>2025-09-09T09:16:51Z</time>
      </trkpt>
      <trkpt lat="67.199458867" lon="-19.688136367">
        <time>2025-09-09T09:21:00Z</time>
      </trkpt>
      <trkpt lat="67.212470000" lon="-19.713688333">
        <time>2025-09-09T09:28:06Z</time>
      </trkpt>
      <trkpt lat="67.228164733" lon="-19.746219683">
        <time>2025-09-09T09:36:17Z</time>
      </trkpt>
      <trkpt lat="67.265018333" lon="-19.820166667">
        <time>2025-09-09T09:55:36Z</time>
      </trkpt>
      <trkpt lat="67.347725000" lon="-19.988396667">
        <time>2025-09-09T10:39:37Z</time>
      </trkpt>
      <trkpt lat="67.362020067" lon="-20.016934033">
        <time>2025-09-09T10:47:14Z</time>
      </trkpt>
      <trkpt lat="67.383650067" lon="-20.061478050">
        <time>2025-09-09T10:59:06Z</time>
      </trkpt>
      <trkpt lat="67.407505000" lon="-20.109505000">
        <time>2025-09-09T11:12:03Z</time>
      </trkpt>
      <trkpt lat="67.443789183" lon="-20.183979950">
        <time>2025-09-09T11:31:07Z</time>
      </trkpt>
      <trkpt lat="67.493756667" lon="-20.285448333">
        <time>2025-09-09T11:58:05Z</time>
      </trkpt>
      <trkpt lat="67.511999017" lon="-20.323271750">
        <time>2025-09-09T12:08:05Z</time>
      </trkpt>
      <trkpt lat="67.524561367" lon="-20.348477900">
        <time>2025-09-09T12:14:53Z</time>
      </trkpt>
      <trkpt lat="67.531023333" lon="-20.362173333">
        <time>2025-09-09T12:18:38Z</time>
      </trkpt>
      <trkpt lat="67.535501667" lon="-20.370813333">
        <time>2025-09-09T12:21:02Z</time>
      </trkpt>
      <trkpt lat="67.540798333" lon="-20.382276667">
        <time>2025-09-09T12:24:06Z</time>
      </trkpt>
      <trkpt lat="67.558921667" lon="-20.418913333">
        <time>2025-09-09T12:34:15Z</time>
      </trkpt>
      <trkpt lat="67.607165000" lon="-20.518305000">
        <time>2025-09-09T13:00:42Z</time>
      </trkpt>
      <trkpt lat="67.622190083" lon="-20.548557183">
        <time>2025-09-09T13:08:58Z</time>
      </trkpt>
      <trkpt lat="67.632336217" lon="-20.570238083">
        <time>2025-09-09T13:14:42Z</time>
      </trkpt>
      <trkpt lat="67.657305000" lon="-20.620890000">
        <time>2025-09-09T13:29:09Z</time>
      </trkpt>
      <trkpt lat="67.681795733" lon="-20.671916850">
        <time>2025-09-09T13:43:02Z</time>
      </trkpt>
      <trkpt lat="67.688145000" lon="-20.684491667">
        <time>2025-09-09T13:46:39Z</time>
      </trkpt>
      <trkpt lat="67.732522867" lon="-20.776649467">
        <time>2025-09-09T14:11:21Z</time>
      </trkpt>
      <trkpt lat="67.747353333" lon="-20.806575000">
        <time>2025-09-09T14:19:30Z</time>
      </trkpt>
      <trkpt lat="67.765569867" lon="-20.844819650">
        <time>2025-09-09T14:29:40Z</time>
      </trkpt>
      <trkpt lat="67.773271667" lon="-20.860118333">
        <time>2025-09-09T14:34:05Z</time>
      </trkpt>
      <trkpt lat="67.782229450" lon="-20.879465550">
        <time>2025-09-09T14:39:01Z</time>
      </trkpt>
      <trkpt lat="67.803828333" lon="-20.923370000">
        <time>2025-09-09T14:50:45Z</time>
      </trkpt>
      <trkpt lat="67.823616600" lon="-20.965242483">
        <time>2025-09-09T15:01:25Z</time>
      </trkpt>
      <trkpt lat="67.845188417" lon="-21.009198650">
        <time>2025-09-09T15:13:09Z</time>
      </trkpt>
      <trkpt lat="67.854638550" lon="-21.029710817">
        <time>2025-09-09T15:18:38Z</time>
      </trkpt>
      <trkpt lat="67.926525000" lon="-21.178716667">
        <time>2025-09-09T15:57:20Z</time>
      </trkpt>
      <trkpt lat="67.988423333" lon="-21.308481667">
        <time>2025-09-09T16:30:14Z</time>
      </trkpt>
      <trkpt lat="68.011205000" lon="-21.355315000">
        <time>2025-09-09T16:42:07Z</time>
      </trkpt>
      <trkpt lat="68.031848333" lon="-21.398886667">
        <time>2025-09-09T16:53:01Z</time>
      </trkpt>
      <trkpt lat="68.035986667" lon="-21.410075000">
        <time>2025-09-09T16:55:26Z</time>
      </trkpt>
      <trkpt lat="68.038020433" lon="-21.414482600">
        <time>2025-09-09T16:56:23Z</time>
      </trkpt>
      <trkpt lat="68.045881667" lon="-21.428385000">
        <time>2025-09-09T17:00:26Z</time>
      </trkpt>
      <trkpt lat="68.081883333" lon="-21.502903333">
        <time>2025-09-09T17:19:42Z</time>
      </trkpt>
      <trkpt lat="68.119724500" lon="-21.582893883">
        <time>2025-09-09T17:39:51Z</time>
      </trkpt>
      <trkpt lat="68.120345583" lon="-21.583685300">
        <time>2025-09-09T17:40:23Z</time>
      </trkpt>
      <trkpt lat="68.120958700" lon="-21.583246883">
        <time>2025-09-09T17:41:43Z</time>
      </trkpt>
      <trkpt lat="68.121395517" lon="-21.586713117">
        <time>2025-09-09T17:49:11Z</time>
      </trkpt>
      <trkpt lat="68.121877800" lon="-21.587478767">
        <time>2025-09-09T17:52:07Z</time>
      </trkpt>
      <trkpt lat="68.122336450" lon="-21.588830333">
        <time>2025-09-09T17:55:35Z</time>
      </trkpt>
      <trkpt lat="68.122345000" lon="-21.590793333">
        <time>2025-09-09T17:58:07Z</time>
      </trkpt>
      <trkpt lat="68.122931667" lon="-21.591795000">
        <time>2025-09-09T18:01:35Z</time>
      </trkpt>
      <trkpt lat="68.123096667" lon="-21.593141667">
        <time>2025-09-09T18:03:36Z</time>
      </trkpt>
      <trkpt lat="68.124276667" lon="-21.594041667">
        <time>2025-09-09T18:07:44Z</time>
      </trkpt>
      <trkpt lat="68.125236667" lon="-21.595611667">
        <time>2025-09-09T18:08:48Z</time>
      </trkpt>
      <trkpt lat="68.125884150" lon="-21.595880067">
        <time>2025-09-09T18:09:12Z</time>
      </trkpt>
      <trkpt lat="68.126661667" lon="-21.594866667">
        <time>2025-09-09T18:10:01Z</time>
      </trkpt>
      <trkpt lat="68.127141667" lon="-21.594865000">
        <time>2025-09-09T18:10:25Z</time>
      </trkpt>
      <trkpt lat="68.130882667" lon="-21.605266333">
        <time>2025-09-09T18:13:05Z</time>
      </trkpt>
      <trkpt lat="68.134580967" lon="-21.614147450">
        <time>2025-09-09T18:15:13Z</time>
      </trkpt>
      <trkpt lat="68.154640000" lon="-21.655581667">
        <time>2025-09-09T18:26:02Z</time>
      </trkpt>
      <trkpt lat="68.164169333" lon="-21.676166650">
        <time>2025-09-09T18:31:15Z</time>
      </trkpt>
      <trkpt lat="68.176405000" lon="-21.701338333">
        <time>2025-09-09T18:37:55Z</time>
      </trkpt>
      <trkpt lat="68.190212317" lon="-21.730891617">
        <time>2025-09-09T18:45:11Z</time>
      </trkpt>
    </trkseg>
  </trk>
  <trk>
    <extensions>
      <opencpn:guid>6e89ffff-1f04-4261-9081-0fc40d010000</opencpn:guid>
      <opencpn:viz>1</opencpn:viz>
    </extensions>
    <trkseg>
      <trkpt lat="68.190076667" lon="-21.730495000">
        <time>2025-09-09T18:45:13Z</time>
      </trkpt>
      <trkpt lat="68.240523583" lon="-21.837037317">
        <time>2025-09-09T19:12:04Z</time>
      </trkpt>
      <trkpt lat="68.255511667" lon="-21.868136667">
        <time>2025-09-09T19:20:22Z</time>
      </trkpt>
      <trkpt lat="68.318718500" lon="-22.002381383">
        <time>2025-09-09T19:53:21Z</time>
      </trkpt>
      <trkpt lat="68.335321667" lon="-22.036991667">
        <time>2025-09-09T20:02:02Z</time>
      </trkpt>
      <trkpt lat="68.348408183" lon="-22.065335667">
        <time>2025-09-09T20:08:58Z</time>
      </trkpt>
      <trkpt lat="68.376596667" lon="-22.125071667">
        <time>2025-09-09T20:24:22Z</time>
      </trkpt>
      <trkpt lat="68.376565000" lon="-22.126386667">
        <time>2025-09-09T20:24:46Z</time>
      </trkpt>
      <trkpt lat="68.375853333" lon="-22.127203333">
        <time>2025-09-09T20:25:34Z</time>
      </trkpt>
      <trkpt lat="68.374556100" lon="-22.125720517">
        <time>2025-09-09T20:26:30Z</time>
      </trkpt>
      <trkpt lat="68.352963333" lon="-22.107981667">
        <time>2025-09-09T20:35:21Z</time>
      </trkpt>
      <trkpt lat="68.352488333" lon="-22.107151667">
        <time>2025-09-09T20:35:38Z</time>
      </trkpt>
      <trkpt lat="68.352233333" lon="-22.105760000">
        <time>2025-09-09T20:36:02Z</time>
      </trkpt>
      <trkpt lat="68.352360000" lon="-22.104655000">
        <time>2025-09-09T20:36:34Z</time>
      </trkpt>
      <trkpt lat="68.352735000" lon="-22.104303333">
        <time>2025-09-09T20:37:14Z</time>
      </trkpt>
      <trkpt lat="68.353440133" lon="-22.105248633">
        <time>2025-09-09T20:38:10Z</time>
      </trkpt>
      <trkpt lat="68.354863333" lon="-22.105488333">
        <time>2025-09-09T20:39:39Z</time>
      </trkpt>
      <trkpt lat="68.363901267" lon="-22.111548450">
        <time>2025-09-09T20:49:26Z</time>
      </trkpt>
      <trkpt lat="68.367556667" lon="-22.112178333">
        <time>2025-09-09T20:53:28Z</time>
      </trkpt>
      <trkpt lat="68.374008333" lon="-22.115400000">
        <time>2025-09-09T20:59:54Z</time>
      </trkpt>
      <trkpt lat="68.375606667" lon="-22.117743333">
        <time>2025-09-09T21:04:04Z</time>
      </trkpt>
      <trkpt lat="68.377080033" lon="-22.121012833">
        <time>2025-09-09T21:07:17Z</time>
      </trkpt>
      <trkpt lat="68.378204417" lon="-22.122536950">
        <time>2025-09-09T21:08:54Z</time>
      </trkpt>
      <trkpt lat="68.381108333" lon="-22.124811667">
        <time>2025-09-09T21:12:40Z</time>
      </trkpt>
      <trkpt lat="68.383673333" lon="-22.124945000">
        <time>2025-09-09T21:16:02Z</time>
      </trkpt>
      <trkpt lat="68.383998100" lon="-22.125403283">
        <time>2025-09-09T21:16:18Z</time>
      </trkpt>
      <trkpt lat="68.384074517" lon="-22.126560067">
        <time>2025-09-09T21:16:50Z</time>
      </trkpt>
      <trkpt lat="68.382868333" lon="-22.129468333">
        <time>2025-09-09T21:18:19Z</time>
      </trkpt>
      <trkpt lat="68.382063500" lon="-22.132530600">
        <time>2025-09-09T21:18:59Z</time>
      </trkpt>
      <trkpt lat="68.381935050" lon="-22.133737783">
        <time>2025-09-09T21:19:15Z</time>
      </trkpt>
      <trkpt lat="68.382012133" lon="-22.134743733">
        <time>2025-09-09T21:19:31Z</time>
      </trkpt>
      <trkpt lat="68.382900000" lon="-22.136906667">
        <time>2025-09-09T21:20:36Z</time>
      </trkpt>
      <trkpt lat="68.383526667" lon="-22.139453333">
        <time>2025-09-09T21:21:16Z</time>
      </trkpt>
      <trkpt lat="68.389728083" lon="-22.153124450">
        <time>2025-09-09T21:24:37Z</time>
      </trkpt>
      <trkpt lat="68.398751667" lon="-22.171663333">
        <time>2025-09-09T21:29:19Z</time>
      </trkpt>
      <trkpt lat="68.415819267" lon="-22.208537733">
        <time>2025-09-09T21:38:27Z</time>
      </trkpt>
      <trkpt lat="68.427178333" lon="-22.232098333">
        <time>2025-09-09T21:44:45Z</time>
      </trkpt>
      <trkpt lat="68.439224467" lon="-22.258465050">
        <time>2025-09-09T21:51:11Z</time>
      </trkpt>
      <trkpt lat="68.451276667" lon="-22.283635017">
        <time>2025-09-09T21:57:29Z</time>
      </trkpt>
      <trkpt lat="68.461649083" lon="-22.306176800">
        <time>2025-09-09T22:02:59Z</time>
      </trkpt>
      <trkpt lat="68.490743333" lon="-22.367378333">
        <time>2025-09-09T22:18:25Z</time>
      </trkpt>
      <trkpt lat="68.534082000" lon="-22.461064233">
        <time>2025-09-09T22:42:33Z</time>
      </trkpt>
      <trkpt lat="68.554156667" lon="-22.503135000">
        <time>2025-09-09T22:54:14Z</time>
      </trkpt>
      <trkpt lat="68.591191667" lon="-22.582291667">
        <time>2025-09-09T23:15:17Z</time>
      </trkpt>
      <trkpt lat="68.607524033" lon="-22.618048533">
        <time>2025-09-09T23:24:41Z</time>
      </trkpt>
      <trkpt lat="68.616495000" lon="-22.636846667">
        <time>2025-09-09T23:29:55Z</time>
      </trkpt>
      <trkpt lat="68.627967767" lon="-22.662004550">
        <time>2025-09-09T23:36:21Z</time>
      </trkpt>
      <trkpt lat="68.646983333" lon="-22.703031667">
        <time>2025-09-09T23:47:21Z</time>
      </trkpt>
      <trkpt lat="68.647048333" lon="-22.704330000">
        <time>2025-09-09T23:47:37Z</time>
      </trkpt>
      <trkpt lat="68.646895000" lon="-22.705355000">
        <time>2025-09-09T23:47:53Z</time>
      </trkpt>
      <trkpt lat="68.646465000" lon="-22.706118333">
        <time>2025-09-09T23:48:17Z</time>
      </trkpt>
      <trkpt lat="68.644881667" lon="-22.704078333">
        <time>2025-09-09T23:49:46Z</time>
      </trkpt>
      <trkpt lat="68.632441667" lon="-22.698743333">
        <time>2025-09-09T23:55:00Z</time>
      </trkpt>
      <trkpt lat="68.624378333" lon="-22.692378333">
        <time>2025-09-09T23:58:13Z</time>
      </trkpt>
      <trkpt lat="68.623983333" lon="-22.691295000">
        <time>2025-09-09T23:58:29Z</time>
      </trkpt>
      <trkpt lat="68.623863333" lon="-22.689606667">
        <time>2025-09-09T23:58:53Z</time>
      </trkpt>
      <trkpt lat="68.624101667" lon="-22.688030000">
        <time>2025-09-09T23:59:26Z</time>
      </trkpt>
      <trkpt lat="68.629191667" lon="-22.670416667">
        <time>2025-09-10T00:07:21Z</time>
      </trkpt>
      <trkpt lat="68.631526667" lon="-22.663305000">
        <time>2025-09-10T00:11:06Z</time>
      </trkpt>
      <trkpt lat="68.632415000" lon="-22.661403333">
        <time>2025-09-10T00:12:35Z</time>
      </trkpt>
      <trkpt lat="68.633191667" lon="-22.660845000">
        <time>2025-09-10T00:13:23Z</time>
      </trkpt>
      <trkpt lat="68.633803333" lon="-22.661260000">
        <time>2025-09-10T00:13:55Z</time>
      </trkpt>
      <trkpt lat="68.635925000" lon="-22.665576667">
        <time>2025-09-10T00:15:40Z</time>
      </trkpt>
      <trkpt lat="68.638600000" lon="-22.674578333">
        <time>2025-09-10T00:19:10Z</time>
      </trkpt>
      <trkpt lat="68.640655000" lon="-22.682556667">
        <time>2025-09-10T00:23:11Z</time>
      </trkpt>
      <trkpt lat="68.642246983" lon="-22.697528850">
        <time>2025-09-10T00:30:58Z</time>
      </trkpt>
      <trkpt lat="68.642911667" lon="-22.701136667">
        <time>2025-09-10T00:32:27Z</time>
      </trkpt>
      <trkpt lat="68.644996667" lon="-22.707508333">
        <time>2025-09-10T00:35:08Z</time>
      </trkpt>
      <trkpt lat="68.646581667" lon="-22.714458333">
        <time>2025-09-10T00:37:57Z</time>
      </trkpt>
      <trkpt lat="68.646996667" lon="-22.715636667">
        <time>2025-09-10T00:38:29Z</time>
      </trkpt>
      <trkpt lat="68.647393333" lon="-22.715815000">
        <time>2025-09-10T00:39:01Z</time>
      </trkpt>
      <trkpt lat="68.647632817" lon="-22.715209700">
        <time>2025-09-10T00:39:25Z</time>
      </trkpt>
      <trkpt lat="68.647726667" lon="-22.713641667">
        <time>2025-09-10T00:40:21Z</time>
      </trkpt>
      <trkpt lat="68.648920000" lon="-22.707830000">
        <time>2025-09-10T00:42:22Z</time>
      </trkpt>
      <trkpt lat="68.649295000" lon="-22.707266667">
        <time>2025-09-10T00:42:46Z</time>
      </trkpt>
      <trkpt lat="68.650614933" lon="-22.710804667">
        <time>2025-09-10T00:44:07Z</time>
      </trkpt>
      <trkpt lat="68.653973617" lon="-22.718426400">
        <time>2025-09-10T00:46:08Z</time>
      </trkpt>
      <trkpt lat="68.672383333" lon="-22.756970000">
        <time>2025-09-10T00:56:04Z</time>
      </trkpt>
      <trkpt lat="68.726028417" lon="-22.873128367">
        <time>2025-09-10T01:25:52Z</time>
      </trkpt>
      <trkpt lat="68.771435000" lon="-22.970275000">
        <time>2025-09-10T01:50:57Z</time>
      </trkpt>
      <trkpt lat="68.784640000" lon="-22.999283333">
        <time>2025-09-10T01:57:55Z</time>
      </trkpt>
      <trkpt lat="68.789640533" lon="-23.010990283">
        <time>2025-09-10T02:00:20Z</time>
      </trkpt>
      <trkpt lat="68.796123333" lon="-23.025040000">
        <time>2025-09-10T02:03:34Z</time>
      </trkpt>
      <trkpt lat="68.797620000" lon="-23.029256667">
        <time>2025-09-10T02:04:22Z</time>
      </trkpt>
      <trkpt lat="68.803756667" lon="-23.042976667">
        <time>2025-09-10T02:07:28Z</time>
      </trkpt>
      <trkpt lat="68.808228333" lon="-23.050666667">
        <time>2025-09-10T02:09:36Z</time>
      </trkpt>
      <trkpt lat="68.809530000" lon="-23.054821667">
        <time>2025-09-10T02:10:25Z</time>
      </trkpt>
      <trkpt lat="68.811687183" lon="-23.060113967">
        <time>2025-09-10T02:11:29Z</time>
      </trkpt>
      <trkpt lat="68.830466667" lon="-23.095608333">
        <time>2025-09-10T02:20:53Z</time>
      </trkpt>
      <trkpt lat="68.842998333" lon="-23.120176667">
        <time>2025-09-10T02:26:55Z</time>
      </trkpt>
      <trkpt lat="68.858543333" lon="-23.152851667">
        <time>2025-09-10T02:34:42Z</time>
      </trkpt>
      <trkpt lat="68.876823333" lon="-23.194233333">
        <time>2025-09-10T02:44:14Z</time>
      </trkpt>
      <trkpt lat="68.878548333" lon="-23.201633333">
        <time>2025-09-10T02:45:27Z</time>
      </trkpt>
      <trkpt lat="68.880076250" lon="-23.206686017">
        <time>2025-09-10T02:46:15Z</time>
      </trkpt>
      <trkpt lat="68.882613333" lon="-23.213285000">
        <time>2025-09-10T02:47:43Z</time>
      </trkpt>
      <trkpt lat="68.888473333" lon="-23.225446667">
        <time>2025-09-10T02:50:41Z</time>
      </trkpt>
      <trkpt lat="68.945513333" lon="-23.349406667">
        <time>2025-09-10T03:19:40Z</time>
      </trkpt>
      <trkpt lat="68.971970000" lon="-23.406063333">
        <time>2025-09-10T03:33:06Z</time>
      </trkpt>
      <trkpt lat="68.983062533" lon="-23.430792217">
        <time>2025-09-10T03:38:44Z</time>
      </trkpt>
      <trkpt lat="69.011108333" lon="-23.491525000">
        <time>2025-09-10T03:53:05Z</time>
      </trkpt>
      <trkpt lat="69.040447167" lon="-23.556523517">
        <time>2025-09-10T04:07:42Z</time>
      </trkpt>
      <trkpt lat="69.065136667" lon="-23.609935000">
        <time>2025-09-10T04:19:54Z</time>
      </trkpt>
      <trkpt lat="69.088645850" lon="-23.662029983">
        <time>2025-09-10T04:31:50Z</time>
      </trkpt>
      <trkpt lat="69.126850033" lon="-23.745013483">
        <time>2025-09-10T04:49:56Z</time>
      </trkpt>
      <trkpt lat="69.126638333" lon="-23.744475000">
        <time>2025-09-10T04:49:57Z</time>
      </trkpt>
    </trkseg>
  </trk>
  <trk>
    <extensions>
      <opencpn:guid>167a0000-8cad-452b-aacf-df4505f20000</opencpn:guid>
      <opencpn:viz>1</opencpn:viz>
    </extensions>
    <trkseg>
      <trkpt lat="69.129544450" lon="-23.750901083">
        <time>2025-09-10T04:51:09Z</time>
      </trkpt>
      <trkpt lat="69.172596667" lon="-23.845363333">
        <time>2025-09-10T05:10:53Z</time>
      </trkpt>
      <trkpt lat="69.192444083" lon="-23.889918300">
        <time>2025-09-10T05:20:08Z</time>
      </trkpt>
      <trkpt lat="69.209466667" lon="-23.926326667">
        <time>2025-09-10T05:28:04Z</time>
      </trkpt>
      <trkpt lat="69.231280000" lon="-23.974428333">
        <time>2025-09-10T05:38:14Z</time>
      </trkpt>
      <trkpt lat="69.244663233" lon="-24.004744550">
        <time>2025-09-10T05:44:40Z</time>
      </trkpt>
      <trkpt lat="69.264281667" lon="-24.047348333">
        <time>2025-09-10T05:54:19Z</time>
      </trkpt>
      <trkpt lat="69.276136867" lon="-24.074192100">
        <time>2025-09-10T05:59:57Z</time>
      </trkpt>
      <trkpt lat="69.282126667" lon="-24.087016667">
        <time>2025-09-10T06:02:54Z</time>
      </trkpt>
      <trkpt lat="69.290352483" lon="-24.106532150">
        <time>2025-09-10T06:06:40Z</time>
      </trkpt>
      <trkpt lat="69.324326083" lon="-24.180563217">
        <time>2025-09-10T06:22:30Z</time>
      </trkpt>
      <trkpt lat="69.325024850" lon="-24.180541450">
        <time>2025-09-10T06:22:54Z</time>
      </trkpt>
      <trkpt lat="69.331138167" lon="-24.158761417">
        <time>2025-09-10T06:27:52Z</time>
      </trkpt>
      <trkpt lat="69.340333333" lon="-24.123253333">
        <time>2025-09-10T06:34:19Z</time>
      </trkpt>
      <trkpt lat="69.353046150" lon="-24.076850017">
        <time>2025-09-10T06:42:22Z</time>
      </trkpt>
      <trkpt lat="69.367130000" lon="-24.022038333">
        <time>2025-09-10T06:51:46Z</time>
      </trkpt>
      <trkpt lat="69.404970000" lon="-23.879248333">
        <time>2025-09-10T07:16:05Z</time>
      </trkpt>
      <trkpt lat="69.411079450" lon="-23.857217350">
        <time>2025-09-10T07:19:42Z</time>
      </trkpt>
      <trkpt lat="69.422831667" lon="-23.811428333">
        <time>2025-09-10T07:27:13Z</time>
      </trkpt>
      <trkpt lat="69.463300150" lon="-23.657410067">
        <time>2025-09-10T07:51:46Z</time>
      </trkpt>
      <trkpt lat="69.463293217" lon="-23.655214983">
        <time>2025-09-10T07:52:10Z</time>
      </trkpt>
      <trkpt lat="69.461740883" lon="-23.648479617">
        <time>2025-09-10T07:53:55Z</time>
      </trkpt>
      <trkpt lat="69.459427383" lon="-23.640294500">
        <time>2025-09-10T07:55:39Z</time>
      </trkpt>
      <trkpt lat="69.446870000" lon="-23.603538333">
        <time>2025-09-10T08:02:46Z</time>
      </trkpt>
      <trkpt lat="69.437853333" lon="-23.576193333">
        <time>2025-09-10T08:07:43Z</time>
      </trkpt>
      <trkpt lat="69.425100000" lon="-23.538996667">
        <time>2025-09-10T08:14:34Z</time>
      </trkpt>
      <trkpt lat="69.399497017" lon="-23.462041783">
        <time>2025-09-10T08:28:39Z</time>
      </trkpt>
      <trkpt lat="69.372966667" lon="-23.384625000">
        <time>2025-09-10T08:43:09Z</time>
      </trkpt>
      <trkpt lat="69.326786667" lon="-23.247708333">
        <time>2025-09-10T09:06:37Z</time>
      </trkpt>
      <trkpt lat="69.319991667" lon="-23.225758333">
        <time>2025-09-10T09:10:15Z</time>
      </trkpt>
      <trkpt lat="69.302078333" lon="-23.175013333">
        <time>2025-09-10T09:19:30Z</time>
      </trkpt>
      <trkpt lat="69.248793333" lon="-23.017753333">
        <time>2025-09-10T09:46:35Z</time>
      </trkpt>
      <trkpt lat="69.244616833" lon="-23.004642483">
        <time>2025-09-10T09:48:44Z</time>
      </trkpt>
      <trkpt lat="69.210505000" lon="-22.905233333">
        <time>2025-09-10T10:07:22Z</time>
      </trkpt>
      <trkpt lat="69.196386050" lon="-22.862980183">
        <time>2025-09-10T10:14:53Z</time>
      </trkpt>
      <trkpt lat="69.154848333" lon="-22.741463333">
        <time>2025-09-10T10:36:53Z</time>
      </trkpt>
      <trkpt lat="69.146719950" lon="-22.716554333">
        <time>2025-09-10T10:41:11Z</time>
      </trkpt>
      <trkpt lat="69.136423333" lon="-22.687316667">
        <time>2025-09-10T10:46:34Z</time>
      </trkpt>
      <trkpt lat="69.082676667" lon="-22.530025000">
        <time>2025-09-10T11:14:42Z</time>
      </trkpt>
    </trkseg>
  </trk>
  <trk>
    <extensions>
      <opencpn:guid>5cf4ffff-c099-45e1-ab52-24d2542cffff</opencpn:guid>
      <opencpn:viz>1</opencpn:viz>
    </extensions>
    <trkseg>
      <trkpt lat="69.074916667" lon="-22.507186667">
        <time>2025-09-10T11:18:34Z</time>
      </trkpt>
      <trkpt lat="69.061078333" lon="-22.467131667">
        <time>2025-09-10T11:25:39Z</time>
      </trkpt>
      <trkpt lat="69.054213967" lon="-22.446227833">
        <time>2025-09-10T11:29:07Z</time>
      </trkpt>
      <trkpt lat="69.035741667" lon="-22.393120000">
        <time>2025-09-10T11:38:36Z</time>
      </trkpt>
      <trkpt lat="68.980433333" lon="-22.232010000">
        <time>2025-09-10T12:07:32Z</time>
      </trkpt>
      <trkpt lat="68.973737333" lon="-22.211489567">
        <time>2025-09-10T12:11:01Z</time>
      </trkpt>
      <trkpt lat="68.938833983" lon="-22.110200017">
        <time>2025-09-10T12:28:36Z</time>
      </trkpt>
      <trkpt lat="68.938721667" lon="-22.108922450">
        <time>2025-09-10T12:29:00Z</time>
      </trkpt>
      <trkpt lat="68.939094100" lon="-22.107435650">
        <time>2025-09-10T12:31:08Z</time>
      </trkpt>
      <trkpt lat="68.938944950" lon="-22.107682317">
        <time>2025-09-10T12:33:32Z</time>
      </trkpt>
      <trkpt lat="68.939608250" lon="-22.108353733">
        <time>2025-09-10T12:37:56Z</time>
      </trkpt>
      <trkpt lat="68.939741667" lon="-22.109985000">
        <time>2025-09-10T12:45:02Z</time>
      </trkpt>
      <trkpt lat="68.941480000" lon="-22.112835000">
        <time>2025-09-10T12:58:06Z</time>
      </trkpt>
      <trkpt lat="68.941653333" lon="-22.113576667">
        <time>2025-09-10T12:58:38Z</time>
      </trkpt>
      <trkpt lat="68.941585000" lon="-22.114486667">
        <time>2025-09-10T12:59:10Z</time>
      </trkpt>
      <trkpt lat="68.941226667" lon="-22.114735000">
        <time>2025-09-10T12:59:50Z</time>
      </trkpt>
      <trkpt lat="68.939861667" lon="-22.112360000">
        <time>2025-09-10T13:01:10Z</time>
      </trkpt>
      <trkpt lat="68.932872533" lon="-22.093800150">
        <time>2025-09-10T13:05:10Z</time>
      </trkpt>
      <trkpt lat="68.865995000" lon="-21.899426667">
        <time>2025-09-10T13:39:04Z</time>
      </trkpt>
      <trkpt lat="68.848885317" lon="-21.849013467">
        <time>2025-09-10T13:47:52Z</time>
      </trkpt>
      <trkpt lat="68.831358333" lon="-21.799020000">
        <time>2025-09-10T13:57:05Z</time>
      </trkpt>
      <trkpt lat="68.822938033" lon="-21.773814300">
        <time>2025-09-10T14:01:21Z</time>
      </trkpt>
      <trkpt lat="68.792493333" lon="-21.686466667">
        <time>2025-09-10T14:17:05Z</time>
      </trkpt>
      <trkpt lat="68.776420567" lon="-21.639033367">
        <time>2025-09-10T14:25:21Z</time>
      </trkpt>
      <trkpt lat="68.730210000" lon="-21.506605000">
        <time>2025-09-10T14:49:15Z</time>
      </trkpt>
      <trkpt lat="68.709229900" lon="-21.445090650">
        <time>2025-09-10T15:00:11Z</time>
      </trkpt>
      <trkpt lat="68.686025000" lon="-21.378973333">
        <time>2025-09-10T15:12:04Z</time>
      </trkpt>
      <trkpt lat="68.668910833" lon="-21.329256867">
        <time>2025-09-10T15:20:44Z</time>
      </trkpt>
      <trkpt lat="68.620645000" lon="-21.191823333">
        <time>2025-09-10T15:45:25Z</time>
      </trkpt>
      <trkpt lat="68.609638900" lon="-21.159391783">
        <time>2025-09-10T15:50:53Z</time>
      </trkpt>
      <trkpt lat="68.521986667" lon="-20.908821667">
        <time>2025-09-10T16:35:59Z</time>
      </trkpt>
      <trkpt lat="68.502741650" lon="-20.853228317">
        <time>2025-09-10T16:45:51Z</time>
      </trkpt>
      <trkpt lat="68.434986667" lon="-20.660478333">
        <time>2025-09-10T17:20:17Z</time>
      </trkpt>
      <trkpt lat="68.365686667" lon="-20.462410000">
        <time>2025-09-10T17:55:16Z</time>
      </trkpt>
      <trkpt lat="68.348211667" lon="-20.413540000">
        <time>2025-09-10T18:03:56Z</time>
      </trkpt>
      <trkpt lat="68.318138333" lon="-20.327375000">
        <time>2025-09-10T18:19:00Z</time>
      </trkpt>
      <trkpt lat="68.306876667" lon="-20.296200000">
        <time>2025-09-10T18:24:44Z</time>
      </trkpt>
      <trkpt lat="68.272978450" lon="-20.200136350">
        <time>2025-09-10T18:41:41Z</time>
      </trkpt>
      <trkpt lat="68.265521667" lon="-20.179803333">
        <time>2025-09-10T18:45:27Z</time>
      </trkpt>
      <trkpt lat="68.249995000" lon="-20.135525000">
        <time>2025-09-10T18:53:13Z</time>
      </trkpt>
      <trkpt lat="68.237601667" lon="-20.101388333">
        <time>2025-09-10T18:59:15Z</time>
      </trkpt>
      <trkpt lat="68.215826600" lon="-20.039632667">
        <time>2025-09-10T19:10:08Z</time>
      </trkpt>
      <trkpt lat="68.209086667" lon="-20.021245000">
        <time>2025-09-10T19:13:38Z</time>
      </trkpt>
      <trkpt lat="68.192310250" lon="-19.973455083">
        <time>2025-09-10T19:21:57Z</time>
      </trkpt>
      <trkpt lat="68.181043333" lon="-19.942500000">
        <time>2025-09-10T19:27:36Z</time>
      </trkpt>
      <trkpt lat="68.167990317" lon="-19.905245350">
        <time>2025-09-10T19:34:02Z</time>
      </trkpt>
      <trkpt lat="68.149095000" lon="-19.852998333">
        <time>2025-09-10T19:43:25Z</time>
      </trkpt>
      <trkpt lat="68.141113883" lon="-19.830035000">
        <time>2025-09-10T19:47:18Z</time>
      </trkpt>
      <trkpt lat="68.089175000" lon="-19.685551667">
        <time>2025-09-10T20:12:24Z</time>
      </trkpt>
      <trkpt lat="68.083050817" lon="-19.667791017">
        <time>2025-09-10T20:15:21Z</time>
      </trkpt>
      <trkpt lat="68.012436667" lon="-19.471636667">
        <time>2025-09-10T20:50:23Z</time>
      </trkpt>
      <trkpt lat="67.991818233" lon="-19.413525600">
        <time>2025-09-10T21:00:43Z</time>
      </trkpt>
      <trkpt lat="67.980000000" lon="-19.381255000">
        <time>2025-09-10T21:06:53Z</time>
      </trkpt>
      <trkpt lat="67.955638700" lon="-19.312937900">
        <time>2025-09-10T21:19:30Z</time>
      </trkpt>
      <trkpt lat="67.938341667" lon="-19.265525000">
        <time>2025-09-10T21:28:38Z</time>
      </trkpt>
      <trkpt lat="67.930154250" lon="-19.241855833">
        <time>2025-09-10T21:33:03Z</time>
      </trkpt>
      <trkpt lat="67.930148333" lon="-19.240620000">
        <time>2025-09-10T21:33:36Z</time>
      </trkpt>
      <trkpt lat="67.930558333" lon="-19.239825000">
        <time>2025-09-10T21:34:16Z</time>
      </trkpt>
      <trkpt lat="67.932566667" lon="-19.239855000">
        <time>2025-09-10T21:40:34Z</time>
      </trkpt>
      <trkpt lat="67.933667750" lon="-19.238625300">
        <time>2025-09-10T21:45:48Z</time>
      </trkpt>
      <trkpt lat="67.934828333" lon="-19.239710000">
        <time>2025-09-10T21:51:18Z</time>
      </trkpt>
      <trkpt lat="67.936058333" lon="-19.239448333">
        <time>2025-09-10T21:55:44Z</time>
      </trkpt>
      <trkpt lat="67.936512450" lon="-19.238993733">
        <time>2025-09-10T21:57:13Z</time>
      </trkpt>
      <trkpt lat="67.936493333" lon="-19.238235000">
        <time>2025-09-10T21:58:09Z</time>
      </trkpt>
      <trkpt lat="67.922096933" lon="-19.213995533">
        <time>2025-09-10T22:05:16Z</time>
      </trkpt>
      <trkpt lat="67.915373333" lon="-19.201386667">
        <time>2025-09-10T22:08:22Z</time>
      </trkpt>
      <trkpt lat="67.908811667" lon="-19.185691667">
        <time>2025-09-10T22:11:35Z</time>
      </trkpt>
      <trkpt lat="67.906336667" lon="-19.178640000">
        <time>2025-09-10T22:12:56Z</time>
      </trkpt>
      <trkpt lat="67.902742817" lon="-19.166812533">
        <time>2025-09-10T22:14:57Z</time>
      </trkpt>
      <trkpt lat="67.891817250" lon="-19.135698733">
        <time>2025-09-10T22:20:51Z</time>
      </trkpt>
      <trkpt lat="67.873615000" lon="-19.086296667">
        <time>2025-09-10T22:30:32Z</time>
      </trkpt>
      <trkpt lat="67.861080117" lon="-19.050933483">
        <time>2025-09-10T22:37:06Z</time>
      </trkpt>
      <trkpt lat="67.833460000" lon="-18.975190000">
        <time>2025-09-10T22:51:37Z</time>
      </trkpt>
      <trkpt lat="67.821536283" lon="-18.941599733">
        <time>2025-09-10T22:57:48Z</time>
      </trkpt>
      <trkpt lat="67.789895000" lon="-18.855120000">
        <time>2025-09-10T23:14:35Z</time>
      </trkpt>
      <trkpt lat="67.772757617" lon="-18.807246967">
        <time>2025-09-10T23:23:26Z</time>
      </trkpt>
      <trkpt lat="67.670223333" lon="-18.525923333">
        <time>2025-09-11T00:17:25Z</time>
      </trkpt>
      <trkpt lat="67.600044667" lon="-18.333218783">
        <time>2025-09-11T00:53:24Z</time>
      </trkpt>
      <trkpt lat="67.555345000" lon="-18.211665000">
        <time>2025-09-11T01:15:43Z</time>
      </trkpt>
      <trkpt lat="67.466061167" lon="-17.967698800">
        <time>2025-09-11T01:59:23Z</time>
      </trkpt>
      <trkpt lat="67.428715000" lon="-17.866876667">
        <time>2025-09-11T02:18:04Z</time>
      </trkpt>
      <trkpt lat="67.417905250" lon="-17.836910433">
        <time>2025-09-11T02:23:19Z</time>
      </trkpt>
      <trkpt lat="67.406046667" lon="-17.805366667">
        <time>2025-09-11T02:29:13Z</time>
      </trkpt>
      <trkpt lat="67.320973283" lon="-17.573845583">
        <time>2025-09-11T03:10:34Z</time>
      </trkpt>
      <trkpt lat="67.145461667" lon="-17.101673333">
        <time>2025-09-11T04:38:26Z</time>
      </trkpt>
      <trkpt lat="67.145468333" lon="-17.100003333">
        <time>2025-09-11T04:38:50Z</time>
      </trkpt>
      <trkpt lat="67.145826667" lon="-17.099015000">
        <time>2025-09-11T04:39:14Z</time>
      </trkpt>
      <trkpt lat="67.146490000" lon="-17.098556667">
        <time>2025-09-11T04:39:46Z</time>
      </trkpt>
      <trkpt lat="67.159993367" lon="-17.111083633">
        <time>2025-09-11T04:45:24Z</time>
      </trkpt>
      <trkpt lat="67.178846667" lon="-17.125893333">
        <time>2025-09-11T04:52:07Z</time>
      </trkpt>
      <trkpt lat="67.234040383" lon="-17.170865400">
        <time>2025-09-11T05:11:42Z</time>
      </trkpt>
      <trkpt lat="67.269045000" lon="-17.198751667">
        <time>2025-09-11T05:24:36Z</time>
      </trkpt>
      <trkpt lat="67.305504550" lon="-17.228884450">
        <time>2025-09-11T05:38:09Z</time>
      </trkpt>
      <trkpt lat="67.476731667" lon="-17.368115000">
        <time>2025-09-11T06:41:32Z</time>
      </trkpt>
      <trkpt lat="67.499968283" lon="-17.387549267">
        <time>2025-09-11T06:50:00Z</time>
      </trkpt>
      <trkpt lat="67.667446667" lon="-17.524990000">
        <time>2025-09-11T07:52:10Z</time>
      </trkpt>
      <trkpt lat="67.710669850" lon="-17.561108417">
        <time>2025-09-11T08:07:44Z</time>
      </trkpt>
      <trkpt lat="67.774390000" lon="-17.613491667">
        <time>2025-09-11T08:30:33Z</time>
      </trkpt>
      <trkpt lat="67.837346600" lon="-17.666213950">
        <time>2025-09-11T08:52:35Z</time>
      </trkpt>
      <trkpt lat="67.943070000" lon="-17.753893333">
        <time>2025-09-11T09:28:52Z</time>
      </trkpt>
      <trkpt lat="67.962408817" lon="-17.770428400">
        <time>2025-09-11T09:35:26Z</time>
      </trkpt>
      <trkpt lat="68.012135000" lon="-17.811483333">
        <time>2025-09-11T09:52:21Z</time>
      </trkpt>
      <trkpt lat="68.040015200" lon="-17.835372833">
        <time>2025-09-11T10:01:37Z</time>
      </trkpt>
      <trkpt lat="68.129530000" lon="-17.910280000">
        <time>2025-09-11T10:32:24Z</time>
      </trkpt>
      <trkpt lat="68.175492483" lon="-17.949459617">
        <time>2025-09-11T10:48:40Z</time>
      </trkpt>
      <trkpt lat="68.269040000" lon="-18.028083333">
        <time>2025-09-11T11:22:38Z</time>
      </trkpt>
      <trkpt lat="68.376590667" lon="-18.119942917">
        <time>2025-09-11T12:01:03Z</time>
      </trkpt>
      <trkpt lat="68.427198333" lon="-18.162573333">
        <time>2025-09-11T12:19:39Z</time>
      </trkpt>
      <trkpt lat="68.477374300" lon="-18.205963433">
        <time>2025-09-11T12:38:11Z</time>
      </trkpt>
      <trkpt lat="68.508701667" lon="-18.232220000">
        <time>2025-09-11T12:49:53Z</time>
      </trkpt>
      <trkpt lat="68.571786667" lon="-18.286446667">
        <time>2025-09-11T13:12:35Z</time>
      </trkpt>
      <trkpt lat="68.572286667" lon="-18.286266667">
        <time>2025-09-11T13:12:51Z</time>
      </trkpt>
      <trkpt lat="68.572585517" lon="-18.285625450">
        <time>2025-09-11T13:12:59Z</time>
      </trkpt>
      <trkpt lat="68.572638000" lon="-18.284519317">
        <time>2025-09-11T13:13:23Z</time>
      </trkpt>
      <trkpt lat="68.572341667" lon="-18.282693333">
        <time>2025-09-11T13:14:12Z</time>
      </trkpt>
      <trkpt lat="68.572350000" lon="-18.281186667">
        <time>2025-09-11T13:14:36Z</time>
      </trkpt>
      <trkpt lat="68.573117000" lon="-18.275155383">
        <time>2025-09-11T13:15:48Z</time>
      </trkpt>
      <trkpt lat="68.573096783" lon="-18.273432967">
        <time>2025-09-11T13:16:12Z</time>
      </trkpt>
      <trkpt lat="68.564290000" lon="-18.198435000">
        <time>2025-09-11T13:28:01Z</time>
      </trkpt>
      <trkpt lat="68.561034883" lon="-18.168378200">
        <time>2025-09-11T13:32:19Z</time>
      </trkpt>
      <trkpt lat="68.557086667" lon="-18.135546667">
        <time>2025-09-11T13:37:10Z</time>
      </trkpt>
      <trkpt lat="68.541234317" lon="-17.996315217">
        <time>2025-09-11T13:57:03Z</time>
      </trkpt>
      <trkpt lat="68.538686667" lon="-17.975715000">
        <time>2025-09-11T14:00:16Z</time>
      </trkpt>
      <trkpt lat="68.528481667" lon="-17.886335000">
        <time>2025-09-11T14:12:46Z</time>
      </trkpt>
      <trkpt lat="68.524851667" lon="-17.856503333">
        <time>2025-09-11T14:17:03Z</time>
      </trkpt>
      <trkpt lat="68.518993283" lon="-17.804410700">
        <time>2025-09-11T14:24:10Z</time>
      </trkpt>
      <trkpt lat="68.495453333" lon="-17.602186667">
        <time>2025-09-11T14:52:22Z</time>
      </trkpt>
      <trkpt lat="68.481511050" lon="-17.479683800">
        <time>2025-09-11T15:09:11Z</time>
      </trkpt>
      <trkpt lat="68.474818333" lon="-17.424065000">
        <time>2025-09-11T15:17:14Z</time>
      </trkpt>
      <trkpt lat="68.466666267" lon="-17.352372800">
        <time>2025-09-11T15:27:03Z</time>
      </trkpt>
      <trkpt lat="68.459353333" lon="-17.290641667">
        <time>2025-09-11T15:35:46Z</time>
      </trkpt>
      <trkpt lat="68.450826367" lon="-17.214892683">
        <time>2025-09-11T15:45:57Z</time>
      </trkpt>
      <trkpt lat="68.443057217" lon="-17.149547117">
        <time>2025-09-11T15:54:50Z</time>
      </trkpt>
      <trkpt lat="68.435507333" lon="-17.083264200">
        <time>2025-09-11T16:03:41Z</time>
      </trkpt>
      <trkpt lat="68.425248333" lon="-16.996093333">
        <time>2025-09-11T16:15:39Z</time>
      </trkpt>
      <trkpt lat="68.417127050" lon="-16.924657167">
        <time>2025-09-11T16:25:04Z</time>
      </trkpt>
      <trkpt lat="68.385863333" lon="-16.657268333">
        <time>2025-09-11T17:01:30Z</time>
      </trkpt>
      <trkpt lat="68.379211283" lon="-16.598714833">
        <time>2025-09-11T17:09:34Z</time>
      </trkpt>
      <trkpt lat="68.378651667" lon="-16.595925000">
        <time>2025-09-11T17:10:06Z</time>
      </trkpt>
      <trkpt lat="68.378103333" lon="-16.594776667">
        <time>2025-09-11T17:10:22Z</time>
      </trkpt>
      <trkpt lat="68.377438333" lon="-16.594306667">
        <time>2025-09-11T17:10:38Z</time>
      </trkpt>
      <trkpt lat="68.376746667" lon="-16.594535000">
        <time>2025-09-11T17:10:55Z</time>
      </trkpt>
      <trkpt lat="68.375776667" lon="-16.595860000">
        <time>2025-09-11T17:11:19Z</time>
      </trkpt>
      <trkpt lat="68.370846667" lon="-16.606540000">
        <time>2025-09-11T17:13:28Z</time>
      </trkpt>
      <trkpt lat="68.369164867" lon="-16.610903483">
        <time>2025-09-11T17:14:08Z</time>
      </trkpt>
      <trkpt lat="68.363928333" lon="-16.630858333">
        <time>2025-09-11T17:17:21Z</time>
      </trkpt>
      <trkpt lat="68.363934733" lon="-16.632706450">
        <time>2025-09-11T17:17:37Z</time>
      </trkpt>
      <trkpt lat="68.364368333" lon="-16.633920000">
        <time>2025-09-11T17:18:17Z</time>
      </trkpt>
      <trkpt lat="68.368395000" lon="-16.635968333">
        <time>2025-09-11T17:22:35Z</time>
      </trkpt>
      <trkpt lat="68.370348333" lon="-16.637778333">
        <time>2025-09-11T17:25:16Z</time>
      </trkpt>
      <trkpt lat="68.372681667" lon="-16.641140000">
        <time>2025-09-11T17:28:54Z</time>
      </trkpt>
      <trkpt lat="68.380276667" lon="-16.655595000">
        <time>2025-09-11T17:36:17Z</time>
      </trkpt>
      <trkpt lat="68.381846667" lon="-16.659205000">
        <time>2025-09-11T17:37:38Z</time>
      </trkpt>
      <trkpt lat="68.382864083" lon="-16.663886550">
        <time>2025-09-11T17:40:59Z</time>
      </trkpt>
      <trkpt lat="68.389616667" lon="-16.684846667">
        <time>2025-09-11T17:53:21Z</time>
      </trkpt>
      <trkpt lat="68.390278733" lon="-16.685963600">
        <time>2025-09-11T17:54:17Z</time>
      </trkpt>
      <trkpt lat="68.390760000" lon="-16.686236667">
        <time>2025-09-11T17:55:05Z</time>
      </trkpt>
      <trkpt lat="68.392495500" lon="-16.685474683">
        <time>2025-09-11T17:56:58Z</time>
      </trkpt>
      <trkpt lat="68.393003000" lon="-16.684854117">
        <time>2025-09-11T17:57:38Z</time>
      </trkpt>
      <trkpt lat="68.393802350" lon="-16.682189083">
        <time>2025-09-11T17:59:07Z</time>
      </trkpt>
      <trkpt lat="68.394275850" lon="-16.677568617">
        <time>2025-09-11T18:01:08Z</time>
      </trkpt>
      <trkpt lat="68.394733067" lon="-16.662853083">
        <time>2025-09-11T18:07:51Z</time>
      </trkpt>
      <trkpt lat="68.392985000" lon="-16.644453333">
        <time>2025-09-11T18:17:00Z</time>
      </trkpt>
      <trkpt lat="68.391651667" lon="-16.622776667">
        <time>2025-09-11T18:26:56Z</time>
      </trkpt>
      <trkpt lat="68.391846667" lon="-16.620080000">
        <time>2025-09-11T18:28:16Z</time>
      </trkpt>
      <trkpt lat="68.394167633" lon="-16.612795267">
        <time>2025-09-11T18:32:18Z</time>
      </trkpt>
      <trkpt lat="68.394336633" lon="-16.611814817">
        <time>2025-09-11T18:33:06Z</time>
      </trkpt>
      <trkpt lat="68.393985683" lon="-16.608187067">
        <time>2025-09-11T18:36:19Z</time>
      </trkpt>
      <trkpt lat="68.393305017" lon="-16.605494217">
        <time>2025-09-11T18:38:36Z</time>
      </trkpt>
      <trkpt lat="68.392308050" lon="-16.602952500">
        <time>2025-09-11T18:41:01Z</time>
      </trkpt>
      <trkpt lat="68.390511067" lon="-16.599519000">
        <time>2025-09-11T18:44:39Z</time>
      </trkpt>
      <trkpt lat="68.387044183" lon="-16.595199650">
        <time>2025-09-11T18:50:18Z</time>
      </trkpt>
      <trkpt lat="68.386261667" lon="-16.594578333">
        <time>2025-09-11T18:51:23Z</time>
      </trkpt>
      <trkpt lat="68.385499283" lon="-16.594949600">
        <time>2025-09-11T18:51:47Z</time>
      </trkpt>
      <trkpt lat="68.380965367" lon="-16.601535300">
        <time>2025-09-11T18:54:04Z</time>
      </trkpt>
      <trkpt lat="68.380425000" lon="-16.601811667">
        <time>2025-09-11T18:54:28Z</time>
      </trkpt>
      <trkpt lat="68.379840000" lon="-16.601138333">
        <time>2025-09-11T18:54:52Z</time>
      </trkpt>
      <trkpt lat="68.378853333" lon="-16.596153333">
        <time>2025-09-11T18:56:05Z</time>
      </trkpt>
      <trkpt lat="68.377281667" lon="-16.584875000">
        <time>2025-09-11T18:57:50Z</time>
      </trkpt>
      <trkpt lat="68.371863667" lon="-16.535191250">
        <time>2025-09-11T19:04:57Z</time>
      </trkpt>
      <trkpt lat="68.344211667" lon="-16.299048333">
        <time>2025-09-11T19:38:16Z</time>
      </trkpt>
      <trkpt lat="68.336903967" lon="-16.234322383">
        <time>2025-09-11T19:47:08Z</time>
      </trkpt>
      <trkpt lat="68.329056667" lon="-16.168675000">
        <time>2025-09-11T19:56:16Z</time>
      </trkpt>
      <trkpt lat="68.310415950" lon="-16.007790733">
        <time>2025-09-11T20:18:15Z</time>
      </trkpt>
      <trkpt lat="68.302905000" lon="-15.944913333">
        <time>2025-09-11T20:27:07Z</time>
      </trkpt>
      <trkpt lat="68.290227200" lon="-15.834584150">
        <time>2025-09-11T20:42:25Z</time>
      </trkpt>
      <trkpt lat="68.272923600" lon="-15.686098767">
        <time>2025-09-11T21:03:13Z</time>
      </trkpt>
      <trkpt lat="68.272953667" lon="-15.684789067">
        <time>2025-09-11T21:03:29Z</time>
      </trkpt>
      <trkpt lat="68.273158300" lon="-15.683855783">
        <time>2025-09-11T21:03:45Z</time>
      </trkpt>
      <trkpt lat="68.273635000" lon="-15.683265000">
        <time>2025-09-11T21:04:18Z</time>
      </trkpt>
      <trkpt lat="68.274121667" lon="-15.683640000">
        <time>2025-09-11T21:04:42Z</time>
      </trkpt>
      <trkpt lat="68.275077433" lon="-15.686303367">
        <time>2025-09-11T21:05:30Z</time>
      </trkpt>
      <trkpt lat="68.278543850" lon="-15.692710817">
        <time>2025-09-11T21:07:15Z</time>
      </trkpt>
      <trkpt lat="68.357556667" lon="-15.818083333">
        <time>2025-09-11T21:38:07Z</time>
      </trkpt>
      <trkpt lat="68.371216200" lon="-15.840425167">
        <time>2025-09-11T21:43:22Z</time>
      </trkpt>
      <trkpt lat="68.394485583" lon="-15.877222917">
        <time>2025-09-11T21:52:30Z</time>
      </trkpt>
      <trkpt lat="68.425033717" lon="-15.926753383">
        <time>2025-09-11T22:04:43Z</time>
      </trkpt>
      <trkpt lat="68.436676667" lon="-15.944941667">
        <time>2025-09-11T22:09:26Z</time>
      </trkpt>
      <trkpt lat="68.575287400" lon="-16.168671150">
        <time>2025-09-11T23:04:54Z</time>
      </trkpt>
      <trkpt lat="68.593573333" lon="-16.197786667">
        <time>2025-09-11T23:12:34Z</time>
      </trkpt>
      <trkpt lat="68.734991217" lon="-16.427624750">
        <time>2025-09-12T00:11:07Z</time>
      </trkpt>
      <trkpt lat="68.788543800" lon="-16.514674150">
        <time>2025-09-12T00:33:32Z</time>
      </trkpt>
      <trkpt lat="68.808681667" lon="-16.550058333">
        <time>2025-09-12T00:42:24Z</time>
      </trkpt>
      <trkpt lat="68.825988333" lon="-16.581530000">
        <time>2025-09-12T00:49:47Z</time>
      </trkpt>
      <trkpt lat="68.923375000" lon="-16.755335000">
        <time>2025-09-12T01:31:16Z</time>
      </trkpt>
      <trkpt lat="68.968916083" lon="-16.837684367">
        <time>2025-09-12T01:50:59Z</time>
      </trkpt>
      <trkpt lat="68.989638333" lon="-16.874380000">
        <time>2025-09-12T02:00:16Z</time>
      </trkpt>
      <trkpt lat="69.047056717" lon="-16.977744983">
        <time>2025-09-12T02:25:24Z</time>
      </trkpt>
      <trkpt lat="69.047746667" lon="-16.977688333">
        <time>2025-09-12T02:26:13Z</time>
      </trkpt>
      <trkpt lat="69.048290783" lon="-16.976875950">
        <time>2025-09-12T02:26:45Z</time>
      </trkpt>
      <trkpt lat="69.048436667" lon="-16.975498333">
        <time>2025-09-12T02:27:25Z</time>
      </trkpt>
      <trkpt lat="69.047685000" lon="-16.965648333">
        <time>2025-09-12T02:29:34Z</time>
      </trkpt>
      <trkpt lat="69.046628333" lon="-16.945893333">
        <time>2025-09-12T02:32:47Z</time>
      </trkpt>
      <trkpt lat="69.043734750" lon="-16.867480500">
        <time>2025-09-12T02:43:08Z</time>
      </trkpt>
      <trkpt lat="69.041501667" lon="-16.814108333">
        <time>2025-09-12T02:50:16Z</time>
      </trkpt>
      <trkpt lat="69.040681633" lon="-16.789095967">
        <time>2025-09-12T02:53:29Z</time>
      </trkpt>
      <trkpt lat="69.037965000" lon="-16.722543333">
        <time>2025-09-12T03:02:13Z</time>
      </trkpt>
      <trkpt lat="69.035535550" lon="-16.656261917">
        <time>2025-09-12T03:10:40Z</time>
      </trkpt>
      <trkpt lat="69.029951667" lon="-16.516371667">
        <time>2025-09-12T03:28:49Z</time>
      </trkpt>
      <trkpt lat="69.026044750" lon="-16.412416517">
        <time>2025-09-12T03:41:51Z</time>
      </trkpt>
      <trkpt lat="69.022175000" lon="-16.317466667">
        <time>2025-09-12T03:54:05Z</time>
      </trkpt>
      <trkpt lat="69.021164950" lon="-16.285633450">
        <time>2025-09-12T03:58:06Z</time>
      </trkpt>
      <trkpt lat="69.019855000" lon="-16.257021667">
        <time>2025-09-12T04:02:00Z</time>
      </trkpt>
      <trkpt lat="69.011980000" lon="-16.051834300">
        <time>2025-09-12T04:28:28Z</time>
      </trkpt>
      <trkpt lat="69.006821667" lon="-15.923858333">
        <time>2025-09-12T04:44:51Z</time>
      </trkpt>
      <trkpt lat="69.000329600" lon="-15.751285333">
        <time>2025-09-12T05:06:28Z</time>
      </trkpt>
      <trkpt lat="68.997196667" lon="-15.676996667">
        <time>2025-09-12T05:15:45Z</time>
      </trkpt>
      <trkpt lat="68.992714717" lon="-15.558220567">
        <time>2025-09-12T05:30:32Z</time>
      </trkpt>
      <trkpt lat="68.990496667" lon="-15.505611667">
        <time>2025-09-12T05:37:07Z</time>
      </trkpt>
      <trkpt lat="68.988897833" lon="-15.460689783">
        <time>2025-09-12T05:42:36Z</time>
      </trkpt>
      <trkpt lat="68.983478333" lon="-15.325835000">
        <time>2025-09-12T05:59:24Z</time>
      </trkpt>
      <trkpt lat="68.980287900" lon="-15.240451117">
        <time>2025-09-12T06:09:45Z</time>
      </trkpt>
      <trkpt lat="68.967135000" lon="-14.907293333">
        <time>2025-09-12T06:50:51Z</time>
      </trkpt>
      <trkpt lat="68.962237767" lon="-14.778091467">
        <time>2025-09-12T07:06:26Z</time>
      </trkpt>
      <trkpt lat="68.956918983" lon="-14.643753650">
        <time>2025-09-12T07:22:49Z</time>
      </trkpt>
      <trkpt lat="68.956991667" lon="-14.635525000">
        <time>2025-09-12T07:24:17Z</time>
      </trkpt>
      <trkpt lat="68.958113333" lon="-14.608633333">
        <time>2025-09-12T07:27:54Z</time>
      </trkpt>
      <trkpt lat="68.960571667" lon="-14.564227133">
        <time>2025-09-12T07:33:32Z</time>
      </trkpt>
      <trkpt lat="68.976091667" lon="-14.254053333">
        <time>2025-09-12T08:13:45Z</time>
      </trkpt>
      <trkpt lat="68.985409333" lon="-14.072675417">
        <time>2025-09-12T08:37:16Z</time>
      </trkpt>
      <trkpt lat="68.992783333" lon="-13.923755000">
        <time>2025-09-12T08:57:09Z</time>
      </trkpt>
      <trkpt lat="69.008224350" lon="-13.620070350">
        <time>2025-09-12T09:38:22Z</time>
      </trkpt>
      <trkpt lat="69.019408333" lon="-13.394640000">
        <time>2025-09-12T10:09:45Z</time>
      </trkpt>
      <trkpt lat="69.021751567" lon="-13.352217050">
        <time>2025-09-12T10:15:47Z</time>
      </trkpt>
      <trkpt lat="69.031050000" lon="-13.164590000">
        <time>2025-09-12T10:43:00Z</time>
      </trkpt>
      <trkpt lat="69.032610250" lon="-13.136311883">
        <time>2025-09-12T10:47:01Z</time>
      </trkpt>
      <trkpt lat="69.044575000" lon="-12.895968333">
        <time>2025-09-12T11:21:53Z</time>
      </trkpt>
      <trkpt lat="69.060492000" lon="-12.582809300">
        <time>2025-09-12T12:06:56Z</time>
      </trkpt>
      <trkpt lat="69.074482333" lon="-12.302312383">
        <time>2025-09-12T12:47:43Z</time>
      </trkpt>
      <trkpt lat="69.080795000" lon="-12.171695000">
        <time>2025-09-12T13:06:45Z</time>
      </trkpt>
      <trkpt lat="69.086181133" lon="-12.065371400">
        <time>2025-09-12T13:22:11Z</time>
      </trkpt>
      <trkpt lat="69.089173333" lon="-12.001141667">
        <time>2025-09-12T13:31:43Z</time>
      </trkpt>
      <trkpt lat="69.095016700" lon="-11.886209267">
        <time>2025-09-12T13:48:29Z</time>
      </trkpt>
      <trkpt lat="69.102640000" lon="-11.728411667">
        <time>2025-09-12T14:11:02Z</time>
      </trkpt>
      <trkpt lat="69.105723333" lon="-11.669415000">
        <time>2025-09-12T14:19:36Z</time>
      </trkpt>
      <trkpt lat="69.111165000" lon="-11.554548333">
        <time>2025-09-12T14:36:06Z</time>
      </trkpt>
      <trkpt lat="69.115095000" lon="-11.478066667">
        <time>2025-09-12T14:47:29Z</time>
      </trkpt>
      <trkpt lat="69.138246667" lon="-11.005550000">
        <time>2025-09-12T15:56:47Z</time>
      </trkpt>
      <trkpt lat="69.142451667" lon="-10.923036667">
        <time>2025-09-12T16:08:19Z</time>
      </trkpt>
      <trkpt lat="69.152056667" lon="-10.724720000">
        <time>2025-09-12T16:36:29Z</time>
      </trkpt>
      <trkpt lat="69.165155000" lon="-10.460935000">
        <time>2025-09-12T17:12:52Z</time>
      </trkpt>
      <trkpt lat="69.175361667" lon="-10.249783333">
        <time>2025-09-12T17:42:01Z</time>
      </trkpt>
      <trkpt lat="69.177431667" lon="-10.211090000">
        <time>2025-09-12T17:47:39Z</time>
      </trkpt>
      <trkpt lat="69.181910000" lon="-10.117403333">
        <time>2025-09-12T18:00:17Z</time>
      </trkpt>
      <trkpt lat="69.189958333" lon="-9.956818333">
        <time>2025-09-12T18:21:21Z</time>
      </trkpt>
      <trkpt lat="69.201658333" lon="-9.717260000">
        <time>2025-09-12T18:53:27Z</time>
      </trkpt>
      <trkpt lat="69.202070000" lon="-9.715531667">
        <time>2025-09-12T18:54:00Z</time>
      </trkpt>
      <trkpt lat="69.202650000" lon="-9.714565000">
        <time>2025-09-12T18:54:40Z</time>
      </trkpt>
      <trkpt lat="69.203420000" lon="-9.714380000">
        <time>2025-09-12T18:55:36Z</time>
      </trkpt>
      <trkpt lat="69.203725000" lon="-9.714983333">
        <time>2025-09-12T18:56:00Z</time>
      </trkpt>
      <trkpt lat="69.204393333" lon="-9.718651667">
        <time>2025-09-12T18:57:05Z</time>
      </trkpt>
      <trkpt lat="69.206193333" lon="-9.725541667">
        <time>2025-09-12T18:58:33Z</time>
      </trkpt>
      <trkpt lat="69.208788333" lon="-9.733991667">
        <time>2025-09-12T19:00:02Z</time>
      </trkpt>
      <trkpt lat="69.233340000" lon="-9.803963333">
        <time>2025-09-12T19:12:31Z</time>
      </trkpt>
      <trkpt lat="69.259685000" lon="-9.880641667">
        <time>2025-09-12T19:25:56Z</time>
      </trkpt>
      <trkpt lat="69.302876667" lon="-10.004948333">
        <time>2025-09-12T19:48:05Z</time>
      </trkpt>
      <trkpt lat="69.337393333" lon="-10.105678333">
        <time>2025-09-12T20:05:55Z</time>
      </trkpt>
      <trkpt lat="69.367546667" lon="-10.192556667">
        <time>2025-09-12T20:21:35Z</time>
      </trkpt>
      <trkpt lat="69.409186667" lon="-10.314213333">
        <time>2025-09-12T20:43:55Z</time>
      </trkpt>
      <trkpt lat="69.499555000" lon="-10.577220000">
        <time>2025-09-12T21:32:58Z</time>
      </trkpt>
      <trkpt lat="69.543481667" lon="-10.706370000">
        <time>2025-09-12T21:57:11Z</time>
      </trkpt>
      <trkpt lat="69.577358333" lon="-10.804945000">
        <time>2025-09-12T22:16:03Z</time>
      </trkpt>
      <trkpt lat="69.618700000" lon="-10.927130000">
        <time>2025-09-12T22:38:53Z</time>
      </trkpt>
      <trkpt lat="69.673175000" lon="-11.086763333">
        <time>2025-09-12T23:09:06Z</time>
      </trkpt>
      <trkpt lat="69.754761667" lon="-11.328050000">
        <time>2025-09-12T23:55:24Z</time>
      </trkpt>
      <trkpt lat="69.805068333" lon="-11.463588333">
        <time>2025-09-13T00:22:25Z</time>
      </trkpt>
      <trkpt lat="69.812858333" lon="-11.483953333">
        <time>2025-09-13T00:26:42Z</time>
      </trkpt>
      <trkpt lat="69.829760000" lon="-11.529945000">
        <time>2025-09-13T00:35:56Z</time>
      </trkpt>
      <trkpt lat="69.833730000" lon="-11.540023333">
        <time>2025-09-13T00:38:04Z</time>
      </trkpt>
      <trkpt lat="69.944723333" lon="-11.839891667">
        <time>2025-09-13T01:36:40Z</time>
      </trkpt>
      <trkpt lat="69.957958333" lon="-11.875140000">
        <time>2025-09-13T01:43:29Z</time>
      </trkpt>
      <trkpt lat="69.973013333" lon="-11.916433333">
        <time>2025-09-13T01:51:14Z</time>
      </trkpt>
      <trkpt lat="69.991756667" lon="-11.966608333">
        <time>2025-09-13T02:01:00Z</time>
      </trkpt>
      <trkpt lat="70.001321667" lon="-11.993326667">
        <time>2025-09-13T02:06:05Z</time>
      </trkpt>
      <trkpt lat="70.033838333" lon="-12.080748333">
        <time>2025-09-13T02:22:33Z</time>
      </trkpt>
      <trkpt lat="70.054708333" lon="-12.138205000">
        <time>2025-09-13T02:33:07Z</time>
      </trkpt>
      <trkpt lat="70.072640000" lon="-12.186270000">
        <time>2025-09-13T02:42:12Z</time>
      </trkpt>
      <trkpt lat="70.159576667" lon="-12.423821667">
        <time>2025-09-13T03:26:13Z</time>
      </trkpt>
      <trkpt lat="70.169321667" lon="-12.449863333">
        <time>2025-09-13T03:31:01Z</time>
      </trkpt>
      <trkpt lat="70.187318333" lon="-12.499628333">
        <time>2025-09-13T03:40:07Z</time>
      </trkpt>
      <trkpt lat="70.203365000" lon="-12.542910000">
        <time>2025-09-13T03:48:08Z</time>
      </trkpt>
      <trkpt lat="70.213420000" lon="-12.571103333">
        <time>2025-09-13T03:53:29Z</time>
      </trkpt>
      <trkpt lat="70.267831667" lon="-12.719948333">
        <time>2025-09-13T04:21:10Z</time>
      </trkpt>
      <trkpt lat="70.268466667" lon="-12.720788333">
        <time>2025-09-13T04:21:34Z</time>
      </trkpt>
      <trkpt lat="70.269003333" lon="-12.720625000">
        <time>2025-09-13T04:21:58Z</time>
      </trkpt>
      <trkpt lat="70.270110000" lon="-12.718291667">
        <time>2025-09-13T04:23:10Z</time>
      </trkpt>
      <trkpt lat="70.273068333" lon="-12.715610000">
        <time>2025-09-13T04:25:11Z</time>
      </trkpt>
      <trkpt lat="70.357791667" lon="-12.616723333">
        <time>2025-09-13T05:05:49Z</time>
      </trkpt>
      <trkpt lat="70.383775000" lon="-12.586888333">
        <time>2025-09-13T05:17:51Z</time>
      </trkpt>
      <trkpt lat="70.404435000" lon="-12.562256667">
        <time>2025-09-13T05:27:37Z</time>
      </trkpt>
      <trkpt lat="70.457271667" lon="-12.500898333">
        <time>2025-09-13T05:52:54Z</time>
      </trkpt>
      <trkpt lat="70.555995000" lon="-12.384400000">
        <time>2025-09-13T06:40:54Z</time>
      </trkpt>
      <trkpt lat="70.564146667" lon="-12.375321667">
        <time>2025-09-13T06:44:55Z</time>
      </trkpt>
      <trkpt lat="70.619433333" lon="-12.309526667">
        <time>2025-09-13T07:11:08Z</time>
      </trkpt>
      <trkpt lat="70.630558333" lon="-12.297035000">
        <time>2025-09-13T07:16:37Z</time>
      </trkpt>
      <trkpt lat="70.640710000" lon="-12.284481667">
        <time>2025-09-13T07:21:34Z</time>
      </trkpt>
      <trkpt lat="70.683468333" lon="-12.234293333">
        <time>2025-09-13T07:42:16Z</time>
      </trkpt>
      <trkpt lat="70.701260000" lon="-12.212738333">
        <time>2025-09-13T07:50:41Z</time>
      </trkpt>
      <trkpt lat="70.720235000" lon="-12.190651667">
        <time>2025-09-13T08:01:00Z</time>
      </trkpt>
      <trkpt lat="70.744785000" lon="-12.160956667">
        <time>2025-09-13T08:14:31Z</time>
      </trkpt>
      <trkpt lat="70.759896667" lon="-12.143555000">
        <time>2025-09-13T08:22:56Z</time>
      </trkpt>
      <trkpt lat="70.801416667" lon="-12.093588333">
        <time>2025-09-13T08:46:13Z</time>
      </trkpt>
      <trkpt lat="70.813446667" lon="-12.079735000">
        <time>2025-09-13T08:52:31Z</time>
      </trkpt>
      <trkpt lat="70.878651667" lon="-12.001335000">
        <time>2025-09-13T09:28:06Z</time>
      </trkpt>
      <trkpt lat="70.895020000" lon="-11.982251667">
        <time>2025-09-13T09:36:40Z</time>
      </trkpt>
      <trkpt lat="70.934673333" lon="-11.934165000">
        <time>2025-09-13T09:58:20Z</time>
      </trkpt>
      <trkpt lat="70.963161667" lon="-11.900563333">
        <time>2025-09-13T10:13:42Z</time>
      </trkpt>
      <trkpt lat="70.987075000" lon="-11.871031667">
        <time>2025-09-13T10:26:41Z</time>
      </trkpt>
      <trkpt lat="71.003176667" lon="-11.852436667">
        <time>2025-09-13T10:35:47Z</time>
      </trkpt>
      <trkpt lat="71.039766667" lon="-11.807668333">
        <time>2025-09-13T10:55:27Z</time>
      </trkpt>
      <trkpt lat="71.069611667" lon="-11.772226667">
        <time>2025-09-13T11:11:22Z</time>
      </trkpt>
      <trkpt lat="71.109573333" lon="-11.723368333">
        <time>2025-09-13T11:32:30Z</time>
      </trkpt>
      <trkpt lat="71.144853333" lon="-11.681008333">
        <time>2025-09-13T11:51:14Z</time>
      </trkpt>
      <trkpt lat="71.149821667" lon="-11.674428333">
        <time>2025-09-13T11:53:55Z</time>
      </trkpt>
      <trkpt lat="71.172761667" lon="-11.647148333">
        <time>2025-09-13T12:05:57Z</time>
      </trkpt>
      <trkpt lat="71.185820000" lon="-11.630771667">
        <time>2025-09-13T12:13:19Z</time>
      </trkpt>
      <trkpt lat="71.198226667" lon="-11.616128333">
        <time>2025-09-13T12:20:00Z</time>
      </trkpt>
      <trkpt lat="71.247848333" lon="-11.555173333">
        <time>2025-09-13T12:48:05Z</time>
      </trkpt>
      <trkpt lat="71.260765000" lon="-11.540061667">
        <time>2025-09-13T12:55:26Z</time>
      </trkpt>
      <trkpt lat="71.289916667" lon="-11.503915000">
        <time>2025-09-13T13:12:41Z</time>
      </trkpt>
      <trkpt lat="71.367448333" lon="-11.409570000">
        <time>2025-09-13T13:56:34Z</time>
      </trkpt>
      <trkpt lat="71.396230000" lon="-11.374251667">
        <time>2025-09-13T14:13:17Z</time>
      </trkpt>
      <trkpt lat="71.396718333" lon="-11.374986667">
        <time>2025-09-13T14:13:49Z</time>
      </trkpt>
      <trkpt lat="71.398891667" lon="-11.382965000">
        <time>2025-09-13T14:15:41Z</time>
      </trkpt>
      <trkpt lat="71.400710000" lon="-11.391080000">
        <time>2025-09-13T14:17:09Z</time>
      </trkpt>
      <trkpt lat="71.403733333" lon="-11.406858333">
        <time>2025-09-13T14:19:58Z</time>
      </trkpt>
      <trkpt lat="71.411056667" lon="-11.451808333">
        <time>2025-09-13T14:28:07Z</time>
      </trkpt>
      <trkpt lat="71.428025000" lon="-11.552421667">
        <time>2025-09-13T14:46:52Z</time>
      </trkpt>
      <trkpt lat="71.432691667" lon="-11.578796667">
        <time>2025-09-13T14:51:49Z</time>
      </trkpt>
      <trkpt lat="71.444858333" lon="-11.651983333">
        <time>2025-09-13T15:05:26Z</time>
      </trkpt>
      <trkpt lat="71.448446667" lon="-11.671883333">
        <time>2025-09-13T15:09:11Z</time>
      </trkpt>
      <trkpt lat="71.499186667" lon="-11.973673333">
        <time>2025-09-13T16:06:11Z</time>
      </trkpt>
      <trkpt lat="71.506738333" lon="-12.017361667">
        <time>2025-09-13T16:14:29Z</time>
      </trkpt>
      <trkpt lat="71.515790000" lon="-12.072173333">
        <time>2025-09-13T16:25:12Z</time>
      </trkpt>
      <trkpt lat="71.557763333" lon="-12.321065000">
        <time>2025-09-13T17:13:13Z</time>
      </trkpt>
      <trkpt lat="71.580808333" lon="-12.459468333">
        <time>2025-09-13T17:40:06Z</time>
      </trkpt>
      <trkpt lat="71.584426667" lon="-12.479845000">
        <time>2025-09-13T17:44:07Z</time>
      </trkpt>
      <trkpt lat="71.599366667" lon="-12.570005000">
        <time>2025-09-13T18:01:06Z</time>
      </trkpt>
      <trkpt lat="71.611608333" lon="-12.641578333">
        <time>2025-09-13T18:14:44Z</time>
      </trkpt>
      <trkpt lat="71.615548333" lon="-12.667098333">
        <time>2025-09-13T18:19:25Z</time>
      </trkpt>
      <trkpt lat="71.624970000" lon="-12.721816667">
        <time>2025-09-13T18:29:42Z</time>
      </trkpt>
      <trkpt lat="71.627198333" lon="-12.736158333">
        <time>2025-09-13T18:32:31Z</time>
      </trkpt>
      <trkpt lat="71.635580000" lon="-12.784786667">
        <time>2025-09-13T18:41:54Z</time>
      </trkpt>
      <trkpt lat="71.645468333" lon="-12.845561667">
        <time>2025-09-13T18:53:32Z</time>
      </trkpt>
      <trkpt lat="71.661118333" lon="-12.938781667">
        <time>2025-09-13T19:11:28Z</time>
      </trkpt>
      <trkpt lat="71.665856667" lon="-12.965660000">
        <time>2025-09-13T19:16:58Z</time>
      </trkpt>
      <trkpt lat="71.669645000" lon="-12.990075000">
        <time>2025-09-13T19:21:31Z</time>
      </trkpt>
      <trkpt lat="71.687351667" lon="-13.094856667">
        <time>2025-09-13T19:41:35Z</time>
      </trkpt>
      <trkpt lat="71.703845000" lon="-13.194643333">
        <time>2025-09-13T20:00:28Z</time>
      </trkpt>
      <trkpt lat="71.720071667" lon="-13.290973333">
        <time>2025-09-13T20:18:24Z</time>
      </trkpt>
      <trkpt lat="71.740120000" lon="-13.412230000">
        <time>2025-09-13T20:40:30Z</time>
      </trkpt>
      <trkpt lat="71.747516667" lon="-13.455651667">
        <time>2025-09-13T20:48:16Z</time>
      </trkpt>
      <trkpt lat="71.757858333" lon="-13.519036667">
        <time>2025-09-13T20:59:31Z</time>
      </trkpt>
      <trkpt lat="71.764691667" lon="-13.558846667">
        <time>2025-09-13T21:06:44Z</time>
      </trkpt>
      <trkpt lat="71.783613333" lon="-13.673926667">
        <time>2025-09-13T21:27:12Z</time>
      </trkpt>
      <trkpt lat="71.803583333" lon="-13.793028333">
        <time>2025-09-13T21:49:01Z</time>
      </trkpt>
      <trkpt lat="71.807061667" lon="-13.815338333">
        <time>2025-09-13T21:53:02Z</time>
      </trkpt>
      <trkpt lat="71.839660000" lon="-14.010813333">
        <time>2025-09-13T22:27:19Z</time>
      </trkpt>
      <trkpt lat="71.858626667" lon="-14.127406667">
        <time>2025-09-13T22:47:39Z</time>
      </trkpt>
      <trkpt lat="71.879551667" lon="-14.253480000">
        <time>2025-09-13T23:09:51Z</time>
      </trkpt>
      <trkpt lat="71.887438333" lon="-14.299588333">
        <time>2025-09-13T23:18:09Z</time>
      </trkpt>
      <trkpt lat="71.895873333" lon="-14.351728333">
        <time>2025-09-13T23:27:24Z</time>
      </trkpt>
      <trkpt lat="71.905020000" lon="-14.406090000">
        <time>2025-09-13T23:36:54Z</time>
      </trkpt>
      <trkpt lat="71.924096667" lon="-14.523175000">
        <time>2025-09-13T23:57:39Z</time>
      </trkpt>
      <trkpt lat="71.927273333" lon="-14.541240000">
        <time>2025-09-14T00:01:08Z</time>
      </trkpt>
      <trkpt lat="71.948646667" lon="-14.672101667">
        <time>2025-09-14T00:24:09Z</time>
      </trkpt>
      <trkpt lat="71.955748333" lon="-14.713533333">
        <time>2025-09-14T00:31:15Z</time>
      </trkpt>
      <trkpt lat="71.966520000" lon="-14.780108333">
        <time>2025-09-14T00:42:45Z</time>
      </trkpt>
      <trkpt lat="72.002975000" lon="-15.001725000">
        <time>2025-09-14T01:22:53Z</time>
      </trkpt>
      <trkpt lat="72.003210000" lon="-15.004565000">
        <time>2025-09-14T01:23:25Z</time>
      </trkpt>
      <trkpt lat="72.003438333" lon="-15.023408333">
        <time>2025-09-14T01:26:14Z</time>
      </trkpt>
      <trkpt lat="72.003451667" lon="-15.223566667">
        <time>2025-09-14T01:53:40Z</time>
      </trkpt>
      <trkpt lat="72.003208333" lon="-15.294353333">
        <time>2025-09-14T02:03:09Z</time>
      </trkpt>
      <trkpt lat="72.003341667" lon="-15.317568333">
        <time>2025-09-14T02:06:22Z</time>
      </trkpt>
      <trkpt lat="72.003206667" lon="-15.384061667">
        <time>2025-09-14T02:15:12Z</time>
      </trkpt>
      <trkpt lat="72.003345000" lon="-15.426200000">
        <time>2025-09-14T02:20:41Z</time>
      </trkpt>
      <trkpt lat="72.003120000" lon="-15.565536667">
        <time>2025-09-14T02:39:02Z</time>
      </trkpt>
      <trkpt lat="72.003273333" lon="-15.600505000">
        <time>2025-09-14T02:43:51Z</time>
      </trkpt>
      <trkpt lat="72.003060000" lon="-15.663761667">
        <time>2025-09-14T02:52:48Z</time>
      </trkpt>
      <trkpt lat="72.003153333" lon="-15.811361667">
        <time>2025-09-14T03:14:46Z</time>
      </trkpt>
      <trkpt lat="72.002943333" lon="-15.864956667">
        <time>2025-09-14T03:22:48Z</time>
      </trkpt>
      <trkpt lat="72.003125000" lon="-15.934315000">
        <time>2025-09-14T03:33:07Z</time>
      </trkpt>
      <trkpt lat="72.002921667" lon="-15.983925000">
        <time>2025-09-14T03:40:29Z</time>
      </trkpt>
      <trkpt lat="72.003026667" lon="-16.076243333">
        <time>2025-09-14T03:54:00Z</time>
      </trkpt>
      <trkpt lat="72.002993333" lon="-16.165658333">
        <time>2025-09-14T04:07:23Z</time>
      </trkpt>
      <trkpt lat="72.003171667" lon="-16.167633333">
        <time>2025-09-14T04:07:55Z</time>
      </trkpt>
      <trkpt lat="72.004190000" lon="-16.169668333">
        <time>2025-09-14T04:11:00Z</time>
      </trkpt>
      <trkpt lat="72.004636667" lon="-16.171225000">
        <time>2025-09-14T04:13:08Z</time>
      </trkpt>
      <trkpt lat="72.004918333" lon="-16.173195000">
        <time>2025-09-14T04:15:49Z</time>
      </trkpt>
      <trkpt lat="72.004650000" lon="-16.181790000">
        <time>2025-09-14T04:25:02Z</time>
      </trkpt>
      <trkpt lat="72.004708333" lon="-16.183391667">
        <time>2025-09-14T04:26:39Z</time>
      </trkpt>
      <trkpt lat="72.004893333" lon="-16.184228333">
        <time>2025-09-14T04:28:23Z</time>
      </trkpt>
      <trkpt lat="72.005021667" lon="-16.183793333">
        <time>2025-09-14T04:30:23Z</time>
      </trkpt>
      <trkpt lat="72.005020000" lon="-16.184693333">
        <time>2025-09-14T04:32:00Z</time>
      </trkpt>
      <trkpt lat="72.005873333" lon="-16.187355000">
        <time>2025-09-14T04:34:08Z</time>
      </trkpt>
      <trkpt lat="72.006273333" lon="-16.189620000">
        <time>2025-09-14T04:34:40Z</time>
      </trkpt>
      <trkpt lat="72.006298333" lon="-16.191895000">
        <time>2025-09-14T04:35:05Z</time>
      </trkpt>
      <trkpt lat="72.004181667" lon="-16.211276667">
        <time>2025-09-14T04:37:53Z</time>
      </trkpt>
      <trkpt lat="72.003280000" lon="-16.232290000">
        <time>2025-09-14T04:40:42Z</time>
      </trkpt>
      <trkpt lat="72.002800000" lon="-16.254155000">
        <time>2025-09-14T04:43:31Z</time>
      </trkpt>
      <trkpt lat="72.002670000" lon="-16.273713333">
        <time>2025-09-14T04:46:03Z</time>
      </trkpt>
      <trkpt lat="72.002845000" lon="-16.331096667">
        <time>2025-09-14T04:53:16Z</time>
      </trkpt>
      <trkpt lat="72.002730000" lon="-16.369680000">
        <time>2025-09-14T04:57:58Z</time>
      </trkpt>
      <trkpt lat="72.002993333" lon="-16.410470000">
        <time>2025-09-14T05:03:03Z</time>
      </trkpt>
      <trkpt lat="72.002661667" lon="-16.455668333">
        <time>2025-09-14T05:08:41Z</time>
      </trkpt>
      <trkpt lat="72.002820000" lon="-16.484928333">
        <time>2025-09-14T05:12:18Z</time>
      </trkpt>
      <trkpt lat="72.002610000" lon="-16.583146667">
        <time>2025-09-14T05:24:28Z</time>
      </trkpt>
      <trkpt lat="72.002773333" lon="-16.650595000">
        <time>2025-09-14T05:32:54Z</time>
      </trkpt>
      <trkpt lat="72.002568333" lon="-16.835320000">
        <time>2025-09-14T05:56:19Z</time>
      </trkpt>
      <trkpt lat="72.002730000" lon="-16.854430000">
        <time>2025-09-14T05:58:44Z</time>
      </trkpt>
      <trkpt lat="72.002503333" lon="-16.926401667">
        <time>2025-09-14T06:07:41Z</time>
      </trkpt>
      <trkpt lat="72.002643333" lon="-16.962945000">
        <time>2025-09-14T06:12:14Z</time>
      </trkpt>
      <trkpt lat="72.002406667" lon="-17.096571667">
        <time>2025-09-14T06:28:50Z</time>
      </trkpt>
      <trkpt lat="72.002576667" lon="-17.124461667">
        <time>2025-09-14T06:32:18Z</time>
      </trkpt>
      <trkpt lat="72.002401667" lon="-17.186285000">
        <time>2025-09-14T06:39:56Z</time>
      </trkpt>
      <trkpt lat="72.002510000" lon="-17.240371667">
        <time>2025-09-14T06:46:38Z</time>
      </trkpt>
      <trkpt lat="72.002331667" lon="-17.288475000">
        <time>2025-09-14T06:52:31Z</time>
      </trkpt>
      <trkpt lat="72.002470000" lon="-17.328666667">
        <time>2025-09-14T06:57:29Z</time>
      </trkpt>
      <trkpt lat="72.002310000" lon="-17.527436667">
        <time>2025-09-14T07:21:50Z</time>
      </trkpt>
      <trkpt lat="72.002523333" lon="-17.529358333">
        <time>2025-09-14T07:22:14Z</time>
      </trkpt>
      <trkpt lat="72.003055000" lon="-17.530138333">
        <time>2025-09-14T07:24:06Z</time>
      </trkpt>
      <trkpt lat="72.002333333" lon="-17.534161667">
        <time>2025-09-14T07:31:36Z</time>
      </trkpt>
      <trkpt lat="72.002521667" lon="-17.538146667">
        <time>2025-09-14T07:44:27Z</time>
      </trkpt>
      <trkpt lat="72.002966667" lon="-17.539576667">
        <time>2025-09-14T07:46:59Z</time>
      </trkpt>
      <trkpt lat="72.002561667" lon="-17.550075000">
        <time>2025-09-14T07:49:15Z</time>
      </trkpt>
      <trkpt lat="72.002303333" lon="-17.569530000">
        <time>2025-09-14T07:51:32Z</time>
      </trkpt>
      <trkpt lat="72.002205000" lon="-17.766881667">
        <time>2025-09-14T08:13:22Z</time>
      </trkpt>
      <trkpt lat="72.001946667" lon="-17.786743333">
        <time>2025-09-14T08:15:30Z</time>
      </trkpt>
      <trkpt lat="72.002121667" lon="-17.960243333">
        <time>2025-09-14T08:34:38Z</time>
      </trkpt>
      <trkpt lat="72.002526667" lon="-17.961911667">
        <time>2025-09-14T08:36:06Z</time>
      </trkpt>
      <trkpt lat="72.002163333" lon="-17.966833333">
        <time>2025-09-14T08:43:11Z</time>
      </trkpt>
      <trkpt lat="72.001650000" lon="-17.969100000">
        <time>2025-09-14T08:45:51Z</time>
      </trkpt>
      <trkpt lat="72.001523333" lon="-17.970291667">
        <time>2025-09-14T08:47:04Z</time>
      </trkpt>
      <trkpt lat="72.001716667" lon="-17.972283333">
        <time>2025-09-14T08:50:56Z</time>
      </trkpt>
      <trkpt lat="72.001081667" lon="-17.974828333">
        <time>2025-09-14T08:55:46Z</time>
      </trkpt>
      <trkpt lat="72.001105000" lon="-17.976035000">
        <time>2025-09-14T08:57:54Z</time>
      </trkpt>
      <trkpt lat="72.001638333" lon="-17.977118333">
        <time>2025-09-14T08:59:30Z</time>
      </trkpt>
      <trkpt lat="72.001890000" lon="-17.978906667">
        <time>2025-09-14T09:00:10Z</time>
      </trkpt>
      <trkpt lat="72.001573333" lon="-17.991700000">
        <time>2025-09-14T09:02:03Z</time>
      </trkpt>
      <trkpt lat="72.001828333" lon="-18.092918333">
        <time>2025-09-14T09:13:42Z</time>
      </trkpt>
      <trkpt lat="72.002276667" lon="-18.095725000">
        <time>2025-09-14T09:15:34Z</time>
      </trkpt>
      <trkpt lat="72.002383333" lon="-18.097623333">
        <time>2025-09-14T09:18:31Z</time>
      </trkpt>
      <trkpt lat="72.002033333" lon="-18.101663333">
        <time>2025-09-14T09:25:37Z</time>
      </trkpt>
      <trkpt lat="72.002123333" lon="-18.105790000">
        <time>2025-09-14T09:32:58Z</time>
      </trkpt>
      <trkpt lat="72.001798333" lon="-18.108753333">
        <time>2025-09-14T09:38:04Z</time>
      </trkpt>
      <trkpt lat="72.001515000" lon="-18.124681667">
        <time>2025-09-14T09:41:08Z</time>
      </trkpt>
      <trkpt lat="72.001905000" lon="-18.230286667">
        <time>2025-09-14T09:52:23Z</time>
      </trkpt>
      <trkpt lat="72.002518333" lon="-18.233850000">
        <time>2025-09-14T09:54:47Z</time>
      </trkpt>
      <trkpt lat="72.002381667" lon="-18.235613333">
        <time>2025-09-14T09:57:20Z</time>
      </trkpt>
      <trkpt lat="72.001901667" lon="-18.237198333">
        <time>2025-09-14T09:59:45Z</time>
      </trkpt>
      <trkpt lat="72.001953333" lon="-18.239995000">
        <time>2025-09-14T10:04:02Z</time>
      </trkpt>
      <trkpt lat="72.001613333" lon="-18.243888333">
        <time>2025-09-14T10:09:15Z</time>
      </trkpt>
      <trkpt lat="72.001721667" lon="-18.245980000">
        <time>2025-09-14T10:12:03Z</time>
      </trkpt>
      <trkpt lat="72.001118333" lon="-18.246870000">
        <time>2025-09-14T10:15:48Z</time>
      </trkpt>
      <trkpt lat="72.001583333" lon="-18.249318333">
        <time>2025-09-14T10:17:57Z</time>
      </trkpt>
      <trkpt lat="72.001763333" lon="-18.455826667">
        <time>2025-09-14T10:39:37Z</time>
      </trkpt>
      <trkpt lat="72.001586667" lon="-18.555755000">
        <time>2025-09-14T10:49:55Z</time>
      </trkpt>
      <trkpt lat="72.001956667" lon="-18.663800000">
        <time>2025-09-14T11:01:27Z</time>
      </trkpt>
      <trkpt lat="72.002685000" lon="-18.665850000">
        <time>2025-09-14T11:03:28Z</time>
      </trkpt>
      <trkpt lat="72.002883333" lon="-18.668150000">
        <time>2025-09-14T11:06:33Z</time>
      </trkpt>
      <trkpt lat="72.002815000" lon="-18.671538333">
        <time>2025-09-14T11:10:50Z</time>
      </trkpt>
      <trkpt lat="72.003018333" lon="-18.673655000">
        <time>2025-09-14T11:14:19Z</time>
      </trkpt>
      <trkpt lat="72.002450000" lon="-18.681761667">
        <time>2025-09-14T11:23:09Z</time>
      </trkpt>
      <trkpt lat="72.002500000" lon="-18.683091667">
        <time>2025-09-14T11:24:54Z</time>
      </trkpt>
      <trkpt lat="72.002805000" lon="-18.684053333">
        <time>2025-09-14T11:27:34Z</time>
      </trkpt>
      <trkpt lat="72.003071667" lon="-18.689278333">
        <time>2025-09-14T11:32:48Z</time>
      </trkpt>
      <trkpt lat="72.002413333" lon="-18.695490000">
        <time>2025-09-14T11:34:00Z</time>
      </trkpt>
      <trkpt lat="72.002090000" lon="-18.703075000">
        <time>2025-09-14T11:34:56Z</time>
      </trkpt>
      <trkpt lat="72.001985000" lon="-19.128003333">
        <time>2025-09-14T12:18:50Z</time>
      </trkpt>
      <trkpt lat="72.001816667" lon="-19.150730000">
        <time>2025-09-14T12:21:15Z</time>
      </trkpt>
      <trkpt lat="72.001723333" lon="-19.311395000">
        <time>2025-09-14T12:38:38Z</time>
      </trkpt>
      <trkpt lat="72.001881667" lon="-19.377491667">
        <time>2025-09-14T12:45:36Z</time>
      </trkpt>
      <trkpt lat="72.001468333" lon="-19.446501667">
        <time>2025-09-14T12:52:49Z</time>
      </trkpt>
      <trkpt lat="72.001745000" lon="-19.515501667">
        <time>2025-09-14T13:00:11Z</time>
      </trkpt>
      <trkpt lat="72.001450000" lon="-19.710096667">
        <time>2025-09-14T13:20:55Z</time>
      </trkpt>
      <trkpt lat="72.001533333" lon="-19.825845000">
        <time>2025-09-14T13:33:14Z</time>
      </trkpt>
      <trkpt lat="72.001310000" lon="-19.894706667">
        <time>2025-09-14T13:40:28Z</time>
      </trkpt>
      <trkpt lat="72.001316667" lon="-20.107390000">
        <time>2025-09-14T14:02:41Z</time>
      </trkpt>
      <trkpt lat="72.001238333" lon="-20.246018333">
        <time>2025-09-14T14:17:41Z</time>
      </trkpt>
      <trkpt lat="72.001456667" lon="-20.247403333">
        <time>2025-09-14T14:18:05Z</time>
      </trkpt>
      <trkpt lat="72.002183333" lon="-20.247981667">
        <time>2025-09-14T14:19:50Z</time>
      </trkpt>
      <trkpt lat="72.001953333" lon="-20.249071667">
        <time>2025-09-14T14:23:35Z</time>
      </trkpt>
      <trkpt lat="72.001948333" lon="-20.251881667">
        <time>2025-09-14T14:31:20Z</time>
      </trkpt>
      <trkpt lat="72.001778333" lon="-20.253458333">
        <time>2025-09-14T14:36:01Z</time>
      </trkpt>
      <trkpt lat="72.000856667" lon="-20.253945000">
        <time>2025-09-14T14:40:50Z</time>
      </trkpt>
      <trkpt lat="72.000881667" lon="-20.254573333">
        <time>2025-09-14T14:41:47Z</time>
      </trkpt>
      <trkpt lat="72.001145000" lon="-20.254781667">
        <time>2025-09-14T14:42:35Z</time>
      </trkpt>
      <trkpt lat="72.001401667" lon="-20.253725000">
        <time>2025-09-14T14:43:39Z</time>
      </trkpt>
      <trkpt lat="72.001418333" lon="-20.244003333">
        <time>2025-09-14T14:48:52Z</time>
      </trkpt>
      <trkpt lat="72.000816667" lon="-20.224246667">
        <time>2025-09-14T14:57:50Z</time>
      </trkpt>
      <trkpt lat="72.000383333" lon="-20.216928333">
        <time>2025-09-14T15:01:51Z</time>
      </trkpt>
      <trkpt lat="71.999838333" lon="-20.191573333">
        <time>2025-09-14T15:12:40Z</time>
      </trkpt>
      <trkpt lat="71.998080000" lon="-20.148880000">
        <time>2025-09-14T15:34:22Z</time>
      </trkpt>
      <trkpt lat="71.998298333" lon="-20.148123333">
        <time>2025-09-14T15:34:46Z</time>
      </trkpt>
      <trkpt lat="72.000223333" lon="-20.147811667">
        <time>2025-09-14T15:36:22Z</time>
      </trkpt>
      <trkpt lat="72.000661667" lon="-20.148578333">
        <time>2025-09-14T15:36:46Z</time>
      </trkpt>
      <trkpt lat="72.000875000" lon="-20.150121667">
        <time>2025-09-14T15:37:10Z</time>
      </trkpt>
      <trkpt lat="72.000750000" lon="-20.979316667">
        <time>2025-09-14T17:05:54Z</time>
      </trkpt>
      <trkpt lat="72.000568333" lon="-21.031466667">
        <time>2025-09-14T17:11:23Z</time>
      </trkpt>
      <trkpt lat="72.000706667" lon="-21.132966667">
        <time>2025-09-14T17:21:56Z</time>
      </trkpt>
      <trkpt lat="72.000523333" lon="-21.590410000">
        <time>2025-09-14T18:10:31Z</time>
      </trkpt>
      <trkpt lat="72.001146667" lon="-21.591816667">
        <time>2025-09-14T18:12:23Z</time>
      </trkpt>
      <trkpt lat="71.999563333" lon="-21.595295000">
        <time>2025-09-14T18:21:53Z</time>
      </trkpt>
      <trkpt lat="71.999688333" lon="-21.597340000">
        <time>2025-09-14T18:26:10Z</time>
      </trkpt>
      <trkpt lat="71.999885000" lon="-21.597590000">
        <time>2025-09-14T18:28:11Z</time>
      </trkpt>
      <trkpt lat="71.999810000" lon="-21.599213333">
        <time>2025-09-14T18:33:24Z</time>
      </trkpt>
      <trkpt lat="72.000188333" lon="-21.601876667">
        <time>2025-09-14T18:38:21Z</time>
      </trkpt>
      <trkpt lat="71.999928333" lon="-21.606300000">
        <time>2025-09-14T18:39:49Z</time>
      </trkpt>
      <trkpt lat="72.000316667" lon="-21.618798333">
        <time>2025-09-14T18:41:25Z</time>
      </trkpt>
      <trkpt lat="72.000530000" lon="-21.671056667">
        <time>2025-09-14T18:46:54Z</time>
      </trkpt>
      <trkpt lat="72.000433333" lon="-21.754506667">
        <time>2025-09-14T18:55:44Z</time>
      </trkpt>
      <trkpt lat="72.000010000" lon="-21.809555000">
        <time>2025-09-14T19:01:37Z</time>
      </trkpt>
      <trkpt lat="72.000031667" lon="-21.939858333">
        <time>2025-09-14T19:15:32Z</time>
      </trkpt>
      <trkpt lat="72.000451667" lon="-22.148973333">
        <time>2025-09-14T19:37:36Z</time>
      </trkpt>
      <trkpt lat="72.000255000" lon="-22.294716667">
        <time>2025-09-14T19:52:35Z</time>
      </trkpt>
      <trkpt lat="72.000483333" lon="-22.488435000">
        <time>2025-09-14T20:12:16Z</time>
      </trkpt>
      <trkpt lat="71.999978333" lon="-22.546015000">
        <time>2025-09-14T20:18:10Z</time>
      </trkpt>
      <trkpt lat="72.000226667" lon="-22.808371667">
        <time>2025-09-14T20:45:37Z</time>
      </trkpt>
      <trkpt lat="72.000455000" lon="-22.810358333">
        <time>2025-09-14T20:46:01Z</time>
      </trkpt>
      <trkpt lat="72.001661667" lon="-22.812145000">
        <time>2025-09-14T20:49:22Z</time>
      </trkpt>
      <trkpt lat="72.002168333" lon="-22.813773333">
        <time>2025-09-14T20:52:59Z</time>
      </trkpt>
      <trkpt lat="72.003288333" lon="-22.822486667">
        <time>2025-09-14T21:05:18Z</time>
      </trkpt>
      <trkpt lat="72.003620000" lon="-22.822328333">
        <time>2025-09-14T21:06:06Z</time>
      </trkpt>
      <trkpt lat="72.003766667" lon="-22.821238333">
        <time>2025-09-14T21:06:38Z</time>
      </trkpt>
      <trkpt lat="71.997101667" lon="-22.788275000">
        <time>2025-09-14T21:12:16Z</time>
      </trkpt>
      <trkpt lat="71.996138333" lon="-22.780786667">
        <time>2025-09-14T21:13:12Z</time>
      </trkpt>
      <trkpt lat="71.995678333" lon="-22.779270000">
        <time>2025-09-14T21:13:28Z</time>
      </trkpt>
      <trkpt lat="71.994633333" lon="-22.777945000">
        <time>2025-09-14T21:14:00Z</time>
      </trkpt>
      <trkpt lat="71.994136667" lon="-22.776470000">
        <time>2025-09-14T21:14:24Z</time>
      </trkpt>
      <trkpt lat="71.994053333" lon="-22.768206667">
        <time>2025-09-14T21:16:25Z</time>
      </trkpt>
      <trkpt lat="71.992826667" lon="-22.754740000">
        <time>2025-09-14T21:18:41Z</time>
      </trkpt>
      <trkpt lat="71.987615000" lon="-22.705771667">
        <time>2025-09-14T21:24:34Z</time>
      </trkpt>
      <trkpt lat="71.972828333" lon="-22.560573333">
        <time>2025-09-14T21:41:02Z</time>
      </trkpt>
      <trkpt lat="71.966290000" lon="-22.492403333">
        <time>2025-09-14T21:48:32Z</time>
      </trkpt>
      <trkpt lat="71.959706667" lon="-22.430585000">
        <time>2025-09-14T21:55:45Z</time>
      </trkpt>
      <trkpt lat="71.918086667" lon="-22.023911667">
        <time>2025-09-14T22:44:36Z</time>
      </trkpt>
      <trkpt lat="71.897353333" lon="-21.825058333">
        <time>2025-09-14T23:07:37Z</time>
      </trkpt>
      <trkpt lat="71.890875000" lon="-21.761111667">
        <time>2025-09-14T23:14:42Z</time>
      </trkpt>
      <trkpt lat="71.888013333" lon="-21.730560000">
        <time>2025-09-14T23:18:10Z</time>
      </trkpt>
      <trkpt lat="71.880071667" lon="-21.651368333">
        <time>2025-09-14T23:27:24Z</time>
      </trkpt>
      <trkpt lat="71.867586667" lon="-21.531288333">
        <time>2025-09-14T23:41:19Z</time>
      </trkpt>
      <trkpt lat="71.849023333" lon="-21.349141667">
        <time>2025-09-15T00:01:24Z</time>
      </trkpt>
      <trkpt lat="71.844196667" lon="-21.303665000">
        <time>2025-09-15T00:06:29Z</time>
      </trkpt>
      <trkpt lat="71.804810000" lon="-20.918965000">
        <time>2025-09-15T00:49:52Z</time>
      </trkpt>
      <trkpt lat="71.759408333" lon="-20.480008333">
        <time>2025-09-15T01:40:53Z</time>
      </trkpt>
      <trkpt lat="71.734860000" lon="-20.240583333">
        <time>2025-09-15T02:08:36Z</time>
      </trkpt>
      <trkpt lat="71.700821667" lon="-19.913143333">
        <time>2025-09-15T02:45:56Z</time>
      </trkpt>
      <trkpt lat="71.695081667" lon="-19.855761667">
        <time>2025-09-15T02:52:22Z</time>
      </trkpt>
      <trkpt lat="71.685436667" lon="-19.763758333">
        <time>2025-09-15T03:02:47Z</time>
      </trkpt>
      <trkpt lat="71.682411667" lon="-19.732878333">
        <time>2025-09-15T03:06:16Z</time>
      </trkpt>
      <trkpt lat="71.672088333" lon="-19.635538333">
        <time>2025-09-15T03:17:15Z</time>
      </trkpt>
      <trkpt lat="71.661928333" lon="-19.536421667">
        <time>2025-09-15T03:28:38Z</time>
      </trkpt>
      <trkpt lat="71.649630000" lon="-19.420015000">
        <time>2025-09-15T03:42:17Z</time>
      </trkpt>
      <trkpt lat="71.639688333" lon="-19.322951667">
        <time>2025-09-15T03:54:13Z</time>
      </trkpt>
      <trkpt lat="71.607361667" lon="-19.015168333">
        <time>2025-09-15T04:31:04Z</time>
      </trkpt>
      <trkpt lat="71.604068333" lon="-18.980886667">
        <time>2025-09-15T04:34:57Z</time>
      </trkpt>
      <trkpt lat="71.569861667" lon="-18.654488333">
        <time>2025-09-15T05:14:02Z</time>
      </trkpt>
      <trkpt lat="71.563176667" lon="-18.588883333">
        <time>2025-09-15T05:21:56Z</time>
      </trkpt>
      <trkpt lat="71.561506667" lon="-18.570495000">
        <time>2025-09-15T05:24:05Z</time>
      </trkpt>
      <trkpt lat="71.530795000" lon="-18.277230000">
        <time>2025-09-15T05:58:52Z</time>
      </trkpt>
      <trkpt lat="71.492768333" lon="-17.911356667">
        <time>2025-09-15T06:42:13Z</time>
      </trkpt>
      <trkpt lat="71.487303333" lon="-17.861061667">
        <time>2025-09-15T06:48:14Z</time>
      </trkpt>
      <trkpt lat="71.479960000" lon="-17.789415000">
        <time>2025-09-15T06:56:40Z</time>
      </trkpt>
      <trkpt lat="71.471545000" lon="-17.711595000">
        <time>2025-09-15T07:06:01Z</time>
      </trkpt>
      <trkpt lat="71.468216667" lon="-17.678175000">
        <time>2025-09-15T07:10:02Z</time>
      </trkpt>
      <trkpt lat="71.461325000" lon="-17.613391667">
        <time>2025-09-15T07:17:48Z</time>
      </trkpt>
      <trkpt lat="71.459301667" lon="-17.591458333">
        <time>2025-09-15T07:20:28Z</time>
      </trkpt>
      <trkpt lat="71.451003333" lon="-17.514271667">
        <time>2025-09-15T07:29:43Z</time>
      </trkpt>
      <trkpt lat="71.431040000" lon="-17.322513333">
        <time>2025-09-15T07:52:35Z</time>
      </trkpt>
      <trkpt lat="71.421468333" lon="-17.232818333">
        <time>2025-09-15T08:03:33Z</time>
      </trkpt>
      <trkpt lat="71.413203333" lon="-17.152393333">
        <time>2025-09-15T08:13:02Z</time>
      </trkpt>
      <trkpt lat="71.397956667" lon="-17.008921667">
        <time>2025-09-15T08:29:55Z</time>
      </trkpt>
      <trkpt lat="71.394761667" lon="-16.977026667">
        <time>2025-09-15T08:33:40Z</time>
      </trkpt>
      <trkpt lat="71.385356667" lon="-16.889111667">
        <time>2025-09-15T08:44:07Z</time>
      </trkpt>
      <trkpt lat="71.367486667" lon="-16.717740000">
        <time>2025-09-15T09:04:10Z</time>
      </trkpt>
      <trkpt lat="71.359355000" lon="-16.642181667">
        <time>2025-09-15T09:13:07Z</time>
      </trkpt>
      <trkpt lat="71.348248333" lon="-16.535238333">
        <time>2025-09-15T09:25:48Z</time>
      </trkpt>
      <trkpt lat="71.337228333" lon="-16.432445000">
        <time>2025-09-15T09:38:06Z</time>
      </trkpt>
      <trkpt lat="71.333333333" lon="-16.393945000">
        <time>2025-09-15T09:42:39Z</time>
      </trkpt>
      <trkpt lat="71.315500000" lon="-16.226728333">
        <time>2025-09-15T10:03:08Z</time>
      </trkpt>
      <trkpt lat="71.311625000" lon="-16.187705000">
        <time>2025-09-15T10:07:49Z</time>
      </trkpt>
      <trkpt lat="71.299665000" lon="-16.076390000">
        <time>2025-09-15T10:20:47Z</time>
      </trkpt>
      <trkpt lat="71.274515000" lon="-15.836966667">
        <time>2025-09-15T10:48:36Z</time>
      </trkpt>
      <trkpt lat="71.268968333" lon="-15.786218333">
        <time>2025-09-15T10:54:29Z</time>
      </trkpt>
      <trkpt lat="71.240070000" lon="-15.513273333">
        <time>2025-09-15T11:26:12Z</time>
      </trkpt>
      <trkpt lat="71.239690000" lon="-15.512616667">
        <time>2025-09-15T11:26:28Z</time>
      </trkpt>
      <trkpt lat="71.239285000" lon="-15.512865000">
        <time>2025-09-15T11:26:52Z</time>
      </trkpt>
      <trkpt lat="71.239075000" lon="-15.513938333">
        <time>2025-09-15T11:27:25Z</time>
      </trkpt>
      <trkpt lat="71.238645000" lon="-15.527758333">
        <time>2025-09-15T11:29:49Z</time>
      </trkpt>
      <trkpt lat="71.237363333" lon="-15.548166667">
        <time>2025-09-15T11:32:13Z</time>
      </trkpt>
      <trkpt lat="71.230548333" lon="-15.637505000">
        <time>2025-09-15T11:42:32Z</time>
      </trkpt>
      <trkpt lat="71.217458333" lon="-15.814511667">
        <time>2025-09-15T12:02:45Z</time>
      </trkpt>
      <trkpt lat="71.206313333" lon="-15.961385000">
        <time>2025-09-15T12:19:36Z</time>
      </trkpt>
      <trkpt lat="71.192406667" lon="-16.149606667">
        <time>2025-09-15T12:41:01Z</time>
      </trkpt>
      <trkpt lat="71.189413333" lon="-16.187656667">
        <time>2025-09-15T12:45:26Z</time>
      </trkpt>
      <trkpt lat="71.173216667" lon="-16.405811667">
        <time>2025-09-15T13:11:00Z</time>
      </trkpt>
      <trkpt lat="71.156865000" lon="-16.621373333">
        <time>2025-09-15T13:36:27Z</time>
      </trkpt>
      <trkpt lat="71.151966667" lon="-16.690295000">
        <time>2025-09-15T13:45:01Z</time>
      </trkpt>
      <trkpt lat="71.152043333" lon="-16.691771667">
        <time>2025-09-15T13:45:25Z</time>
      </trkpt>
      <trkpt lat="71.152696667" lon="-16.693410000">
        <time>2025-09-15T13:47:17Z</time>
      </trkpt>
      <trkpt lat="71.152371667" lon="-16.698141667">
        <time>2025-09-15T13:53:51Z</time>
      </trkpt>
      <trkpt lat="71.152466667" lon="-16.699205000">
        <time>2025-09-15T13:55:28Z</time>
      </trkpt>
      <trkpt lat="71.152183333" lon="-16.700408333">
        <time>2025-09-15T13:57:44Z</time>
      </trkpt>
      <trkpt lat="71.152571667" lon="-16.705566667">
        <time>2025-09-15T14:06:02Z</time>
      </trkpt>
      <trkpt lat="71.152378333" lon="-16.708280000">
        <time>2025-09-15T14:10:11Z</time>
      </trkpt>
      <trkpt lat="71.151118333" lon="-16.713801667">
        <time>2025-09-15T14:18:45Z</time>
      </trkpt>
      <trkpt lat="71.151261667" lon="-16.716226667">
        <time>2025-09-15T14:20:45Z</time>
      </trkpt>
      <trkpt lat="71.151135000" lon="-16.718198333">
        <time>2025-09-15T14:21:33Z</time>
      </trkpt>
      <trkpt lat="71.150193333" lon="-16.721460000">
        <time>2025-09-15T14:22:37Z</time>
      </trkpt>
      <trkpt lat="71.148998333" lon="-16.730190000">
        <time>2025-09-15T14:24:06Z</time>
      </trkpt>
      <trkpt lat="71.147546667" lon="-16.745016667">
        <time>2025-09-15T14:25:50Z</time>
      </trkpt>
      <trkpt lat="71.141968333" lon="-16.822083333">
        <time>2025-09-15T14:34:16Z</time>
      </trkpt>
      <trkpt lat="71.085583333" lon="-17.571448333">
        <time>2025-09-15T15:58:12Z</time>
      </trkpt>
      <trkpt lat="71.082385000" lon="-17.615860000">
        <time>2025-09-15T16:03:17Z</time>
      </trkpt>
      <trkpt lat="71.079200000" lon="-17.655223333">
        <time>2025-09-15T16:07:51Z</time>
      </trkpt>
      <trkpt lat="71.068355000" lon="-17.802088333">
        <time>2025-09-15T16:24:58Z</time>
      </trkpt>
      <trkpt lat="71.052103333" lon="-18.015450000">
        <time>2025-09-15T16:49:12Z</time>
      </trkpt>
      <trkpt lat="71.034193333" lon="-18.255193333">
        <time>2025-09-15T17:16:39Z</time>
      </trkpt>
      <trkpt lat="71.026021667" lon="-18.361413333">
        <time>2025-09-15T17:28:58Z</time>
      </trkpt>
      <trkpt lat="71.023751667" lon="-18.394343333">
        <time>2025-09-15T17:32:51Z</time>
      </trkpt>
      <trkpt lat="71.013573333" lon="-18.525768333">
        <time>2025-09-15T17:48:12Z</time>
      </trkpt>
      <trkpt lat="70.999223333" lon="-18.718750000">
        <time>2025-09-15T18:10:34Z</time>
      </trkpt>
      <trkpt lat="70.995326667" lon="-18.767571667">
        <time>2025-09-15T18:16:19Z</time>
      </trkpt>
      <trkpt lat="70.991263333" lon="-18.823601667">
        <time>2025-09-15T18:22:51Z</time>
      </trkpt>
      <trkpt lat="70.985381667" lon="-18.899193333">
        <time>2025-09-15T18:31:41Z</time>
      </trkpt>
      <trkpt lat="70.982875000" lon="-18.934373333">
        <time>2025-09-15T18:35:42Z</time>
      </trkpt>
      <trkpt lat="70.975621667" lon="-19.028703333">
        <time>2025-09-15T18:46:32Z</time>
      </trkpt>
      <trkpt lat="70.970881667" lon="-19.093695000">
        <time>2025-09-15T18:53:53Z</time>
      </trkpt>
      <trkpt lat="70.967805000" lon="-19.131555000">
        <time>2025-09-15T18:58:10Z</time>
      </trkpt>
      <trkpt lat="70.961555000" lon="-19.216063333">
        <time>2025-09-15T19:07:41Z</time>
      </trkpt>
      <trkpt lat="70.958945000" lon="-19.248253333">
        <time>2025-09-15T19:11:17Z</time>
      </trkpt>
      <trkpt lat="70.956930000" lon="-19.277266667">
        <time>2025-09-15T19:14:30Z</time>
      </trkpt>
      <trkpt lat="70.951448333" lon="-19.347238333">
        <time>2025-09-15T19:22:16Z</time>
      </trkpt>
      <trkpt lat="70.938255000" lon="-19.524573333">
        <time>2025-09-15T19:42:05Z</time>
      </trkpt>
      <trkpt lat="70.936326667" lon="-19.547643333">
        <time>2025-09-15T19:44:46Z</time>
      </trkpt>
      <trkpt lat="70.919933333" lon="-19.765493333">
        <time>2025-09-15T20:09:41Z</time>
      </trkpt>
      <trkpt lat="70.915690000" lon="-19.819213333">
        <time>2025-09-15T20:15:50Z</time>
      </trkpt>
      <trkpt lat="70.903808333" lon="-19.977186667">
        <time>2025-09-15T20:33:55Z</time>
      </trkpt>
      <trkpt lat="70.902563333" lon="-19.990946667">
        <time>2025-09-15T20:35:32Z</time>
      </trkpt>
      <trkpt lat="70.894060000" lon="-20.106358333">
        <time>2025-09-15T20:49:05Z</time>
      </trkpt>
      <trkpt lat="70.892398333" lon="-20.125186667">
        <time>2025-09-15T20:51:21Z</time>
      </trkpt>
      <trkpt lat="70.867808333" lon="-20.448485000">
        <time>2025-09-15T21:28:58Z</time>
      </trkpt>
      <trkpt lat="70.849156667" lon="-20.696433333">
        <time>2025-09-15T21:55:15Z</time>
      </trkpt>
      <trkpt lat="70.847283333" lon="-20.718433333">
        <time>2025-09-15T21:57:40Z</time>
      </trkpt>
      <trkpt lat="70.844023333" lon="-20.762471667">
        <time>2025-09-15T22:02:38Z</time>
      </trkpt>
      <trkpt lat="70.840633333" lon="-20.802535000">
        <time>2025-09-15T22:07:11Z</time>
      </trkpt>
      <trkpt lat="70.828335000" lon="-20.968311667">
        <time>2025-09-15T22:25:50Z</time>
      </trkpt>
      <trkpt lat="70.809045000" lon="-21.222548333">
        <time>2025-09-15T22:54:09Z</time>
      </trkpt>
      <trkpt lat="70.807570000" lon="-21.238516667">
        <time>2025-09-15T22:56:02Z</time>
      </trkpt>
      <trkpt lat="70.807131667" lon="-21.241126667">
        <time>2025-09-15T22:56:26Z</time>
      </trkpt>
      <trkpt lat="70.806686667" lon="-21.242168333">
        <time>2025-09-15T22:56:42Z</time>
      </trkpt>
      <trkpt lat="70.806145000" lon="-21.242598333">
        <time>2025-09-15T22:56:59Z</time>
      </trkpt>
      <trkpt lat="70.805481667" lon="-21.242101667">
        <time>2025-09-15T22:57:23Z</time>
      </trkpt>
      <trkpt lat="70.805056667" lon="-21.240851667">
        <time>2025-09-15T22:57:47Z</time>
      </trkpt>
      <trkpt lat="70.804176667" lon="-21.230701667">
        <time>2025-09-15T22:59:47Z</time>
      </trkpt>
      <trkpt lat="70.802193333" lon="-21.219561667">
        <time>2025-09-15T23:01:24Z</time>
      </trkpt>
      <trkpt lat="70.774175000" lon="-21.015841667">
        <time>2025-09-15T23:27:01Z</time>
      </trkpt>
      <trkpt lat="70.741645000" lon="-20.774986667">
        <time>2025-09-15T23:56:16Z</time>
      </trkpt>
      <trkpt lat="70.733718333" lon="-20.718796667">
        <time>2025-09-16T00:02:42Z</time>
      </trkpt>
      <trkpt lat="70.730363333" lon="-20.692563333">
        <time>2025-09-16T00:05:48Z</time>
      </trkpt>
      <trkpt lat="70.720156667" lon="-20.619325000">
        <time>2025-09-16T00:14:31Z</time>
      </trkpt>
      <trkpt lat="70.712620000" lon="-20.562471667">
        <time>2025-09-16T00:21:14Z</time>
      </trkpt>
      <trkpt lat="70.645255000" lon="-20.074535000">
        <time>2025-09-16T01:21:00Z</time>
      </trkpt>
      <trkpt lat="70.634780000" lon="-19.995800000">
        <time>2025-09-16T01:30:24Z</time>
      </trkpt>
      <trkpt lat="70.624943333" lon="-19.926221667">
        <time>2025-09-16T01:38:43Z</time>
      </trkpt>
      <trkpt lat="70.587416667" lon="-19.651221667">
        <time>2025-09-16T02:10:47Z</time>
      </trkpt>
      <trkpt lat="70.587533333" lon="-19.649733333">
        <time>2025-09-16T02:11:12Z</time>
      </trkpt>
      <trkpt lat="70.587843333" lon="-19.648970000">
        <time>2025-09-16T02:12:00Z</time>
      </trkpt>
      <trkpt lat="70.587968333" lon="-19.649540000">
        <time>2025-09-16T02:14:41Z</time>
      </trkpt>
      <trkpt lat="70.587681667" lon="-19.649270000">
        <time>2025-09-16T02:19:07Z</time>
      </trkpt>
      <trkpt lat="70.587175000" lon="-19.651235000">
        <time>2025-09-16T02:30:39Z</time>
      </trkpt>
      <trkpt lat="70.586028333" lon="-19.643936667">
        <time>2025-09-16T02:33:20Z</time>
      </trkpt>
      <trkpt lat="70.567158333" lon="-19.505246667">
        <time>2025-09-16T02:49:26Z</time>
      </trkpt>
      <trkpt lat="70.553763333" lon="-19.409176667">
        <time>2025-09-16T03:00:34Z</time>
      </trkpt>
      <trkpt lat="70.522286667" lon="-19.180071667">
        <time>2025-09-16T03:27:22Z</time>
      </trkpt>
      <trkpt lat="70.515356667" lon="-19.131295000">
        <time>2025-09-16T03:33:09Z</time>
      </trkpt>
      <trkpt lat="70.477298333" lon="-18.855366667">
        <time>2025-09-16T04:05:46Z</time>
      </trkpt>
      <trkpt lat="70.464926667" lon="-18.766826667">
        <time>2025-09-16T04:16:22Z</time>
      </trkpt>
      <trkpt lat="70.464666667" lon="-18.763895000">
        <time>2025-09-16T04:16:46Z</time>
      </trkpt>
      <trkpt lat="70.464861667" lon="-18.761636667">
        <time>2025-09-16T04:17:11Z</time>
      </trkpt>
      <trkpt lat="70.465760000" lon="-18.757793333">
        <time>2025-09-16T04:18:15Z</time>
      </trkpt>
      <trkpt lat="70.471356667" lon="-18.743598333">
        <time>2025-09-16T04:23:29Z</time>
      </trkpt>
      <trkpt lat="70.473605000" lon="-18.737078333">
        <time>2025-09-16T04:26:42Z</time>
      </trkpt>
      <trkpt lat="70.477041667" lon="-18.725428333">
        <time>2025-09-16T04:33:33Z</time>
      </trkpt>
      <trkpt lat="70.477393333" lon="-18.725641667">
        <time>2025-09-16T04:34:05Z</time>
      </trkpt>
      <trkpt lat="70.477670000" lon="-18.727191667">
        <time>2025-09-16T04:34:37Z</time>
      </trkpt>
      <trkpt lat="70.477700000" lon="-18.729266667">
        <time>2025-09-16T04:35:01Z</time>
      </trkpt>
      <trkpt lat="70.477201667" lon="-18.737623333">
        <time>2025-09-16T04:36:38Z</time>
      </trkpt>
      <trkpt lat="70.474775000" lon="-18.761700000">
        <time>2025-09-16T04:44:02Z</time>
      </trkpt>
      <trkpt lat="70.472431667" lon="-18.792003333">
        <time>2025-09-16T04:54:38Z</time>
      </trkpt>
      <trkpt lat="70.471018333" lon="-18.826996667">
        <time>2025-09-16T05:06:27Z</time>
      </trkpt>
      <trkpt lat="70.470203333" lon="-18.835320000">
        <time>2025-09-16T05:10:13Z</time>
      </trkpt>
      <trkpt lat="70.468726667" lon="-18.845630000">
        <time>2025-09-16T05:14:31Z</time>
      </trkpt>
      <trkpt lat="70.468421667" lon="-18.848966667">
        <time>2025-09-16T05:15:35Z</time>
      </trkpt>
      <trkpt lat="70.468365000" lon="-18.855246667">
        <time>2025-09-16T05:17:28Z</time>
      </trkpt>
      <trkpt lat="70.468770000" lon="-18.864806667">
        <time>2025-09-16T05:20:42Z</time>
      </trkpt>
      <trkpt lat="70.469291667" lon="-18.870683333">
        <time>2025-09-16T05:22:43Z</time>
      </trkpt>
      <trkpt lat="70.469755000" lon="-18.872853333">
        <time>2025-09-16T05:23:23Z</time>
      </trkpt>
      <trkpt lat="70.470348333" lon="-18.874076667">
        <time>2025-09-16T05:23:55Z</time>
      </trkpt>
      <trkpt lat="70.470731667" lon="-18.874013333">
        <time>2025-09-16T05:24:20Z</time>
      </trkpt>
      <trkpt lat="70.471226667" lon="-18.827035000">
        <time>2025-09-16T05:31:27Z</time>
      </trkpt>
      <trkpt lat="70.470653333" lon="-18.813938333">
        <time>2025-09-16T05:33:04Z</time>
      </trkpt>
      <trkpt lat="70.469823333" lon="-18.804066667">
        <time>2025-09-16T05:34:16Z</time>
      </trkpt>
      <trkpt lat="70.467088333" lon="-18.781871667">
        <time>2025-09-16T05:37:06Z</time>
      </trkpt>
      <trkpt lat="70.457001667" lon="-18.710225000">
        <time>2025-09-16T05:46:21Z</time>
      </trkpt>
      <trkpt lat="70.433356667" lon="-18.538481667">
        <time>2025-09-16T06:08:37Z</time>
      </trkpt>
      <trkpt lat="70.425911667" lon="-18.486346667">
        <time>2025-09-16T06:15:27Z</time>
      </trkpt>
      <trkpt lat="70.411823333" lon="-18.383405000">
        <time>2025-09-16T06:28:52Z</time>
      </trkpt>
      <trkpt lat="70.393230000" lon="-18.251273333">
        <time>2025-09-16T06:46:11Z</time>
      </trkpt>
      <trkpt lat="70.372103333" lon="-18.098510000">
        <time>2025-09-16T07:06:27Z</time>
      </trkpt>
      <trkpt lat="70.371221667" lon="-18.093673333">
        <time>2025-09-16T07:07:07Z</time>
      </trkpt>
      <trkpt lat="70.369078333" lon="-18.076396667">
        <time>2025-09-16T07:09:25Z</time>
      </trkpt>
      <trkpt lat="70.357823333" lon="-17.997133333">
        <time>2025-09-16T07:19:52Z</time>
      </trkpt>
      <trkpt lat="70.329746667" lon="-17.794525000">
        <time>2025-09-16T07:46:43Z</time>
      </trkpt>
      <trkpt lat="70.324895000" lon="-17.761053333">
        <time>2025-09-16T07:51:09Z</time>
      </trkpt>
      <trkpt lat="70.316223333" lon="-17.697683333">
        <time>2025-09-16T07:59:28Z</time>
      </trkpt>
      <trkpt lat="70.312133333" lon="-17.669600000">
        <time>2025-09-16T08:03:14Z</time>
      </trkpt>
      <trkpt lat="70.299718333" lon="-17.579703333">
        <time>2025-09-16T08:15:11Z</time>
      </trkpt>
      <trkpt lat="70.248478333" lon="-17.214995000">
        <time>2025-09-16T09:03:06Z</time>
      </trkpt>
      <trkpt lat="70.206166667" lon="-16.912038333">
        <time>2025-09-16T09:42:24Z</time>
      </trkpt>
      <trkpt lat="70.200960000" lon="-16.876105000">
        <time>2025-09-16T09:47:06Z</time>
      </trkpt>
      <trkpt lat="70.193158333" lon="-16.819590000">
        <time>2025-09-16T09:54:30Z</time>
      </trkpt>
      <trkpt lat="70.177880000" lon="-16.712085000">
        <time>2025-09-16T10:08:43Z</time>
      </trkpt>
      <trkpt lat="70.174301667" lon="-16.685333333">
        <time>2025-09-16T10:12:13Z</time>
      </trkpt>
      <trkpt lat="70.169930000" lon="-16.655551667">
        <time>2025-09-16T10:16:06Z</time>
      </trkpt>
      <trkpt lat="70.158103333" lon="-16.570168333">
        <time>2025-09-16T10:27:15Z</time>
      </trkpt>
      <trkpt lat="70.145533333" lon="-16.482136667">
        <time>2025-09-16T10:38:54Z</time>
      </trkpt>
      <trkpt lat="70.120270000" lon="-16.301718333">
        <time>2025-09-16T11:03:04Z</time>
      </trkpt>
      <trkpt lat="70.114208333" lon="-16.260178333">
        <time>2025-09-16T11:08:43Z</time>
      </trkpt>
      <trkpt lat="70.060911667" lon="-15.881160000">
        <time>2025-09-16T12:00:22Z</time>
      </trkpt>
      <trkpt lat="70.044901667" lon="-15.769545000">
        <time>2025-09-16T12:15:31Z</time>
      </trkpt>
      <trkpt lat="70.010756667" lon="-15.527591667">
        <time>2025-09-16T12:48:40Z</time>
      </trkpt>
      <trkpt lat="70.010345000" lon="-15.526611667">
        <time>2025-09-16T12:49:04Z</time>
      </trkpt>
      <trkpt lat="70.009920000" lon="-15.526623333">
        <time>2025-09-16T12:49:28Z</time>
      </trkpt>
      <trkpt lat="70.009660000" lon="-15.527345000">
        <time>2025-09-16T12:49:53Z</time>
      </trkpt>
      <trkpt lat="70.010123333" lon="-15.548733333">
        <time>2025-09-16T12:53:22Z</time>
      </trkpt>
      <trkpt lat="70.010080000" lon="-15.678191667">
        <time>2025-09-16T13:08:07Z</time>
      </trkpt>
      <trkpt lat="70.009910000" lon="-15.696853333">
        <time>2025-09-16T13:10:16Z</time>
      </trkpt>
      <trkpt lat="70.009931667" lon="-15.799151667">
        <time>2025-09-16T13:21:57Z</time>
      </trkpt>
      <trkpt lat="70.009746667" lon="-15.837595000">
        <time>2025-09-16T13:26:23Z</time>
      </trkpt>
      <trkpt lat="70.009843333" lon="-15.882913333">
        <time>2025-09-16T13:31:37Z</time>
      </trkpt>
      <trkpt lat="70.009400000" lon="-16.119646667">
        <time>2025-09-16T13:59:24Z</time>
      </trkpt>
      <trkpt lat="70.009303333" lon="-16.355285000">
        <time>2025-09-16T14:27:19Z</time>
      </trkpt>
      <trkpt lat="70.009100000" lon="-16.401013333">
        <time>2025-09-16T14:32:49Z</time>
      </trkpt>
      <trkpt lat="70.008820000" lon="-16.781198333">
        <time>2025-09-16T15:18:35Z</time>
      </trkpt>
      <trkpt lat="70.008603333" lon="-16.833061667">
        <time>2025-09-16T15:24:45Z</time>
      </trkpt>
      <trkpt lat="70.008531667" lon="-17.016040000">
        <time>2025-09-16T15:46:13Z</time>
      </trkpt>
      <trkpt lat="70.008308333" lon="-17.058758333">
        <time>2025-09-16T15:51:11Z</time>
      </trkpt>
      <trkpt lat="70.008388333" lon="-17.103505000">
        <time>2025-09-16T15:56:25Z</time>
      </trkpt>
      <trkpt lat="70.008156667" lon="-17.153958333">
        <time>2025-09-16T16:02:20Z</time>
      </trkpt>
      <trkpt lat="70.008273333" lon="-17.272246667">
        <time>2025-09-16T16:16:10Z</time>
      </trkpt>
      <trkpt lat="70.008076667" lon="-17.306731667">
        <time>2025-09-16T16:20:12Z</time>
      </trkpt>
      <trkpt lat="70.008145000" lon="-17.365686667">
        <time>2025-09-16T16:27:02Z</time>
      </trkpt>
      <trkpt lat="70.007715000" lon="-17.581173333">
        <time>2025-09-16T16:52:25Z</time>
      </trkpt>
      <trkpt lat="70.007433333" lon="-17.975541667">
        <time>2025-09-16T17:39:55Z</time>
      </trkpt>
      <trkpt lat="70.007931667" lon="-17.977398333">
        <time>2025-09-16T17:41:56Z</time>
      </trkpt>
      <trkpt lat="70.008493333" lon="-17.978110000">
        <time>2025-09-16T17:44:37Z</time>
      </trkpt>
      <trkpt lat="70.008963333" lon="-17.980293333">
        <time>2025-09-16T17:50:31Z</time>
      </trkpt>
      <trkpt lat="70.008573333" lon="-17.984350000">
        <time>2025-09-16T18:00:59Z</time>
      </trkpt>
      <trkpt lat="70.008853333" lon="-17.986886667">
        <time>2025-09-16T18:08:31Z</time>
      </trkpt>
      <trkpt lat="70.008878333" lon="-17.988973333">
        <time>2025-09-16T18:09:43Z</time>
      </trkpt>
      <trkpt lat="70.008675000" lon="-17.990115000">
        <time>2025-09-16T18:10:08Z</time>
      </trkpt>
      <trkpt lat="70.007553333" lon="-17.992483333">
        <time>2025-09-16T18:11:04Z</time>
      </trkpt>
      <trkpt lat="70.007281667" lon="-17.993770000">
        <time>2025-09-16T18:11:28Z</time>
      </trkpt>
      <trkpt lat="70.007135000" lon="-18.005321667">
        <time>2025-09-16T18:13:29Z</time>
      </trkpt>
      <trkpt lat="70.007248333" lon="-18.110416667">
        <time>2025-09-16T18:25:50Z</time>
      </trkpt>
      <trkpt lat="70.007006667" lon="-18.207040000">
        <time>2025-09-16T18:37:15Z</time>
      </trkpt>
      <trkpt lat="70.007021667" lon="-18.337890000">
        <time>2025-09-16T18:52:49Z</time>
      </trkpt>
      <trkpt lat="70.006760000" lon="-18.516078333">
        <time>2025-09-16T19:13:55Z</time>
      </trkpt>
      <trkpt lat="70.007191667" lon="-18.518225000">
        <time>2025-09-16T19:15:48Z</time>
      </trkpt>
      <trkpt lat="70.006226667" lon="-18.519923333">
        <time>2025-09-16T19:19:34Z</time>
      </trkpt>
      <trkpt lat="70.005550000" lon="-18.521823333">
        <time>2025-09-16T19:21:59Z</time>
      </trkpt>
      <trkpt lat="70.005473333" lon="-18.522390000">
        <time>2025-09-16T19:22:55Z</time>
      </trkpt>
      <trkpt lat="70.005680000" lon="-18.522003333">
        <time>2025-09-16T19:25:45Z</time>
      </trkpt>
      <trkpt lat="70.005378333" lon="-18.521598333">
        <time>2025-09-16T19:32:36Z</time>
      </trkpt>
      <trkpt lat="70.005298333" lon="-18.522133333">
        <time>2025-09-16T19:35:00Z</time>
      </trkpt>
      <trkpt lat="70.005096667" lon="-18.521908333">
        <time>2025-09-16T19:37:49Z</time>
      </trkpt>
      <trkpt lat="70.005196667" lon="-18.522525000">
        <time>2025-09-16T19:41:35Z</time>
      </trkpt>
      <trkpt lat="70.006230000" lon="-18.522516667">
        <time>2025-09-16T19:43:12Z</time>
      </trkpt>
      <trkpt lat="70.006650000" lon="-18.523118333">
        <time>2025-09-16T19:43:36Z</time>
      </trkpt>
      <trkpt lat="70.006908333" lon="-18.524563333">
        <time>2025-09-16T19:44:00Z</time>
      </trkpt>
      <trkpt lat="70.006446667" lon="-18.535945000">
        <time>2025-09-16T19:45:45Z</time>
      </trkpt>
      <trkpt lat="70.006268333" lon="-18.547861667">
        <time>2025-09-16T19:47:13Z</time>
      </trkpt>
      <trkpt lat="70.006290000" lon="-18.719885000">
        <time>2025-09-16T20:08:17Z</time>
      </trkpt>
      <trkpt lat="70.006691667" lon="-18.721573333">
        <time>2025-09-16T20:09:38Z</time>
      </trkpt>
      <trkpt lat="70.005635000" lon="-18.724128333">
        <time>2025-09-16T20:16:04Z</time>
      </trkpt>
      <trkpt lat="70.004970000" lon="-18.724361667">
        <time>2025-09-16T20:20:21Z</time>
      </trkpt>
      <trkpt lat="70.004111667" lon="-18.727118333">
        <time>2025-09-16T20:27:12Z</time>
      </trkpt>
      <trkpt lat="70.004011667" lon="-18.728325000">
        <time>2025-09-16T20:29:13Z</time>
      </trkpt>
      <trkpt lat="70.004636667" lon="-18.732915000">
        <time>2025-09-16T20:32:19Z</time>
      </trkpt>
      <trkpt lat="70.004786667" lon="-18.735035000">
        <time>2025-09-16T20:32:43Z</time>
      </trkpt>
      <trkpt lat="70.004541667" lon="-18.739420000">
        <time>2025-09-16T20:33:23Z</time>
      </trkpt>
      <trkpt lat="70.004421667" lon="-18.752410000">
        <time>2025-09-16T20:35:00Z</time>
      </trkpt>
      <trkpt lat="70.006190000" lon="-18.919725000">
        <time>2025-09-16T20:54:11Z</time>
      </trkpt>
      <trkpt lat="70.006595000" lon="-18.921386667">
        <time>2025-09-16T20:56:28Z</time>
      </trkpt>
      <trkpt lat="70.006190000" lon="-18.921173333">
        <time>2025-09-16T21:00:22Z</time>
      </trkpt>
      <trkpt lat="70.005691667" lon="-18.921940000">
        <time>2025-09-16T21:02:30Z</time>
      </trkpt>
      <trkpt lat="70.005278333" lon="-18.923386667">
        <time>2025-09-16T21:04:39Z</time>
      </trkpt>
      <trkpt lat="70.005316667" lon="-18.925123333">
        <time>2025-09-16T21:08:41Z</time>
      </trkpt>
      <trkpt lat="70.005748333" lon="-18.925551667">
        <time>2025-09-16T21:15:40Z</time>
      </trkpt>
      <trkpt lat="70.005960000" lon="-18.928820000">
        <time>2025-09-16T21:18:14Z</time>
      </trkpt>
      <trkpt lat="70.005750000" lon="-18.933830000">
        <time>2025-09-16T21:19:10Z</time>
      </trkpt>
      <trkpt lat="70.005941667" lon="-19.087018333">
        <time>2025-09-16T21:37:26Z</time>
      </trkpt>
      <trkpt lat="70.006078333" lon="-19.088305000">
        <time>2025-09-16T21:37:42Z</time>
      </trkpt>
      <trkpt lat="70.006776667" lon="-19.089306667">
        <time>2025-09-16T21:40:15Z</time>
      </trkpt>
      <trkpt lat="70.006386667" lon="-19.094353333">
        <time>2025-09-16T21:49:13Z</time>
      </trkpt>
      <trkpt lat="70.005580000" lon="-19.094561667">
        <time>2025-09-16T21:54:20Z</time>
      </trkpt>
      <trkpt lat="70.005608333" lon="-19.096435000">
        <time>2025-09-16T21:57:17Z</time>
      </trkpt>
      <trkpt lat="70.005246667" lon="-19.097443333">
        <time>2025-09-16T21:59:26Z</time>
      </trkpt>
      <trkpt lat="70.005401667" lon="-19.100261667">
        <time>2025-09-16T22:00:55Z</time>
      </trkpt>
      <trkpt lat="70.005221667" lon="-19.107025000">
        <time>2025-09-16T22:02:16Z</time>
      </trkpt>
      <trkpt lat="70.005473333" lon="-19.139848333">
        <time>2025-09-16T22:06:09Z</time>
      </trkpt>
      <trkpt lat="70.005650000" lon="-19.226276667">
        <time>2025-09-16T22:15:50Z</time>
      </trkpt>
      <trkpt lat="70.005433333" lon="-19.544978333">
        <time>2025-09-16T22:51:23Z</time>
      </trkpt>
      <trkpt lat="70.005560000" lon="-19.741245000">
        <time>2025-09-16T23:14:05Z</time>
      </trkpt>
      <trkpt lat="70.005405000" lon="-19.821176667">
        <time>2025-09-16T23:23:37Z</time>
      </trkpt>
      <trkpt lat="70.005528333" lon="-19.867925000">
        <time>2025-09-16T23:29:15Z</time>
      </trkpt>
      <trkpt lat="70.005311667" lon="-19.928758333">
        <time>2025-09-16T23:36:46Z</time>
      </trkpt>
      <trkpt lat="70.005526667" lon="-20.001273333">
        <time>2025-09-16T23:45:30Z</time>
      </trkpt>
      <trkpt lat="70.005458333" lon="-20.074988333">
        <time>2025-09-16T23:54:22Z</time>
      </trkpt>
      <trkpt lat="70.005668333" lon="-20.075825000">
        <time>2025-09-16T23:54:38Z</time>
      </trkpt>
      <trkpt lat="70.006195000" lon="-20.076283333">
        <time>2025-09-16T23:57:19Z</time>
      </trkpt>
      <trkpt lat="70.006030000" lon="-20.079338333">
        <time>2025-09-17T00:08:43Z</time>
      </trkpt>
      <trkpt lat="70.005793333" lon="-20.079208333">
        <time>2025-09-17T00:11:41Z</time>
      </trkpt>
      <trkpt lat="70.006045000" lon="-20.079528333">
        <time>2025-09-17T00:12:34Z</time>
      </trkpt>
      <trkpt lat="70.005898333" lon="-20.091770000">
        <time>2025-09-17T00:15:15Z</time>
      </trkpt>
      <trkpt lat="70.006181667" lon="-20.138668333">
        <time>2025-09-17T00:20:38Z</time>
      </trkpt>
      <trkpt lat="70.005820000" lon="-20.264051667">
        <time>2025-09-17T00:35:00Z</time>
      </trkpt>
      <trkpt lat="70.005580000" lon="-20.502461667">
        <time>2025-09-17T01:02:22Z</time>
      </trkpt>
      <trkpt lat="70.005001667" lon="-20.510518333">
        <time>2025-09-17T01:03:34Z</time>
      </trkpt>
      <trkpt lat="70.004601667" lon="-20.512413333">
        <time>2025-09-17T01:03:59Z</time>
      </trkpt>
      <trkpt lat="70.003976667" lon="-20.513305000">
        <time>2025-09-17T01:04:23Z</time>
      </trkpt>
      <trkpt lat="70.003323333" lon="-20.513098333">
        <time>2025-09-17T01:04:47Z</time>
      </trkpt>
      <trkpt lat="69.978485000" lon="-20.448668333">
        <time>2025-09-17T01:16:43Z</time>
      </trkpt>
      <trkpt lat="69.978225000" lon="-20.447273333">
        <time>2025-09-17T01:17:00Z</time>
      </trkpt>
      <trkpt lat="69.978265000" lon="-20.446246667">
        <time>2025-09-17T01:17:16Z</time>
      </trkpt>
      <trkpt lat="69.978516667" lon="-20.445591667">
        <time>2025-09-17T01:17:40Z</time>
      </trkpt>
      <trkpt lat="69.988745000" lon="-20.442451667">
        <time>2025-09-17T01:27:53Z</time>
      </trkpt>
      <trkpt lat="69.990926667" lon="-20.443056667">
        <time>2025-09-17T01:30:34Z</time>
      </trkpt>
      <trkpt lat="69.994988333" lon="-20.445601667">
        <time>2025-09-17T01:34:03Z</time>
      </trkpt>
      <trkpt lat="70.000220000" lon="-20.449870000">
        <time>2025-09-17T01:40:06Z</time>
      </trkpt>
      <trkpt lat="70.001628333" lon="-20.451705000">
        <time>2025-09-17T01:41:50Z</time>
      </trkpt>
      <trkpt lat="70.005855000" lon="-20.461620000">
        <time>2025-09-17T01:47:37Z</time>
      </trkpt>
      <trkpt lat="70.014516667" lon="-20.484950000">
        <time>2025-09-17T02:00:54Z</time>
      </trkpt>
      <trkpt lat="70.015393333" lon="-20.490865000">
        <time>2025-09-17T02:03:51Z</time>
      </trkpt>
      <trkpt lat="70.016601667" lon="-20.502378333">
        <time>2025-09-17T02:07:53Z</time>
      </trkpt>
      <trkpt lat="70.018985000" lon="-20.515928333">
        <time>2025-09-17T02:11:47Z</time>
      </trkpt>
      <trkpt lat="70.019263333" lon="-20.518670000">
        <time>2025-09-17T02:12:35Z</time>
      </trkpt>
      <trkpt lat="70.019615000" lon="-20.520626667">
        <time>2025-09-17T02:13:16Z</time>
      </trkpt>
      <trkpt lat="70.019981667" lon="-20.521538333">
        <time>2025-09-17T02:13:48Z</time>
      </trkpt>
      <trkpt lat="70.021296667" lon="-20.521745000">
        <time>2025-09-17T02:15:17Z</time>
      </trkpt>
      <trkpt lat="70.021568333" lon="-20.522110000">
        <time>2025-09-17T02:15:41Z</time>
      </trkpt>
      <trkpt lat="70.021735000" lon="-20.523400000">
        <time>2025-09-17T02:16:13Z</time>
      </trkpt>
      <trkpt lat="70.020983333" lon="-20.526993333">
        <time>2025-09-17T02:17:26Z</time>
      </trkpt>
      <trkpt lat="70.020745000" lon="-20.554591667">
        <time>2025-09-17T02:21:28Z</time>
      </trkpt>
      <trkpt lat="70.019648333" lon="-20.601508333">
        <time>2025-09-17T02:26:50Z</time>
      </trkpt>
      <trkpt lat="70.009655000" lon="-20.678625000">
        <time>2025-09-17T02:36:22Z</time>
      </trkpt>
      <trkpt lat="70.009601667" lon="-20.681971667">
        <time>2025-09-17T02:36:46Z</time>
      </trkpt>
      <trkpt lat="70.010685000" lon="-20.688948333">
        <time>2025-09-17T02:37:42Z</time>
      </trkpt>
      <trkpt lat="70.010951667" lon="-20.693226667">
        <time>2025-09-17T02:38:14Z</time>
      </trkpt>
      <trkpt lat="70.009245000" lon="-20.830063333">
        <time>2025-09-17T02:54:29Z</time>
      </trkpt>
      <trkpt lat="70.008698333" lon="-20.891666667">
        <time>2025-09-17T03:01:52Z</time>
      </trkpt>
      <trkpt lat="70.005023333" lon="-21.207396667">
        <time>2025-09-17T03:38:39Z</time>
      </trkpt>
      <trkpt lat="70.004206667" lon="-21.250140000">
        <time>2025-09-17T03:43:46Z</time>
      </trkpt>
      <trkpt lat="70.003753333" lon="-21.315925000">
        <time>2025-09-17T03:51:24Z</time>
      </trkpt>
      <trkpt lat="70.004048333" lon="-21.317585000">
        <time>2025-09-17T03:51:49Z</time>
      </trkpt>
      <trkpt lat="70.004503333" lon="-21.318150000">
        <time>2025-09-17T03:52:53Z</time>
      </trkpt>
      <trkpt lat="70.003875000" lon="-21.317061667">
        <time>2025-09-17T03:56:39Z</time>
      </trkpt>
      <trkpt lat="70.002876667" lon="-21.316991667">
        <time>2025-09-17T04:00:01Z</time>
      </trkpt>
      <trkpt lat="70.001381667" lon="-21.317978333">
        <time>2025-09-17T04:06:12Z</time>
      </trkpt>
      <trkpt lat="70.001041667" lon="-21.318536667">
        <time>2025-09-17T04:08:04Z</time>
      </trkpt>
      <trkpt lat="70.000786667" lon="-21.320263333">
        <time>2025-09-17T04:14:32Z</time>
      </trkpt>
      <trkpt lat="70.000378333" lon="-21.320821667">
        <time>2025-09-17T04:18:01Z</time>
      </trkpt>
      <trkpt lat="70.003288333" lon="-21.323038333">
        <time>2025-09-17T04:20:58Z</time>
      </trkpt>
      <trkpt lat="70.003733333" lon="-21.323721667">
        <time>2025-09-17T04:21:22Z</time>
      </trkpt>
      <trkpt lat="70.003973333" lon="-21.324923333">
        <time>2025-09-17T04:21:46Z</time>
      </trkpt>
      <trkpt lat="70.003428333" lon="-21.328713333">
        <time>2025-09-17T04:22:50Z</time>
      </trkpt>
      <trkpt lat="70.003165000" lon="-21.339696667">
        <time>2025-09-17T04:24:51Z</time>
      </trkpt>
      <trkpt lat="70.003270000" lon="-21.388346667">
        <time>2025-09-17T04:30:46Z</time>
      </trkpt>
      <trkpt lat="70.003095000" lon="-21.439481667">
        <time>2025-09-17T04:36:41Z</time>
      </trkpt>
      <trkpt lat="70.002580000" lon="-21.502288333">
        <time>2025-09-17T04:43:32Z</time>
      </trkpt>
      <trkpt lat="70.002595000" lon="-21.666241667">
        <time>2025-09-17T05:00:10Z</time>
      </trkpt>
      <trkpt lat="70.002985000" lon="-21.888740000">
        <time>2025-09-17T05:22:27Z</time>
      </trkpt>
      <trkpt lat="70.002910000" lon="-21.994026667">
        <time>2025-09-17T05:33:20Z</time>
      </trkpt>
      <trkpt lat="70.003155000" lon="-21.996068333">
        <time>2025-09-17T05:33:44Z</time>
      </trkpt>
      <trkpt lat="70.004135000" lon="-21.999126667">
        <time>2025-09-17T05:36:01Z</time>
      </trkpt>
      <trkpt lat="70.004541667" lon="-22.002775000">
        <time>2025-09-17T05:39:47Z</time>
      </trkpt>
      <trkpt lat="70.004768333" lon="-22.006783333">
        <time>2025-09-17T05:43:48Z</time>
      </trkpt>
      <trkpt lat="70.004101667" lon="-22.009490000">
        <time>2025-09-17T05:49:59Z</time>
      </trkpt>
      <trkpt lat="70.003800000" lon="-22.009461667">
        <time>2025-09-17T05:52:41Z</time>
      </trkpt>
      <trkpt lat="70.003898333" lon="-22.012285000">
        <time>2025-09-17T05:57:22Z</time>
      </trkpt>
      <trkpt lat="70.004181667" lon="-22.013633333">
        <time>2025-09-17T05:58:03Z</time>
      </trkpt>
      <trkpt lat="70.004561667" lon="-22.014325000">
        <time>2025-09-17T05:58:35Z</time>
      </trkpt>
      <trkpt lat="70.007815000" lon="-22.011146667">
        <time>2025-09-17T06:02:53Z</time>
      </trkpt>
      <trkpt lat="70.013200000" lon="-22.008126667">
        <time>2025-09-17T06:11:53Z</time>
      </trkpt>
      <trkpt lat="70.023611667" lon="-22.000481667">
        <time>2025-09-17T06:27:51Z</time>
      </trkpt>
      <trkpt lat="70.033263333" lon="-21.991196667">
        <time>2025-09-17T06:42:22Z</time>
      </trkpt>
      <trkpt lat="70.033310000" lon="-21.990488333">
        <time>2025-09-17T06:42:46Z</time>
      </trkpt>
      <trkpt lat="70.033158333" lon="-21.990035000">
        <time>2025-09-17T06:43:11Z</time>
      </trkpt>
      <trkpt lat="70.030103333" lon="-21.992893333">
        <time>2025-09-17T06:45:51Z</time>
      </trkpt>
      <trkpt lat="70.003898333" lon="-22.010696667">
        <time>2025-09-17T06:56:02Z</time>
      </trkpt>
      <trkpt lat="70.003663333" lon="-22.011868333">
        <time>2025-09-17T06:56:19Z</time>
      </trkpt>
      <trkpt lat="70.003926667" lon="-22.016266667">
        <time>2025-09-17T06:57:15Z</time>
      </trkpt>
      <trkpt lat="70.003771667" lon="-22.055300000">
        <time>2025-09-17T07:01:57Z</time>
      </trkpt>
      <trkpt lat="70.003293333" lon="-22.072740000">
        <time>2025-09-17T07:03:50Z</time>
      </trkpt>
      <trkpt lat="70.002695000" lon="-22.175273333">
        <time>2025-09-17T07:15:39Z</time>
      </trkpt>
      <trkpt lat="70.002838333" lon="-22.176855000">
        <time>2025-09-17T07:16:03Z</time>
      </trkpt>
      <trkpt lat="70.003836667" lon="-22.179246667">
        <time>2025-09-17T07:18:52Z</time>
      </trkpt>
      <trkpt lat="70.005098333" lon="-22.184416667">
        <time>2025-09-17T07:28:41Z</time>
      </trkpt>
      <trkpt lat="70.005353333" lon="-22.186100000">
        <time>2025-09-17T07:31:14Z</time>
      </trkpt>
      <trkpt lat="70.005365000" lon="-22.189875000">
        <time>2025-09-17T07:36:04Z</time>
      </trkpt>
      <trkpt lat="70.005623333" lon="-22.190076667">
        <time>2025-09-17T07:36:44Z</time>
      </trkpt>
      <trkpt lat="70.005968333" lon="-22.189390000">
        <time>2025-09-17T07:37:24Z</time>
      </trkpt>
      <trkpt lat="70.005431667" lon="-22.179740000">
        <time>2025-09-17T07:39:49Z</time>
      </trkpt>
      <trkpt lat="70.003063333" lon="-22.148200000">
        <time>2025-09-17T07:43:51Z</time>
      </trkpt>
      <trkpt lat="69.997668333" lon="-22.066198333">
        <time>2025-09-17T07:53:55Z</time>
      </trkpt>
      <trkpt lat="69.997421667" lon="-22.059498333">
        <time>2025-09-17T07:54:43Z</time>
      </trkpt>
      <trkpt lat="69.993571667" lon="-22.004670000">
        <time>2025-09-17T08:01:50Z</time>
      </trkpt>
      <trkpt lat="69.982705000" lon="-21.838010000">
        <time>2025-09-17T08:23:26Z</time>
      </trkpt>
      <trkpt lat="69.957791667" lon="-21.469080000">
        <time>2025-09-17T09:10:09Z</time>
      </trkpt>
      <trkpt lat="69.955296667" lon="-21.429476667">
        <time>2025-09-17T09:15:14Z</time>
      </trkpt>
      <trkpt lat="69.951755000" lon="-21.367103333">
        <time>2025-09-17T09:22:45Z</time>
      </trkpt>
      <trkpt lat="69.943715000" lon="-21.239580000">
        <time>2025-09-17T09:37:22Z</time>
      </trkpt>
      <trkpt lat="69.939338333" lon="-21.178723333">
        <time>2025-09-17T09:44:45Z</time>
      </trkpt>
      <trkpt lat="69.926716667" lon="-20.983586667">
        <time>2025-09-17T10:08:30Z</time>
      </trkpt>
      <trkpt lat="69.918175000" lon="-20.855981667">
        <time>2025-09-17T10:24:12Z</time>
      </trkpt>
      <trkpt lat="69.914901667" lon="-20.803553333">
        <time>2025-09-17T10:30:38Z</time>
      </trkpt>
      <trkpt lat="69.911136667" lon="-20.749171667">
        <time>2025-09-17T10:37:13Z</time>
      </trkpt>
      <trkpt lat="69.896675000" lon="-20.527503333">
        <time>2025-09-17T11:03:23Z</time>
      </trkpt>
      <trkpt lat="69.893520000" lon="-20.481825000">
        <time>2025-09-17T11:08:45Z</time>
      </trkpt>
      <trkpt lat="69.891136667" lon="-20.442386667">
        <time>2025-09-17T11:13:27Z</time>
      </trkpt>
      <trkpt lat="69.885250000" lon="-20.356221667">
        <time>2025-09-17T11:23:55Z</time>
      </trkpt>
      <trkpt lat="69.875826667" lon="-20.209536667">
        <time>2025-09-17T11:42:02Z</time>
      </trkpt>
      <trkpt lat="69.873398333" lon="-20.175581667">
        <time>2025-09-17T11:46:11Z</time>
      </trkpt>
      <trkpt lat="69.868096667" lon="-20.095320000">
        <time>2025-09-17T11:56:17Z</time>
      </trkpt>
      <trkpt lat="69.867713333" lon="-20.094380000">
        <time>2025-09-17T11:56:33Z</time>
      </trkpt>
      <trkpt lat="69.867280000" lon="-20.094105000">
        <time>2025-09-17T11:56:49Z</time>
      </trkpt>
      <trkpt lat="69.866655000" lon="-20.094878333">
        <time>2025-09-17T11:57:13Z</time>
      </trkpt>
      <trkpt lat="69.862223333" lon="-20.113205000">
        <time>2025-09-17T12:00:18Z</time>
      </trkpt>
      <trkpt lat="69.847438333" lon="-20.170345000">
        <time>2025-09-17T12:09:02Z</time>
      </trkpt>
      <trkpt lat="69.839255000" lon="-20.204051667">
        <time>2025-09-17T12:14:08Z</time>
      </trkpt>
      <trkpt lat="69.839311667" lon="-20.205270000">
        <time>2025-09-17T12:14:24Z</time>
      </trkpt>
      <trkpt lat="69.839591667" lon="-20.206195000">
        <time>2025-09-17T12:14:48Z</time>
      </trkpt>
      <trkpt lat="69.840185000" lon="-20.206576667">
        <time>2025-09-17T12:15:36Z</time>
      </trkpt>
      <trkpt lat="69.849798333" lon="-20.199591667">
        <time>2025-09-17T12:27:25Z</time>
      </trkpt>
      <trkpt lat="69.862863333" lon="-20.188613333">
        <time>2025-09-17T12:46:37Z</time>
      </trkpt>
      <trkpt lat="69.875756667" lon="-20.176941667">
        <time>2025-09-17T13:03:23Z</time>
      </trkpt>
      <trkpt lat="69.881518333" lon="-20.170975000">
        <time>2025-09-17T13:10:45Z</time>
      </trkpt>
      <trkpt lat="69.888000000" lon="-20.169336667">
        <time>2025-09-17T13:20:01Z</time>
      </trkpt>
      <trkpt lat="69.891033333" lon="-20.169485000">
        <time>2025-09-17T13:24:43Z</time>
      </trkpt>
      <trkpt lat="69.893288333" lon="-20.170273333">
        <time>2025-09-17T13:28:13Z</time>
      </trkpt>
      <trkpt lat="69.893845000" lon="-20.170808333">
        <time>2025-09-17T13:29:01Z</time>
      </trkpt>
      <trkpt lat="69.894243333" lon="-20.172323333">
        <time>2025-09-17T13:29:58Z</time>
      </trkpt>
      <trkpt lat="69.894836667" lon="-20.184138333">
        <time>2025-09-17T13:33:59Z</time>
      </trkpt>
      <trkpt lat="69.895355000" lon="-20.206456667">
        <time>2025-09-17T13:40:02Z</time>
      </trkpt>
      <trkpt lat="69.895273333" lon="-20.236346667">
        <time>2025-09-17T13:52:46Z</time>
      </trkpt>
      <trkpt lat="69.895003333" lon="-20.249393333">
        <time>2025-09-17T13:58:00Z</time>
      </trkpt>
      <trkpt lat="69.893936667" lon="-20.271370000">
        <time>2025-09-17T14:07:48Z</time>
      </trkpt>
      <trkpt lat="69.893976667" lon="-20.267378333">
        <time>2025-09-17T14:10:38Z</time>
      </trkpt>
      <trkpt lat="69.893865000" lon="-20.266961667">
        <time>2025-09-17T14:11:42Z</time>
      </trkpt>
      <trkpt lat="69.893448333" lon="-20.267921667">
        <time>2025-09-17T14:12:38Z</time>
      </trkpt>
      <trkpt lat="69.893048333" lon="-20.271325000">
        <time>2025-09-17T14:13:43Z</time>
      </trkpt>
      <trkpt lat="69.891403333" lon="-20.277590000">
        <time>2025-09-17T14:17:28Z</time>
      </trkpt>
      <trkpt lat="69.890245000" lon="-20.281141667">
        <time>2025-09-17T14:20:01Z</time>
      </trkpt>
      <trkpt lat="69.885621667" lon="-20.291210000">
        <time>2025-09-17T14:29:01Z</time>
      </trkpt>
      <trkpt lat="69.884558333" lon="-20.292916667">
        <time>2025-09-17T14:30:22Z</time>
      </trkpt>
      <trkpt lat="69.883700000" lon="-20.293643333">
        <time>2025-09-17T14:31:26Z</time>
      </trkpt>
      <trkpt lat="69.881331667" lon="-20.293890000">
        <time>2025-09-17T14:34:31Z</time>
      </trkpt>
      <trkpt lat="69.879728333" lon="-20.293478333">
        <time>2025-09-17T14:36:16Z</time>
      </trkpt>
      <trkpt lat="69.878971667" lon="-20.292586667">
        <time>2025-09-17T14:37:04Z</time>
      </trkpt>
      <trkpt lat="69.878513333" lon="-20.291163333">
        <time>2025-09-17T14:37:44Z</time>
      </trkpt>
      <trkpt lat="69.878245000" lon="-20.288720000">
        <time>2025-09-17T14:38:33Z</time>
      </trkpt>
      <trkpt lat="69.878351667" lon="-20.285381667">
        <time>2025-09-17T14:39:21Z</time>
      </trkpt>
      <trkpt lat="69.879180000" lon="-20.277880000">
        <time>2025-09-17T14:40:50Z</time>
      </trkpt>
      <trkpt lat="69.879523333" lon="-20.272371667">
        <time>2025-09-17T14:41:38Z</time>
      </trkpt>
      <trkpt lat="69.879481667" lon="-20.264668333">
        <time>2025-09-17T14:42:34Z</time>
      </trkpt>
      <trkpt lat="69.878980000" lon="-20.252745000">
        <time>2025-09-17T14:44:03Z</time>
      </trkpt>
      <trkpt lat="69.874675000" lon="-20.193328333">
        <time>2025-09-17T14:51:18Z</time>
      </trkpt>
      <trkpt lat="69.857590000" lon="-19.936448333">
        <time>2025-09-17T15:22:27Z</time>
      </trkpt>
      <trkpt lat="69.852898333" lon="-19.863138333">
        <time>2025-09-17T15:31:26Z</time>
      </trkpt>
      <trkpt lat="69.849890000" lon="-19.819641667">
        <time>2025-09-17T15:36:48Z</time>
      </trkpt>
      <trkpt lat="69.841818333" lon="-19.694981667">
        <time>2025-09-17T15:51:34Z</time>
      </trkpt>
      <trkpt lat="69.830581667" lon="-19.527385000">
        <time>2025-09-17T16:11:26Z</time>
      </trkpt>
      <trkpt lat="69.828523333" lon="-19.492146667">
        <time>2025-09-17T16:15:44Z</time>
      </trkpt>
      <trkpt lat="69.825586667" lon="-19.451981667">
        <time>2025-09-17T16:20:42Z</time>
      </trkpt>
      <trkpt lat="69.798736667" lon="-19.046068333">
        <time>2025-09-17T17:10:53Z</time>
      </trkpt>
      <trkpt lat="69.796091667" lon="-19.003123333">
        <time>2025-09-17T17:16:15Z</time>
      </trkpt>
      <trkpt lat="69.792355000" lon="-18.949925000">
        <time>2025-09-17T17:22:58Z</time>
      </trkpt>
      <trkpt lat="69.777550000" lon="-18.723070000">
        <time>2025-09-17T17:51:17Z</time>
      </trkpt>
      <trkpt lat="69.769891667" lon="-18.610118333">
        <time>2025-09-17T18:05:05Z</time>
      </trkpt>
      <trkpt lat="69.764846667" lon="-18.531310000">
        <time>2025-09-17T18:14:37Z</time>
      </trkpt>
      <trkpt lat="69.762390000" lon="-18.496425000">
        <time>2025-09-17T18:18:55Z</time>
      </trkpt>
      <trkpt lat="69.759215000" lon="-18.445861667">
        <time>2025-09-17T18:25:06Z</time>
      </trkpt>
      <trkpt lat="69.745033333" lon="-18.234715000">
        <time>2025-09-17T18:50:35Z</time>
      </trkpt>
      <trkpt lat="69.742388333" lon="-18.191818333">
        <time>2025-09-17T18:55:41Z</time>
      </trkpt>
      <trkpt lat="69.732515000" lon="-18.046005000">
        <time>2025-09-17T19:13:15Z</time>
      </trkpt>
      <trkpt lat="69.728675000" lon="-17.985323333">
        <time>2025-09-17T19:20:38Z</time>
      </trkpt>
      <trkpt lat="69.721643333" lon="-17.882198333">
        <time>2025-09-17T19:33:07Z</time>
      </trkpt>
      <trkpt lat="69.719778333" lon="-17.851981667">
        <time>2025-09-17T19:36:45Z</time>
      </trkpt>
      <trkpt lat="69.715151667" lon="-17.784486667">
        <time>2025-09-17T19:45:04Z</time>
      </trkpt>
      <trkpt lat="69.701216667" lon="-17.572185000">
        <time>2025-09-17T20:10:42Z</time>
      </trkpt>
      <trkpt lat="69.696093333" lon="-17.497590000">
        <time>2025-09-17T20:19:49Z</time>
      </trkpt>
      <trkpt lat="69.690738333" lon="-17.414240000">
        <time>2025-09-17T20:29:53Z</time>
      </trkpt>
      <trkpt lat="69.688331667" lon="-17.380610000">
        <time>2025-09-17T20:34:02Z</time>
      </trkpt>
      <trkpt lat="69.682933333" lon="-17.297181667">
        <time>2025-09-17T20:44:22Z</time>
      </trkpt>
      <trkpt lat="69.676250000" lon="-17.199153333">
        <time>2025-09-17T20:56:26Z</time>
      </trkpt>
      <trkpt lat="69.670140000" lon="-17.104690000">
        <time>2025-09-17T21:08:31Z</time>
      </trkpt>
      <trkpt lat="69.666388333" lon="-17.050785000">
        <time>2025-09-17T21:15:21Z</time>
      </trkpt>
      <trkpt lat="69.663396667" lon="-17.003510000">
        <time>2025-09-17T21:21:15Z</time>
      </trkpt>
      <trkpt lat="69.650580000" lon="-16.813705000">
        <time>2025-09-17T21:45:18Z</time>
      </trkpt>
      <trkpt lat="69.648683333" lon="-16.782348333">
        <time>2025-09-17T21:49:12Z</time>
      </trkpt>
      <trkpt lat="69.644736667" lon="-16.726256667">
        <time>2025-09-17T21:56:04Z</time>
      </trkpt>
      <trkpt lat="69.599223333" lon="-16.045005000">
        <time>2025-09-17T23:20:12Z</time>
      </trkpt>
      <trkpt lat="69.580773333" lon="-15.764733333">
        <time>2025-09-17T23:54:27Z</time>
      </trkpt>
      <trkpt lat="69.575886667" lon="-15.694840000">
        <time>2025-09-18T00:03:02Z</time>
      </trkpt>
      <trkpt lat="69.574675000" lon="-15.673885000">
        <time>2025-09-18T00:05:59Z</time>
      </trkpt>
      <trkpt lat="69.574388333" lon="-15.671881667">
        <time>2025-09-18T00:06:23Z</time>
      </trkpt>
      <trkpt lat="69.573821667" lon="-15.670541667">
        <time>2025-09-18T00:06:47Z</time>
      </trkpt>
      <trkpt lat="69.573173333" lon="-15.670466667">
        <time>2025-09-18T00:07:11Z</time>
      </trkpt>
      <trkpt lat="69.572565000" lon="-15.671673333">
        <time>2025-09-18T00:07:44Z</time>
      </trkpt>
      <trkpt lat="69.572321667" lon="-15.673646667">
        <time>2025-09-18T00:08:16Z</time>
      </trkpt>
      <trkpt lat="69.572185000" lon="-15.680098333">
        <time>2025-09-18T00:09:28Z</time>
      </trkpt>
      <trkpt lat="69.572871667" lon="-15.741513333">
        <time>2025-09-18T00:17:07Z</time>
      </trkpt>
      <trkpt lat="69.572246667" lon="-15.767571667">
        <time>2025-09-18T00:20:20Z</time>
      </trkpt>
      <trkpt lat="69.571188333" lon="-15.839025000">
        <time>2025-09-18T00:29:04Z</time>
      </trkpt>
      <trkpt lat="69.569171667" lon="-15.936920000">
        <time>2025-09-18T00:40:46Z</time>
      </trkpt>
      <trkpt lat="69.567085000" lon="-16.056741667">
        <time>2025-09-18T00:54:44Z</time>
      </trkpt>
      <trkpt lat="69.563815000" lon="-16.219878333">
        <time>2025-09-18T01:13:33Z</time>
      </trkpt>
      <trkpt lat="69.563573333" lon="-16.243096667">
        <time>2025-09-18T01:16:14Z</time>
      </trkpt>
      <trkpt lat="69.562403333" lon="-16.293973333">
        <time>2025-09-18T01:22:08Z</time>
      </trkpt>
      <trkpt lat="69.560640000" lon="-16.395166667">
        <time>2025-09-18T01:33:58Z</time>
      </trkpt>
      <trkpt lat="69.559055000" lon="-16.470763333">
        <time>2025-09-18T01:42:57Z</time>
      </trkpt>
      <trkpt lat="69.558176667" lon="-16.523531667">
        <time>2025-09-18T01:49:15Z</time>
      </trkpt>
      <trkpt lat="69.557383333" lon="-16.557501667">
        <time>2025-09-18T01:53:16Z</time>
      </trkpt>
      <trkpt lat="69.555768333" lon="-16.654370000">
        <time>2025-09-18T02:04:47Z</time>
      </trkpt>
      <trkpt lat="69.554568333" lon="-16.703115000">
        <time>2025-09-18T02:10:41Z</time>
      </trkpt>
      <trkpt lat="69.553168333" lon="-16.786561667">
        <time>2025-09-18T02:20:54Z</time>
      </trkpt>
      <trkpt lat="69.545646667" lon="-17.175350000">
        <time>2025-09-18T03:07:47Z</time>
      </trkpt>
      <trkpt lat="69.545351667" lon="-17.198998333">
        <time>2025-09-18T03:10:36Z</time>
      </trkpt>
      <trkpt lat="69.543760000" lon="-17.273108333">
        <time>2025-09-18T03:19:20Z</time>
      </trkpt>
      <trkpt lat="69.541886667" lon="-17.381190000">
        <time>2025-09-18T03:32:07Z</time>
      </trkpt>
      <trkpt lat="69.540880000" lon="-17.424066667">
        <time>2025-09-18T03:37:13Z</time>
      </trkpt>
      <trkpt lat="69.540458333" lon="-17.454661667">
        <time>2025-09-18T03:40:50Z</time>
      </trkpt>
      <trkpt lat="69.538735000" lon="-17.535690000">
        <time>2025-09-18T03:50:46Z</time>
      </trkpt>
      <trkpt lat="69.538053333" lon="-17.580270000">
        <time>2025-09-18T03:56:56Z</time>
      </trkpt>
      <trkpt lat="69.534130000" lon="-17.775696667">
        <time>2025-09-18T04:24:30Z</time>
      </trkpt>
      <trkpt lat="69.532661667" lon="-17.862503333">
        <time>2025-09-18T04:36:28Z</time>
      </trkpt>
      <trkpt lat="69.529288333" lon="-18.029141667">
        <time>2025-09-18T04:59:42Z</time>
      </trkpt>
      <trkpt lat="69.527376667" lon="-18.143995000">
        <time>2025-09-18T05:15:26Z</time>
      </trkpt>
      <trkpt lat="69.526306667" lon="-18.188651667">
        <time>2025-09-18T05:21:35Z</time>
      </trkpt>
      <trkpt lat="69.526155000" lon="-18.209640000">
        <time>2025-09-18T05:24:32Z</time>
      </trkpt>
      <trkpt lat="69.524290000" lon="-18.295171667">
        <time>2025-09-18T05:36:34Z</time>
      </trkpt>
      <trkpt lat="69.523563333" lon="-18.343731667">
        <time>2025-09-18T05:43:22Z</time>
      </trkpt>
      <trkpt lat="69.522775000" lon="-18.377888333">
        <time>2025-09-18T05:48:11Z</time>
      </trkpt>
      <trkpt lat="69.522473333" lon="-18.401453333">
        <time>2025-09-18T05:51:31Z</time>
      </trkpt>
      <trkpt lat="69.521560000" lon="-18.441411667">
        <time>2025-09-18T05:57:07Z</time>
      </trkpt>
      <trkpt lat="69.521330000" lon="-18.461546667">
        <time>2025-09-18T05:59:56Z</time>
      </trkpt>
      <trkpt lat="69.520275000" lon="-18.508530000">
        <time>2025-09-18T06:06:22Z</time>
      </trkpt>
      <trkpt lat="69.517800000" lon="-18.646860000">
        <time>2025-09-18T06:24:59Z</time>
      </trkpt>
      <trkpt lat="69.513893333" lon="-18.843990000">
        <time>2025-09-18T06:49:10Z</time>
      </trkpt>
      <trkpt lat="69.513180000" lon="-18.892538333">
        <time>2025-09-18T06:55:11Z</time>
      </trkpt>
      <trkpt lat="69.511760000" lon="-18.963266667">
        <time>2025-09-18T07:04:16Z</time>
      </trkpt>
      <trkpt lat="69.512101667" lon="-18.964561667">
        <time>2025-09-18T07:04:48Z</time>
      </trkpt>
      <trkpt lat="69.512846667" lon="-18.965425000">
        <time>2025-09-18T07:06:24Z</time>
      </trkpt>
      <trkpt lat="69.512846667" lon="-18.967178333">
        <time>2025-09-18T07:09:12Z</time>
      </trkpt>
      <trkpt lat="69.513176667" lon="-18.968620000">
        <time>2025-09-18T07:10:56Z</time>
      </trkpt>
      <trkpt lat="69.513100000" lon="-18.971458333">
        <time>2025-09-18T07:14:16Z</time>
      </trkpt>
      <trkpt lat="69.513321667" lon="-18.973671667">
        <time>2025-09-18T07:16:24Z</time>
      </trkpt>
      <trkpt lat="69.513191667" lon="-18.974835000">
        <time>2025-09-18T07:18:08Z</time>
      </trkpt>
      <trkpt lat="69.513766667" lon="-18.977168333">
        <time>2025-09-18T07:21:13Z</time>
      </trkpt>
      <trkpt lat="69.514476667" lon="-18.978571667">
        <time>2025-09-18T07:23:53Z</time>
      </trkpt>
      <trkpt lat="69.514716667" lon="-18.982168333">
        <time>2025-09-18T07:28:58Z</time>
      </trkpt>
      <trkpt lat="69.514556667" lon="-18.989021667">
        <time>2025-09-18T07:31:38Z</time>
      </trkpt>
      <trkpt lat="69.514261667" lon="-18.992551667">
        <time>2025-09-18T07:32:18Z</time>
      </trkpt>
      <trkpt lat="69.513551667" lon="-19.018620000">
        <time>2025-09-18T07:36:03Z</time>
      </trkpt>
      <trkpt lat="69.512573333" lon="-19.081071667">
        <time>2025-09-18T07:44:04Z</time>
      </trkpt>
      <trkpt lat="69.511696667" lon="-19.120313333">
        <time>2025-09-18T07:49:08Z</time>
      </trkpt>
      <trkpt lat="69.511298333" lon="-19.148440000">
        <time>2025-09-18T07:52:46Z</time>
      </trkpt>
      <trkpt lat="69.510361667" lon="-19.188055000">
        <time>2025-09-18T07:57:50Z</time>
      </trkpt>
      <trkpt lat="69.508233333" lon="-19.306675000">
        <time>2025-09-18T08:13:05Z</time>
      </trkpt>
      <trkpt lat="69.506281667" lon="-19.390458333">
        <time>2025-09-18T08:23:56Z</time>
      </trkpt>
      <trkpt lat="69.504963333" lon="-19.469740000">
        <time>2025-09-18T08:33:57Z</time>
      </trkpt>
      <trkpt lat="69.503946667" lon="-19.511750000">
        <time>2025-09-18T08:39:11Z</time>
      </trkpt>
      <trkpt lat="69.503240000" lon="-19.554966667">
        <time>2025-09-18T08:44:33Z</time>
      </trkpt>
      <trkpt lat="69.502665000" lon="-19.576670000">
        <time>2025-09-18T08:47:13Z</time>
      </trkpt>
      <trkpt lat="69.501906667" lon="-19.623281667">
        <time>2025-09-18T08:52:58Z</time>
      </trkpt>
      <trkpt lat="69.500406667" lon="-19.692600000">
        <time>2025-09-18T09:01:40Z</time>
      </trkpt>
      <trkpt lat="69.499528333" lon="-19.742918333">
        <time>2025-09-18T09:07:58Z</time>
      </trkpt>
      <trkpt lat="69.499171667" lon="-19.745831667">
        <time>2025-09-18T09:08:22Z</time>
      </trkpt>
      <trkpt lat="69.498683333" lon="-19.747193333">
        <time>2025-09-18T09:08:38Z</time>
      </trkpt>
      <trkpt lat="69.479658333" lon="-19.762773333">
        <time>2025-09-18T09:15:51Z</time>
      </trkpt>
      <trkpt lat="69.479276667" lon="-19.762400000">
        <time>2025-09-18T09:16:07Z</time>
      </trkpt>
      <trkpt lat="69.479030000" lon="-19.761470000">
        <time>2025-09-18T09:16:31Z</time>
      </trkpt>
      <trkpt lat="69.479130000" lon="-19.760241667">
        <time>2025-09-18T09:17:11Z</time>
      </trkpt>
      <trkpt lat="69.479706667" lon="-19.759213333">
        <time>2025-09-18T09:17:59Z</time>
      </trkpt>
      <trkpt lat="69.507476667" lon="-19.732855000">
        <time>2025-09-18T09:49:57Z</time>
      </trkpt>
      <trkpt lat="69.508728333" lon="-19.730901667">
        <time>2025-09-18T09:51:41Z</time>
      </trkpt>
      <trkpt lat="69.510438333" lon="-19.726860000">
        <time>2025-09-18T09:53:57Z</time>
      </trkpt>
      <trkpt lat="69.511223333" lon="-19.724301667">
        <time>2025-09-18T09:55:34Z</time>
      </trkpt>
      <trkpt lat="69.511296667" lon="-19.722196667">
        <time>2025-09-18T09:57:42Z</time>
      </trkpt>
      <trkpt lat="69.511678333" lon="-19.720226667">
        <time>2025-09-18T09:59:03Z</time>
      </trkpt>
      <trkpt lat="69.511910000" lon="-19.717270000">
        <time>2025-09-18T10:01:11Z</time>
      </trkpt>
      <trkpt lat="69.511723333" lon="-19.703466667">
        <time>2025-09-18T10:10:01Z</time>
      </trkpt>
      <trkpt lat="69.511496667" lon="-19.699265000">
        <time>2025-09-18T10:12:33Z</time>
      </trkpt>
      <trkpt lat="69.511291667" lon="-19.697918333">
        <time>2025-09-18T10:13:05Z</time>
      </trkpt>
      <trkpt lat="69.510871667" lon="-19.697121667">
        <time>2025-09-18T10:13:29Z</time>
      </trkpt>
      <trkpt lat="69.501848333" lon="-19.697600000">
        <time>2025-09-18T10:17:22Z</time>
      </trkpt>
      <trkpt lat="69.501126667" lon="-19.698295000">
        <time>2025-09-18T10:17:46Z</time>
      </trkpt>
      <trkpt lat="69.500658333" lon="-19.699870000">
        <time>2025-09-18T10:18:10Z</time>
      </trkpt>
      <trkpt lat="69.500151667" lon="-19.709510000">
        <time>2025-09-18T10:19:38Z</time>
      </trkpt>
      <trkpt lat="69.499231667" lon="-19.742918333">
        <time>2025-09-18T10:23:39Z</time>
      </trkpt>
      <trkpt lat="69.498658333" lon="-19.787565000">
        <time>2025-09-18T10:28:52Z</time>
      </trkpt>
      <trkpt lat="69.497148333" lon="-19.855345000">
        <time>2025-09-18T10:36:45Z</time>
      </trkpt>
      <trkpt lat="69.493400000" lon="-20.052420000">
        <time>2025-09-18T10:59:22Z</time>
      </trkpt>
      <trkpt lat="69.490995000" lon="-20.167220000">
        <time>2025-09-18T11:12:36Z</time>
      </trkpt>
      <trkpt lat="69.489601667" lon="-20.244560000">
        <time>2025-09-18T11:21:26Z</time>
      </trkpt>
      <trkpt lat="69.487873333" lon="-20.323896667">
        <time>2025-09-18T11:31:05Z</time>
      </trkpt>
      <trkpt lat="69.483268333" lon="-20.559893333">
        <time>2025-09-18T12:00:24Z</time>
      </trkpt>
      <trkpt lat="69.482703333" lon="-20.576551667">
        <time>2025-09-18T12:02:32Z</time>
      </trkpt>
      <trkpt lat="69.482076667" lon="-20.617770000">
        <time>2025-09-18T12:07:46Z</time>
      </trkpt>
      <trkpt lat="69.474578333" lon="-21.001378333">
        <time>2025-09-18T12:55:06Z</time>
      </trkpt>
      <trkpt lat="69.471915000" lon="-21.125823333">
        <time>2025-09-18T13:10:35Z</time>
      </trkpt>
      <trkpt lat="69.470253333" lon="-21.219631667">
        <time>2025-09-18T13:22:45Z</time>
      </trkpt>
      <trkpt lat="69.468330000" lon="-21.293256667">
        <time>2025-09-18T13:32:08Z</time>
      </trkpt>
      <trkpt lat="69.465818333" lon="-21.422348333">
        <time>2025-09-18T13:47:30Z</time>
      </trkpt>
      <trkpt lat="69.463421667" lon="-21.563525000">
        <time>2025-09-18T14:04:03Z</time>
      </trkpt>
      <trkpt lat="69.461111667" lon="-21.666330000">
        <time>2025-09-18T14:16:21Z</time>
      </trkpt>
      <trkpt lat="69.456020000" lon="-21.923163333">
        <time>2025-09-18T14:47:38Z</time>
      </trkpt>
      <trkpt lat="69.454308333" lon="-22.020703333">
        <time>2025-09-18T14:59:40Z</time>
      </trkpt>
      <trkpt lat="69.453190000" lon="-22.069801667">
        <time>2025-09-18T15:05:57Z</time>
      </trkpt>
      <trkpt lat="69.450428333" lon="-22.221971667">
        <time>2025-09-18T15:25:36Z</time>
      </trkpt>
      <trkpt lat="69.450758333" lon="-22.222663333">
        <time>2025-09-18T15:26:00Z</time>
      </trkpt>
      <trkpt lat="69.451130000" lon="-22.222190000">
        <time>2025-09-18T15:26:32Z</time>
      </trkpt>
      <trkpt lat="69.451318333" lon="-22.220936667">
        <time>2025-09-18T15:27:12Z</time>
      </trkpt>
      <trkpt lat="69.451286667" lon="-22.211846667">
        <time>2025-09-18T15:30:41Z</time>
      </trkpt>
      <trkpt lat="69.450803333" lon="-22.192726667">
        <time>2025-09-18T15:38:02Z</time>
      </trkpt>
      <trkpt lat="69.450668333" lon="-22.177701667">
        <time>2025-09-18T15:45:08Z</time>
      </trkpt>
      <trkpt lat="69.452058333" lon="-22.112558333">
        <time>2025-09-18T16:17:44Z</time>
      </trkpt>
      <trkpt lat="69.452378333" lon="-22.082553333">
        <time>2025-09-18T16:33:47Z</time>
      </trkpt>
      <trkpt lat="69.452565000" lon="-22.081568333">
        <time>2025-09-18T16:34:27Z</time>
      </trkpt>
      <trkpt lat="69.452808333" lon="-22.081421667">
        <time>2025-09-18T16:34:59Z</time>
      </trkpt>
      <trkpt lat="69.452940000" lon="-22.081978333">
        <time>2025-09-18T16:35:31Z</time>
      </trkpt>
      <trkpt lat="69.451983333" lon="-22.138056667">
        <time>2025-09-18T16:43:25Z</time>
      </trkpt>
      <trkpt lat="69.446731667" lon="-22.392773333">
        <time>2025-09-18T17:16:43Z</time>
      </trkpt>
      <trkpt lat="69.444886667" lon="-22.494653333">
        <time>2025-09-18T17:29:42Z</time>
      </trkpt>
      <trkpt lat="69.443411667" lon="-22.562715000">
        <time>2025-09-18T17:38:07Z</time>
      </trkpt>
      <trkpt lat="69.441980000" lon="-22.643605000">
        <time>2025-09-18T17:47:53Z</time>
      </trkpt>
      <trkpt lat="69.440855000" lon="-22.692770000">
        <time>2025-09-18T17:53:46Z</time>
      </trkpt>
      <trkpt lat="69.439083333" lon="-22.789310000">
        <time>2025-09-18T18:05:17Z</time>
      </trkpt>
      <trkpt lat="69.436663333" lon="-22.894811667">
        <time>2025-09-18T18:17:59Z</time>
      </trkpt>
      <trkpt lat="69.430338333" lon="-23.227170000">
        <time>2025-09-18T19:05:49Z</time>
      </trkpt>
      <trkpt lat="69.430173333" lon="-23.227620000">
        <time>2025-09-18T19:06:13Z</time>
      </trkpt>
      <trkpt lat="69.429813333" lon="-23.227038333">
        <time>2025-09-18T19:06:45Z</time>
      </trkpt>
      <trkpt lat="69.429538333" lon="-23.225045000">
        <time>2025-09-18T19:07:25Z</time>
      </trkpt>
      <trkpt lat="69.428646667" lon="-23.201608333">
        <time>2025-09-18T19:10:29Z</time>
      </trkpt>
      <trkpt lat="69.423556667" lon="-23.121065000">
        <time>2025-09-18T19:19:11Z</time>
      </trkpt>
      <trkpt lat="69.412508333" lon="-22.928971667">
        <time>2025-09-18T19:40:27Z</time>
      </trkpt>
      <trkpt lat="69.405756667" lon="-22.816988333">
        <time>2025-09-18T19:54:06Z</time>
      </trkpt>
      <trkpt lat="69.403035000" lon="-22.764525000">
        <time>2025-09-18T20:00:49Z</time>
      </trkpt>
      <trkpt lat="69.402413333" lon="-22.748971667">
        <time>2025-09-18T20:02:49Z</time>
      </trkpt>
      <trkpt lat="69.396548333" lon="-22.652855000">
        <time>2025-09-18T20:15:49Z</time>
      </trkpt>
      <trkpt lat="69.371623333" lon="-22.219071667">
        <time>2025-09-18T21:14:06Z</time>
      </trkpt>
      <trkpt lat="69.371780000" lon="-22.217863333">
        <time>2025-09-18T21:14:22Z</time>
      </trkpt>
      <trkpt lat="69.372053333" lon="-22.217298333">
        <time>2025-09-18T21:14:38Z</time>
      </trkpt>
      <trkpt lat="69.372368333" lon="-22.217540000">
        <time>2025-09-18T21:15:02Z</time>
      </trkpt>
      <trkpt lat="69.372476667" lon="-22.218351667">
        <time>2025-09-18T21:15:26Z</time>
      </trkpt>
      <trkpt lat="69.372153333" lon="-22.221205000">
        <time>2025-09-18T21:16:30Z</time>
      </trkpt>
      <trkpt lat="69.372065000" lon="-22.234498333">
        <time>2025-09-18T21:20:38Z</time>
      </trkpt>
      <trkpt lat="69.372390000" lon="-22.247965000">
        <time>2025-09-18T21:24:31Z</time>
      </trkpt>
      <trkpt lat="69.373385000" lon="-22.260835000">
        <time>2025-09-18T21:30:23Z</time>
      </trkpt>
      <trkpt lat="69.376226667" lon="-22.289413333">
        <time>2025-09-18T21:42:08Z</time>
      </trkpt>
      <trkpt lat="69.376881667" lon="-22.298218333">
        <time>2025-09-18T21:44:32Z</time>
      </trkpt>
      <trkpt lat="69.379766667" lon="-22.361620000">
        <time>2025-09-18T22:11:13Z</time>
      </trkpt>
      <trkpt lat="69.379301667" lon="-22.365008333">
        <time>2025-09-18T22:14:26Z</time>
      </trkpt>
      <trkpt lat="69.378798333" lon="-22.367233333">
        <time>2025-09-18T22:16:19Z</time>
      </trkpt>
      <trkpt lat="69.371940000" lon="-22.388088333">
        <time>2025-09-18T22:28:45Z</time>
      </trkpt>
      <trkpt lat="69.369081667" lon="-22.394428333">
        <time>2025-09-18T22:31:33Z</time>
      </trkpt>
      <trkpt lat="69.366385000" lon="-22.401965000">
        <time>2025-09-18T22:34:30Z</time>
      </trkpt>
      <trkpt lat="69.364563333" lon="-22.405473333">
        <time>2025-09-18T22:36:15Z</time>
      </trkpt>
      <trkpt lat="69.363428333" lon="-22.406288333">
        <time>2025-09-18T22:37:03Z</time>
      </trkpt>
      <trkpt lat="69.362368333" lon="-22.406040000">
        <time>2025-09-18T22:37:51Z</time>
      </trkpt>
      <trkpt lat="69.361976667" lon="-22.405311667">
        <time>2025-09-18T22:38:15Z</time>
      </trkpt>
      <trkpt lat="69.361818333" lon="-22.404103333">
        <time>2025-09-18T22:38:47Z</time>
      </trkpt>
      <trkpt lat="69.362090000" lon="-22.401780000">
        <time>2025-09-18T22:39:43Z</time>
      </trkpt>
      <trkpt lat="69.363111667" lon="-22.359476667">
        <time>2025-09-18T22:46:01Z</time>
      </trkpt>
      <trkpt lat="69.367683333" lon="-22.234690000">
        <time>2025-09-18T23:02:32Z</time>
      </trkpt>
      <trkpt lat="69.367768333" lon="-22.225305000">
        <time>2025-09-18T23:03:44Z</time>
      </trkpt>
      <trkpt lat="69.367063333" lon="-22.154335000">
        <time>2025-09-18T23:12:45Z</time>
      </trkpt>
      <trkpt lat="69.365828333" lon="-22.124056667">
        <time>2025-09-18T23:16:31Z</time>
      </trkpt>
      <trkpt lat="69.355780000" lon="-21.951601667">
        <time>2025-09-18T23:38:30Z</time>
      </trkpt>
      <trkpt lat="69.355810000" lon="-21.946698333">
        <time>2025-09-18T23:39:10Z</time>
      </trkpt>
      <trkpt lat="69.355291667" lon="-21.933836667">
        <time>2025-09-18T23:40:55Z</time>
      </trkpt>
      <trkpt lat="69.350500000" lon="-21.854618333">
        <time>2025-09-18T23:51:29Z</time>
      </trkpt>
      <trkpt lat="69.335493333" lon="-21.595875000">
        <time>2025-09-19T00:24:39Z</time>
      </trkpt>
      <trkpt lat="69.333433333" lon="-21.556778333">
        <time>2025-09-19T00:29:36Z</time>
      </trkpt>
      <trkpt lat="69.317826667" lon="-21.294826667">
        <time>2025-09-19T01:02:38Z</time>
      </trkpt>
      <trkpt lat="69.306776667" lon="-21.104631667">
        <time>2025-09-19T01:25:54Z</time>
      </trkpt>
      <trkpt lat="69.302578333" lon="-21.027405000">
        <time>2025-09-19T01:35:23Z</time>
      </trkpt>
      <trkpt lat="69.277928333" lon="-20.606350000">
        <time>2025-09-19T02:28:11Z</time>
      </trkpt>
      <trkpt lat="69.271001667" lon="-20.481471667">
        <time>2025-09-19T02:43:33Z</time>
      </trkpt>
      <trkpt lat="69.258586667" lon="-20.267393333">
        <time>2025-09-19T03:10:18Z</time>
      </trkpt>
      <trkpt lat="69.256300000" lon="-20.230756667">
        <time>2025-09-19T03:14:59Z</time>
      </trkpt>
      <trkpt lat="69.254553333" lon="-20.198431667">
        <time>2025-09-19T03:19:08Z</time>
      </trkpt>
      <trkpt lat="69.239395000" lon="-19.939050000">
        <time>2025-09-19T03:53:01Z</time>
      </trkpt>
      <trkpt lat="69.239488333" lon="-19.937631667">
        <time>2025-09-19T03:53:25Z</time>
      </trkpt>
      <trkpt lat="69.239741667" lon="-19.937156667">
        <time>2025-09-19T03:53:57Z</time>
      </trkpt>
      <trkpt lat="69.239975000" lon="-19.937633333">
        <time>2025-09-19T03:54:45Z</time>
      </trkpt>
      <trkpt lat="69.238886667" lon="-19.950835000">
        <time>2025-09-19T04:06:25Z</time>
      </trkpt>
      <trkpt lat="69.239435000" lon="-19.957881667">
        <time>2025-09-19T04:14:59Z</time>
      </trkpt>
      <trkpt lat="69.239350000" lon="-19.960641667">
        <time>2025-09-19T04:19:00Z</time>
      </trkpt>
      <trkpt lat="69.239501667" lon="-19.960761667">
        <time>2025-09-19T04:19:56Z</time>
      </trkpt>
      <trkpt lat="69.239441667" lon="-19.958901667">
        <time>2025-09-19T04:21:00Z</time>
      </trkpt>
      <trkpt lat="69.239928333" lon="-19.952866667">
        <time>2025-09-19T04:22:36Z</time>
      </trkpt>
      <trkpt lat="69.239956667" lon="-19.949360000">
        <time>2025-09-19T04:23:16Z</time>
      </trkpt>
      <trkpt lat="69.219056667" lon="-19.585706667">
        <time>2025-09-19T05:12:47Z</time>
      </trkpt>
      <trkpt lat="69.217056667" lon="-19.553700000">
        <time>2025-09-19T05:17:03Z</time>
      </trkpt>
      <trkpt lat="69.213895000" lon="-19.496855000">
        <time>2025-09-19T05:24:33Z</time>
      </trkpt>
      <trkpt lat="69.209855000" lon="-19.430680000">
        <time>2025-09-19T05:33:22Z</time>
      </trkpt>
      <trkpt lat="69.207241667" lon="-19.382915000">
        <time>2025-09-19T05:39:46Z</time>
      </trkpt>
      <trkpt lat="69.203068333" lon="-19.312596667">
        <time>2025-09-19T05:49:15Z</time>
      </trkpt>
      <trkpt lat="69.203113333" lon="-19.310946667">
        <time>2025-09-19T05:49:31Z</time>
      </trkpt>
      <trkpt lat="69.203393333" lon="-19.309800000">
        <time>2025-09-19T05:49:47Z</time>
      </trkpt>
      <trkpt lat="69.203900000" lon="-19.309296667">
        <time>2025-09-19T05:50:11Z</time>
      </trkpt>
      <trkpt lat="69.204345000" lon="-19.309823333">
        <time>2025-09-19T05:50:36Z</time>
      </trkpt>
      <trkpt lat="69.216263333" lon="-19.377523333">
        <time>2025-09-19T06:00:46Z</time>
      </trkpt>
      <trkpt lat="69.216263333" lon="-19.379001667">
        <time>2025-09-19T06:01:02Z</time>
      </trkpt>
      <trkpt lat="69.216030000" lon="-19.380033333">
        <time>2025-09-19T06:01:18Z</time>
      </trkpt>
      <trkpt lat="69.215535000" lon="-19.380483333">
        <time>2025-09-19T06:01:42Z</time>
      </trkpt>
      <trkpt lat="69.215160000" lon="-19.380055000">
        <time>2025-09-19T06:02:06Z</time>
      </trkpt>
      <trkpt lat="69.213131667" lon="-19.370570000">
        <time>2025-09-19T06:05:34Z</time>
      </trkpt>
      <trkpt lat="69.206153333" lon="-19.345313333">
        <time>2025-09-19T06:16:32Z</time>
      </trkpt>
      <trkpt lat="69.186985000" lon="-19.308820000">
        <time>2025-09-19T06:39:25Z</time>
      </trkpt>
      <trkpt lat="69.186235000" lon="-19.306373333">
        <time>2025-09-19T06:41:02Z</time>
      </trkpt>
      <trkpt lat="69.182863333" lon="-19.300271667">
        <time>2025-09-19T06:45:27Z</time>
      </trkpt>
      <trkpt lat="69.181631667" lon="-19.297518333">
        <time>2025-09-19T06:47:03Z</time>
      </trkpt>
      <trkpt lat="69.180696667" lon="-19.294615000">
        <time>2025-09-19T06:48:16Z</time>
      </trkpt>
      <trkpt lat="69.178813333" lon="-19.285248333">
        <time>2025-09-19T06:52:16Z</time>
      </trkpt>
      <trkpt lat="69.178240000" lon="-19.280395000">
        <time>2025-09-19T06:54:49Z</time>
      </trkpt>
      <trkpt lat="69.178280000" lon="-19.279368333">
        <time>2025-09-19T06:55:37Z</time>
      </trkpt>
      <trkpt lat="69.178575000" lon="-19.278908333">
        <time>2025-09-19T06:56:17Z</time>
      </trkpt>
      <trkpt lat="69.181891667" lon="-19.286105000">
        <time>2025-09-19T06:58:42Z</time>
      </trkpt>
      <trkpt lat="69.189473333" lon="-19.299923333">
        <time>2025-09-19T07:02:03Z</time>
      </trkpt>
      <trkpt lat="69.203340000" lon="-19.320476667">
        <time>2025-09-19T07:07:49Z</time>
      </trkpt>
      <trkpt lat="69.203770000" lon="-19.319880000">
        <time>2025-09-19T07:08:13Z</time>
      </trkpt>
      <trkpt lat="69.203828333" lon="-19.318975000">
        <time>2025-09-19T07:08:37Z</time>
      </trkpt>
      <trkpt lat="69.203330000" lon="-19.316800000">
        <time>2025-09-19T07:09:25Z</time>
      </trkpt>
      <trkpt lat="69.202195000" lon="-19.300161667">
        <time>2025-09-19T07:12:22Z</time>
      </trkpt>
      <trkpt lat="69.196716667" lon="-19.201541667">
        <time>2025-09-19T07:25:20Z</time>
      </trkpt>
      <trkpt lat="69.194196667" lon="-19.161231667">
        <time>2025-09-19T07:30:40Z</time>
      </trkpt>
      <trkpt lat="69.184095000" lon="-18.984985000">
        <time>2025-09-19T07:54:14Z</time>
      </trkpt>
      <trkpt lat="69.181616667" lon="-18.946268333">
        <time>2025-09-19T07:59:35Z</time>
      </trkpt>
      <trkpt lat="69.174450000" lon="-18.819751667">
        <time>2025-09-19T08:16:10Z</time>
      </trkpt>
      <trkpt lat="69.172858333" lon="-18.795658333">
        <time>2025-09-19T08:19:15Z</time>
      </trkpt>
      <trkpt lat="69.170728333" lon="-18.756020000">
        <time>2025-09-19T08:24:19Z</time>
      </trkpt>
      <trkpt lat="69.160766667" lon="-18.588508333">
        <time>2025-09-19T08:45:53Z</time>
      </trkpt>
      <trkpt lat="69.155990000" lon="-18.503356667">
        <time>2025-09-19T08:56:50Z</time>
      </trkpt>
      <trkpt lat="69.134681667" lon="-18.141023333">
        <time>2025-09-19T09:43:56Z</time>
      </trkpt>
      <trkpt lat="69.132795000" lon="-18.105631667">
        <time>2025-09-19T09:48:36Z</time>
      </trkpt>
      <trkpt lat="69.128156667" lon="-18.028963333">
        <time>2025-09-19T09:58:37Z</time>
      </trkpt>
      <trkpt lat="69.121570000" lon="-17.912986667">
        <time>2025-09-19T10:14:18Z</time>
      </trkpt>
      <trkpt lat="69.118651667" lon="-17.867038333">
        <time>2025-09-19T10:20:36Z</time>
      </trkpt>
      <trkpt lat="69.115088333" lon="-17.802571667">
        <time>2025-09-19T10:29:26Z</time>
      </trkpt>
      <trkpt lat="69.110930000" lon="-17.734951667">
        <time>2025-09-19T10:38:47Z</time>
      </trkpt>
      <trkpt lat="69.100486667" lon="-17.552755000">
        <time>2025-09-19T11:04:03Z</time>
      </trkpt>
      <trkpt lat="69.097210000" lon="-17.499683333">
        <time>2025-09-19T11:11:16Z</time>
      </trkpt>
      <trkpt lat="69.095331667" lon="-17.464770000">
        <time>2025-09-19T11:16:05Z</time>
      </trkpt>
      <trkpt lat="69.093340000" lon="-17.434405000">
        <time>2025-09-19T11:20:14Z</time>
      </trkpt>
      <trkpt lat="69.091158333" lon="-17.393645000">
        <time>2025-09-19T11:25:52Z</time>
      </trkpt>
      <trkpt lat="69.089146667" lon="-17.362710000">
        <time>2025-09-19T11:30:08Z</time>
      </trkpt>
      <trkpt lat="69.086651667" lon="-17.315401667">
        <time>2025-09-19T11:36:35Z</time>
      </trkpt>
      <trkpt lat="69.084683333" lon="-17.285028333">
        <time>2025-09-19T11:41:25Z</time>
      </trkpt>
      <trkpt lat="69.084263333" lon="-17.283801667">
        <time>2025-09-19T11:42:14Z</time>
      </trkpt>
      <trkpt lat="69.083860000" lon="-17.283598333">
        <time>2025-09-19T11:42:46Z</time>
      </trkpt>
      <trkpt lat="69.083496667" lon="-17.284141667">
        <time>2025-09-19T11:43:18Z</time>
      </trkpt>
      <trkpt lat="69.083408333" lon="-17.285235000">
        <time>2025-09-19T11:43:58Z</time>
      </trkpt>
      <trkpt lat="69.083793333" lon="-17.287898333">
        <time>2025-09-19T11:44:54Z</time>
      </trkpt>
      <trkpt lat="69.083998333" lon="-17.298298333">
        <time>2025-09-19T11:46:39Z</time>
      </trkpt>
      <trkpt lat="69.083860000" lon="-17.307773333">
        <time>2025-09-19T11:47:59Z</time>
      </trkpt>
      <trkpt lat="69.081760000" lon="-17.361711667">
        <time>2025-09-19T11:55:28Z</time>
      </trkpt>
      <trkpt lat="69.080378333" lon="-17.410340000">
        <time>2025-09-19T12:02:17Z</time>
      </trkpt>
      <trkpt lat="69.079461667" lon="-17.434153333">
        <time>2025-09-19T12:05:38Z</time>
      </trkpt>
      <trkpt lat="69.079020000" lon="-17.452228333">
        <time>2025-09-19T12:08:11Z</time>
      </trkpt>
      <trkpt lat="69.077446667" lon="-17.495856667">
        <time>2025-09-19T12:14:20Z</time>
      </trkpt>
      <trkpt lat="69.073803333" lon="-17.613233333">
        <time>2025-09-19T12:30:48Z</time>
      </trkpt>
      <trkpt lat="69.072761667" lon="-17.638513333">
        <time>2025-09-19T12:34:25Z</time>
      </trkpt>
      <trkpt lat="69.070228333" lon="-17.721258333">
        <time>2025-09-19T12:46:10Z</time>
      </trkpt>
      <trkpt lat="69.067521667" lon="-17.799563333">
        <time>2025-09-19T12:57:15Z</time>
      </trkpt>
      <trkpt lat="69.067635000" lon="-17.802121667">
        <time>2025-09-19T12:57:39Z</time>
      </trkpt>
      <trkpt lat="69.068385000" lon="-17.804378333">
        <time>2025-09-19T12:58:12Z</time>
      </trkpt>
      <trkpt lat="69.068756667" lon="-17.806530000">
        <time>2025-09-19T12:58:36Z</time>
      </trkpt>
      <trkpt lat="69.066838333" lon="-17.850421667">
        <time>2025-09-19T13:05:01Z</time>
      </trkpt>
      <trkpt lat="69.064621667" lon="-17.925846667">
        <time>2025-09-19T13:15:44Z</time>
      </trkpt>
      <trkpt lat="69.063821667" lon="-17.944280000">
        <time>2025-09-19T13:18:24Z</time>
      </trkpt>
      <trkpt lat="69.059805000" lon="-18.071641667">
        <time>2025-09-19T13:36:59Z</time>
      </trkpt>
      <trkpt lat="69.057953333" lon="-18.122055000">
        <time>2025-09-19T13:44:43Z</time>
      </trkpt>
      <trkpt lat="69.057518333" lon="-18.124243333">
        <time>2025-09-19T13:45:07Z</time>
      </trkpt>
      <trkpt lat="69.056763333" lon="-18.125353333">
        <time>2025-09-19T13:45:32Z</time>
      </trkpt>
      <trkpt lat="69.054098333" lon="-18.125166667">
        <time>2025-09-19T13:46:44Z</time>
      </trkpt>
      <trkpt lat="69.052165000" lon="-18.124421667">
        <time>2025-09-19T13:47:33Z</time>
      </trkpt>
      <trkpt lat="69.042301667" lon="-18.115596667">
        <time>2025-09-19T13:51:42Z</time>
      </trkpt>
      <trkpt lat="69.033438333" lon="-18.105988333">
        <time>2025-09-19T13:55:26Z</time>
      </trkpt>
      <trkpt lat="69.033196667" lon="-18.104670000">
        <time>2025-09-19T13:55:50Z</time>
      </trkpt>
      <trkpt lat="69.033273333" lon="-18.103733333">
        <time>2025-09-19T13:56:22Z</time>
      </trkpt>
      <trkpt lat="69.046228333" lon="-18.099096667">
        <time>2025-09-19T14:10:17Z</time>
      </trkpt>
      <trkpt lat="69.054873333" lon="-18.097446667">
        <time>2025-09-19T14:18:43Z</time>
      </trkpt>
      <trkpt lat="69.055615000" lon="-18.096038333">
        <time>2025-09-19T14:19:47Z</time>
      </trkpt>
      <trkpt lat="69.057833333" lon="-18.086440000">
        <time>2025-09-19T14:24:11Z</time>
      </trkpt>
      <trkpt lat="69.060536667" lon="-18.077955000">
        <time>2025-09-19T14:28:52Z</time>
      </trkpt>
      <trkpt lat="69.061108333" lon="-18.075488333">
        <time>2025-09-19T14:30:04Z</time>
      </trkpt>
      <trkpt lat="69.063830000" lon="-18.057126667">
        <time>2025-09-19T14:39:18Z</time>
      </trkpt>
      <trkpt lat="69.063761667" lon="-18.055038333">
        <time>2025-09-19T14:40:30Z</time>
      </trkpt>
      <trkpt lat="69.063160000" lon="-18.051393333">
        <time>2025-09-19T14:42:55Z</time>
      </trkpt>
      <trkpt lat="69.061596667" lon="-18.046516667">
        <time>2025-09-19T14:47:19Z</time>
      </trkpt>
      <trkpt lat="69.060915000" lon="-18.043010000">
        <time>2025-09-19T14:49:59Z</time>
      </trkpt>
      <trkpt lat="69.059873333" lon="-18.039450000">
        <time>2025-09-19T14:52:56Z</time>
      </trkpt>
      <trkpt lat="69.059758333" lon="-18.038288333">
        <time>2025-09-19T14:53:44Z</time>
      </trkpt>
      <trkpt lat="69.059911667" lon="-18.037653333">
        <time>2025-09-19T14:54:33Z</time>
      </trkpt>
      <trkpt lat="69.060500000" lon="-18.038203333">
        <time>2025-09-19T14:55:21Z</time>
      </trkpt>
      <trkpt lat="69.060675000" lon="-18.039336667">
        <time>2025-09-19T14:55:45Z</time>
      </trkpt>
      <trkpt lat="69.060296667" lon="-18.042605000">
        <time>2025-09-19T14:56:33Z</time>
      </trkpt>
      <trkpt lat="69.059990000" lon="-18.060173333">
        <time>2025-09-19T14:59:30Z</time>
      </trkpt>
      <trkpt lat="69.055960000" lon="-18.178613333">
        <time>2025-09-19T15:18:31Z</time>
      </trkpt>
      <trkpt lat="69.054260000" lon="-18.236076667">
        <time>2025-09-19T15:27:44Z</time>
      </trkpt>
      <trkpt lat="69.046951667" lon="-18.451891667">
        <time>2025-09-19T16:03:35Z</time>
      </trkpt>
      <trkpt lat="69.045441667" lon="-18.503280000">
        <time>2025-09-19T16:12:25Z</time>
      </trkpt>
      <trkpt lat="69.038500000" lon="-18.709645000">
        <time>2025-09-19T16:48:32Z</time>
      </trkpt>
      <trkpt lat="69.036616667" lon="-18.771260000">
        <time>2025-09-19T16:59:07Z</time>
      </trkpt>
      <trkpt lat="69.020966667" lon="-19.240836667">
        <time>2025-09-19T18:19:27Z</time>
      </trkpt>
      <trkpt lat="69.016983333" lon="-19.366813333">
        <time>2025-09-19T18:41:03Z</time>
      </trkpt>
      <trkpt lat="69.015905000" lon="-19.394576667">
        <time>2025-09-19T18:45:45Z</time>
      </trkpt>
      <trkpt lat="69.007756667" lon="-19.643128333">
        <time>2025-09-19T19:27:56Z</time>
      </trkpt>
      <trkpt lat="69.006073333" lon="-19.701258333">
        <time>2025-09-19T19:37:19Z</time>
      </trkpt>
      <trkpt lat="69.004581667" lon="-19.741108333">
        <time>2025-09-19T19:43:37Z</time>
      </trkpt>
      <trkpt lat="68.999660000" lon="-19.895941667">
        <time>2025-09-19T20:07:20Z</time>
      </trkpt>
      <trkpt lat="68.995663333" lon="-20.012153333">
        <time>2025-09-19T20:25:04Z</time>
      </trkpt>
      <trkpt lat="68.993376667" lon="-20.085928333">
        <time>2025-09-19T20:36:10Z</time>
      </trkpt>
      <trkpt lat="68.988926667" lon="-20.215568333">
        <time>2025-09-19T20:51:32Z</time>
      </trkpt>
      <trkpt lat="68.982743333" lon="-20.407075000">
        <time>2025-09-19T21:14:00Z</time>
      </trkpt>
      <trkpt lat="68.981421667" lon="-20.442453333">
        <time>2025-09-19T21:18:10Z</time>
      </trkpt>
      <trkpt lat="68.978800000" lon="-20.526860000">
        <time>2025-09-19T21:28:12Z</time>
      </trkpt>
      <trkpt lat="68.973763333" lon="-20.672781667">
        <time>2025-09-19T21:45:29Z</time>
      </trkpt>
      <trkpt lat="68.973196667" lon="-20.694876667">
        <time>2025-09-19T21:48:10Z</time>
      </trkpt>
      <trkpt lat="68.970423333" lon="-20.775533333">
        <time>2025-09-19T21:57:48Z</time>
      </trkpt>
      <trkpt lat="68.969110000" lon="-20.820760000">
        <time>2025-09-19T22:03:10Z</time>
      </trkpt>
      <trkpt lat="68.964113333" lon="-20.965251667">
        <time>2025-09-19T22:20:26Z</time>
      </trkpt>
      <trkpt lat="68.963903333" lon="-20.966758333">
        <time>2025-09-19T22:20:42Z</time>
      </trkpt>
      <trkpt lat="68.963545000" lon="-20.967441667">
        <time>2025-09-19T22:20:58Z</time>
      </trkpt>
      <trkpt lat="68.963206667" lon="-20.967378333">
        <time>2025-09-19T22:21:14Z</time>
      </trkpt>
      <trkpt lat="68.962911667" lon="-20.966408333">
        <time>2025-09-19T22:21:46Z</time>
      </trkpt>
      <trkpt lat="68.963610000" lon="-20.953398333">
        <time>2025-09-19T22:26:27Z</time>
      </trkpt>
      <trkpt lat="68.965131667" lon="-20.935511667">
        <time>2025-09-19T22:32:44Z</time>
      </trkpt>
      <trkpt lat="68.966855000" lon="-20.908126667">
        <time>2025-09-19T22:41:49Z</time>
      </trkpt>
      <trkpt lat="68.966793333" lon="-20.903698333">
        <time>2025-09-19T22:43:33Z</time>
      </trkpt>
      <trkpt lat="68.966261667" lon="-20.897446667">
        <time>2025-09-19T22:46:29Z</time>
      </trkpt>
      <trkpt lat="68.963925000" lon="-20.885073333">
        <time>2025-09-19T22:53:25Z</time>
      </trkpt>
      <trkpt lat="68.963306667" lon="-20.880886667">
        <time>2025-09-19T22:55:17Z</time>
      </trkpt>
      <trkpt lat="68.962770000" lon="-20.871628333">
        <time>2025-09-19T22:59:10Z</time>
      </trkpt>
      <trkpt lat="68.963013333" lon="-20.868586667">
        <time>2025-09-19T23:00:14Z</time>
      </trkpt>
      <trkpt lat="68.963421667" lon="-20.867020000">
        <time>2025-09-19T23:01:02Z</time>
      </trkpt>
      <trkpt lat="68.963815000" lon="-20.866858333">
        <time>2025-09-19T23:01:42Z</time>
      </trkpt>
      <trkpt lat="68.964078333" lon="-20.867528333">
        <time>2025-09-19T23:02:22Z</time>
      </trkpt>
      <trkpt lat="68.964991667" lon="-20.925833333">
        <time>2025-09-19T23:10:32Z</time>
      </trkpt>
      <trkpt lat="68.964428333" lon="-20.956388333">
        <time>2025-09-19T23:14:18Z</time>
      </trkpt>
      <trkpt lat="68.963296667" lon="-20.985980000">
        <time>2025-09-19T23:17:54Z</time>
      </trkpt>
      <trkpt lat="68.958395000" lon="-21.138976667">
        <time>2025-09-19T23:35:49Z</time>
      </trkpt>
      <trkpt lat="68.956830000" lon="-21.180290000">
        <time>2025-09-19T23:40:46Z</time>
      </trkpt>
      <trkpt lat="68.948926667" lon="-21.424410000">
        <time>2025-09-20T00:09:39Z</time>
      </trkpt>
      <trkpt lat="68.940988333" lon="-21.657138333">
        <time>2025-09-20T00:38:10Z</time>
      </trkpt>
      <trkpt lat="68.930975000" lon="-21.968418333">
        <time>2025-09-20T01:16:52Z</time>
      </trkpt>
      <trkpt lat="68.930646667" lon="-21.969645000">
        <time>2025-09-20T01:17:08Z</time>
      </trkpt>
      <trkpt lat="68.930236667" lon="-21.970188333">
        <time>2025-09-20T01:17:24Z</time>
      </trkpt>
      <trkpt lat="68.929790000" lon="-21.970193333">
        <time>2025-09-20T01:17:40Z</time>
      </trkpt>
      <trkpt lat="68.929276667" lon="-21.969341667">
        <time>2025-09-20T01:18:04Z</time>
      </trkpt>
      <trkpt lat="68.929001667" lon="-21.968000000">
        <time>2025-09-20T01:18:28Z</time>
      </trkpt>
      <trkpt lat="68.928920000" lon="-21.958858333">
        <time>2025-09-20T01:20:29Z</time>
      </trkpt>
      <trkpt lat="68.922941667" lon="-21.880798333">
        <time>2025-09-20T01:31:30Z</time>
      </trkpt>
      <trkpt lat="68.920035000" lon="-21.845478333">
        <time>2025-09-20T01:36:12Z</time>
      </trkpt>
      <trkpt lat="68.916751667" lon="-21.810361667">
        <time>2025-09-20T01:40:54Z</time>
      </trkpt>
      <trkpt lat="68.908986667" lon="-21.733535000">
        <time>2025-09-20T01:51:07Z</time>
      </trkpt>
      <trkpt lat="68.900721667" lon="-21.657626667">
        <time>2025-09-20T02:01:27Z</time>
      </trkpt>
      <trkpt lat="68.887561667" lon="-21.541845000">
        <time>2025-09-20T02:17:42Z</time>
      </trkpt>
      <trkpt lat="68.884285000" lon="-21.496318333">
        <time>2025-09-20T02:24:09Z</time>
      </trkpt>
      <trkpt lat="68.883728333" lon="-21.490826667">
        <time>2025-09-20T02:24:57Z</time>
      </trkpt>
      <trkpt lat="68.883101667" lon="-21.487331667">
        <time>2025-09-20T02:25:29Z</time>
      </trkpt>
      <trkpt lat="68.882310000" lon="-21.480781667">
        <time>2025-09-20T02:26:26Z</time>
      </trkpt>
      <trkpt lat="68.879971667" lon="-21.453693333">
        <time>2025-09-20T02:30:20Z</time>
      </trkpt>
      <trkpt lat="68.875595000" lon="-21.410173333">
        <time>2025-09-20T02:36:32Z</time>
      </trkpt>
      <trkpt lat="68.870165000" lon="-21.351008333">
        <time>2025-09-20T02:44:51Z</time>
      </trkpt>
      <trkpt lat="68.862585000" lon="-21.276025000">
        <time>2025-09-20T02:55:20Z</time>
      </trkpt>
      <trkpt lat="68.861213333" lon="-21.259998333">
        <time>2025-09-20T02:57:29Z</time>
      </trkpt>
      <trkpt lat="68.859303333" lon="-21.244071667">
        <time>2025-09-20T02:59:39Z</time>
      </trkpt>
      <trkpt lat="68.857475000" lon="-21.223118333">
        <time>2025-09-20T03:02:28Z</time>
      </trkpt>
      <trkpt lat="68.853128333" lon="-21.180256667">
        <time>2025-09-20T03:08:22Z</time>
      </trkpt>
      <trkpt lat="68.848335000" lon="-21.127768333">
        <time>2025-09-20T03:15:37Z</time>
      </trkpt>
      <trkpt lat="68.842836667" lon="-21.074290000">
        <time>2025-09-20T03:22:52Z</time>
      </trkpt>
      <trkpt lat="68.839721667" lon="-21.040841667">
        <time>2025-09-20T03:27:18Z</time>
      </trkpt>
      <trkpt lat="68.826151667" lon="-20.905191667">
        <time>2025-09-20T03:45:34Z</time>
      </trkpt>
      <trkpt lat="68.797575000" lon="-20.614013333">
        <time>2025-09-20T04:24:23Z</time>
      </trkpt>
      <trkpt lat="68.736468333" lon="-19.997845000">
        <time>2025-09-20T05:47:15Z</time>
      </trkpt>
      <trkpt lat="68.732405000" lon="-19.953840000">
        <time>2025-09-20T05:53:09Z</time>
      </trkpt>
      <trkpt lat="68.702743333" lon="-19.653831667">
        <time>2025-09-20T06:33:20Z</time>
      </trkpt>
      <trkpt lat="68.701306667" lon="-19.641736667">
        <time>2025-09-20T06:34:57Z</time>
      </trkpt>
      <trkpt lat="68.698053333" lon="-19.607075000">
        <time>2025-09-20T06:39:31Z</time>
      </trkpt>
      <trkpt lat="68.697425000" lon="-19.597106667">
        <time>2025-09-20T06:40:51Z</time>
      </trkpt>
      <trkpt lat="68.694966667" lon="-19.577370000">
        <time>2025-09-20T06:43:33Z</time>
      </trkpt>
      <trkpt lat="68.657848333" lon="-19.201076667">
        <time>2025-09-20T07:34:02Z</time>
      </trkpt>
      <trkpt lat="68.646151667" lon="-19.084590000">
        <time>2025-09-20T07:50:08Z</time>
      </trkpt>
      <trkpt lat="68.636953333" lon="-18.990200000">
        <time>2025-09-20T08:03:02Z</time>
      </trkpt>
      <trkpt lat="68.608828333" lon="-18.710063333">
        <time>2025-09-20T08:42:30Z</time>
      </trkpt>
      <trkpt lat="68.608393333" lon="-18.709525000">
        <time>2025-09-20T08:42:54Z</time>
      </trkpt>
      <trkpt lat="68.608021667" lon="-18.709690000">
        <time>2025-09-20T08:43:18Z</time>
      </trkpt>
      <trkpt lat="68.607696667" lon="-18.710666667">
        <time>2025-09-20T08:43:50Z</time>
      </trkpt>
      <trkpt lat="68.605595000" lon="-18.730121667">
        <time>2025-09-20T08:47:04Z</time>
      </trkpt>
      <trkpt lat="68.578198333" lon="-18.931630000">
        <time>2025-09-20T09:14:20Z</time>
      </trkpt>
      <trkpt lat="68.571056667" lon="-18.986438333">
        <time>2025-09-20T09:21:36Z</time>
      </trkpt>
      <trkpt lat="68.563995000" lon="-19.042910000">
        <time>2025-09-20T09:28:59Z</time>
      </trkpt>
      <trkpt lat="68.556676667" lon="-19.103780000">
        <time>2025-09-20T09:36:55Z</time>
      </trkpt>
      <trkpt lat="68.551725000" lon="-19.142045000">
        <time>2025-09-20T09:42:01Z</time>
      </trkpt>
      <trkpt lat="68.538803333" lon="-19.252455000">
        <time>2025-09-20T09:56:33Z</time>
      </trkpt>
      <trkpt lat="68.530028333" lon="-19.322540000">
        <time>2025-09-20T10:06:44Z</time>
      </trkpt>
      <trkpt lat="68.530278333" lon="-19.324385000">
        <time>2025-09-20T10:07:32Z</time>
      </trkpt>
      <trkpt lat="68.530618333" lon="-19.324748333">
        <time>2025-09-20T10:08:21Z</time>
      </trkpt>
      <trkpt lat="68.530825000" lon="-19.324216667">
        <time>2025-09-20T10:09:25Z</time>
      </trkpt>
      <trkpt lat="68.531115000" lon="-19.315648333">
        <time>2025-09-20T10:19:54Z</time>
      </trkpt>
      <trkpt lat="68.531548333" lon="-19.309933333">
        <time>2025-09-20T10:24:04Z</time>
      </trkpt>
      <trkpt lat="68.534408333" lon="-19.283095000">
        <time>2025-09-20T10:36:08Z</time>
      </trkpt>
      <trkpt lat="68.538563333" lon="-19.249063333">
        <time>2025-09-20T10:48:21Z</time>
      </trkpt>
      <trkpt lat="68.542246667" lon="-19.233196667">
        <time>2025-09-20T11:02:19Z</time>
      </trkpt>
      <trkpt lat="68.543796667" lon="-19.229676667">
        <time>2025-09-20T11:07:10Z</time>
      </trkpt>
      <trkpt lat="68.545366667" lon="-19.227488333">
        <time>2025-09-20T11:12:31Z</time>
      </trkpt>
      <trkpt lat="68.545783333" lon="-19.226266667">
        <time>2025-09-20T11:13:44Z</time>
      </trkpt>
      <trkpt lat="68.545986667" lon="-19.224983333">
        <time>2025-09-20T11:14:32Z</time>
      </trkpt>
      <trkpt lat="68.545945000" lon="-19.223403333">
        <time>2025-09-20T11:15:21Z</time>
      </trkpt>
      <trkpt lat="68.545528333" lon="-19.222150000">
        <time>2025-09-20T11:16:01Z</time>
      </trkpt>
      <trkpt lat="68.545041667" lon="-19.221935000">
        <time>2025-09-20T11:16:25Z</time>
      </trkpt>
      <trkpt lat="68.543565000" lon="-19.223253333">
        <time>2025-09-20T11:17:22Z</time>
      </trkpt>
      <trkpt lat="68.542231667" lon="-19.226556667">
        <time>2025-09-20T11:18:26Z</time>
      </trkpt>
      <trkpt lat="68.540638333" lon="-19.227231667">
        <time>2025-09-20T11:19:23Z</time>
      </trkpt>
      <trkpt lat="68.540170000" lon="-19.228013333">
        <time>2025-09-20T11:19:47Z</time>
      </trkpt>
      <trkpt lat="68.540031667" lon="-19.228970000">
        <time>2025-09-20T11:20:11Z</time>
      </trkpt>
      <trkpt lat="68.540245000" lon="-19.232870000">
        <time>2025-09-20T11:21:16Z</time>
      </trkpt>
      <trkpt lat="68.539901667" lon="-19.237370000">
        <time>2025-09-20T11:22:04Z</time>
      </trkpt>
      <trkpt lat="68.536641667" lon="-19.264803333">
        <time>2025-09-20T11:25:42Z</time>
      </trkpt>
      <trkpt lat="68.511371667" lon="-19.466381667">
        <time>2025-09-20T11:52:27Z</time>
      </trkpt>
      <trkpt lat="68.507331667" lon="-19.500315000">
        <time>2025-09-20T11:56:53Z</time>
      </trkpt>
      <trkpt lat="68.460176667" lon="-19.877305000">
        <time>2025-09-20T12:46:44Z</time>
      </trkpt>
      <trkpt lat="68.447326667" lon="-19.981816667">
        <time>2025-09-20T13:00:51Z</time>
      </trkpt>
      <trkpt lat="68.434333333" lon="-20.084461667">
        <time>2025-09-20T13:14:48Z</time>
      </trkpt>
      <trkpt lat="68.421301667" lon="-20.189881667">
        <time>2025-09-20T13:29:03Z</time>
      </trkpt>
      <trkpt lat="68.417790000" lon="-20.216468333">
        <time>2025-09-20T13:32:33Z</time>
      </trkpt>
      <trkpt lat="68.407948333" lon="-20.297281667">
        <time>2025-09-20T13:42:55Z</time>
      </trkpt>
      <trkpt lat="68.401726667" lon="-20.346586667">
        <time>2025-09-20T13:49:23Z</time>
      </trkpt>
      <trkpt lat="68.401371667" lon="-20.361931667">
        <time>2025-09-20T13:51:48Z</time>
      </trkpt>
      <trkpt lat="68.403910000" lon="-20.767435000">
        <time>2025-09-20T14:38:09Z</time>
      </trkpt>
      <trkpt lat="68.404221667" lon="-20.848985000">
        <time>2025-09-20T14:47:25Z</time>
      </trkpt>
      <trkpt lat="68.404741667" lon="-20.903488333">
        <time>2025-09-20T14:53:36Z</time>
      </trkpt>
      <trkpt lat="68.405795000" lon="-21.110748333">
        <time>2025-09-20T15:17:40Z</time>
      </trkpt>
      <trkpt lat="68.406180000" lon="-21.151513333">
        <time>2025-09-20T15:22:22Z</time>
      </trkpt>
      <trkpt lat="68.406395000" lon="-21.219405000">
        <time>2025-09-20T15:30:26Z</time>
      </trkpt>
      <trkpt lat="68.406851667" lon="-21.266480000">
        <time>2025-09-20T15:36:05Z</time>
      </trkpt>
      <trkpt lat="68.407238333" lon="-21.355390000">
        <time>2025-09-20T15:46:35Z</time>
      </trkpt>
      <trkpt lat="68.407948333" lon="-21.445786667">
        <time>2025-09-20T15:57:04Z</time>
      </trkpt>
      <trkpt lat="68.408918333" lon="-21.642736667">
        <time>2025-09-20T16:20:03Z</time>
      </trkpt>
      <trkpt lat="68.409561667" lon="-21.713061667">
        <time>2025-09-20T16:28:15Z</time>
      </trkpt>
      <trkpt lat="68.409573333" lon="-21.753335000">
        <time>2025-09-20T16:32:56Z</time>
      </trkpt>
      <trkpt lat="68.410226667" lon="-21.835621667">
        <time>2025-09-20T16:42:29Z</time>
      </trkpt>
      <trkpt lat="68.412620000" lon="-22.264285000">
        <time>2025-09-20T17:32:27Z</time>
      </trkpt>
      <trkpt lat="68.413063333" lon="-22.309513333">
        <time>2025-09-20T17:37:41Z</time>
      </trkpt>
      <trkpt lat="68.413901667" lon="-22.475783333">
        <time>2025-09-20T17:56:30Z</time>
      </trkpt>
      <trkpt lat="68.416346667" lon="-22.860428333">
        <time>2025-09-20T18:39:55Z</time>
      </trkpt>
      <trkpt lat="68.417050000" lon="-23.008100000">
        <time>2025-09-20T18:56:58Z</time>
      </trkpt>
      <trkpt lat="68.417988333" lon="-23.139301667">
        <time>2025-09-20T19:12:02Z</time>
      </trkpt>
      <trkpt lat="68.418550000" lon="-23.259485000">
        <time>2025-09-20T19:25:45Z</time>
      </trkpt>
      <trkpt lat="68.418948333" lon="-23.300280000">
        <time>2025-09-20T19:30:20Z</time>
      </trkpt>
      <trkpt lat="68.419165000" lon="-23.361015000">
        <time>2025-09-20T19:37:03Z</time>
      </trkpt>
      <trkpt lat="68.420311667" lon="-23.521711667">
        <time>2025-09-20T19:54:15Z</time>
      </trkpt>
      <trkpt lat="68.421448333" lon="-23.731070000">
        <time>2025-09-20T20:15:36Z</time>
      </trkpt>
      <trkpt lat="68.421990000" lon="-23.794950000">
        <time>2025-09-20T20:21:55Z</time>
      </trkpt>
      <trkpt lat="68.421885000" lon="-23.830850000">
        <time>2025-09-20T20:25:32Z</time>
      </trkpt>
      <trkpt lat="68.422676667" lon="-23.921735000">
        <time>2025-09-20T20:34:50Z</time>
      </trkpt>
      <trkpt lat="68.422905000" lon="-24.001241667">
        <time>2025-09-20T20:43:26Z</time>
      </trkpt>
      <trkpt lat="68.423311667" lon="-24.043420000">
        <time>2025-09-20T20:48:08Z</time>
      </trkpt>
      <trkpt lat="68.423396667" lon="-24.094016667">
        <time>2025-09-20T20:53:54Z</time>
      </trkpt>
      <trkpt lat="68.424920000" lon="-24.297083333">
        <time>2025-09-20T21:17:41Z</time>
      </trkpt>
      <trkpt lat="68.425476667" lon="-24.415086667">
        <time>2025-09-20T21:31:24Z</time>
      </trkpt>
      <trkpt lat="68.427736667" lon="-24.774260000">
        <time>2025-09-20T22:13:22Z</time>
      </trkpt>
      <trkpt lat="68.427925000" lon="-24.850820000">
        <time>2025-09-20T22:22:15Z</time>
      </trkpt>
      <trkpt lat="68.428461667" lon="-24.932560000">
        <time>2025-09-20T22:32:03Z</time>
      </trkpt>
      <trkpt lat="68.428715000" lon="-25.017821667">
        <time>2025-09-20T22:42:32Z</time>
      </trkpt>
      <trkpt lat="68.431085000" lon="-25.344233333">
        <time>2025-09-20T23:22:59Z</time>
      </trkpt>
      <trkpt lat="68.433693333" lon="-25.769866667">
        <time>2025-09-21T00:14:12Z</time>
      </trkpt>
      <trkpt lat="68.434073333" lon="-25.865231667">
        <time>2025-09-21T00:25:30Z</time>
      </trkpt>
      <trkpt lat="68.436378333" lon="-26.267683333">
        <time>2025-09-21T01:13:29Z</time>
      </trkpt>
      <trkpt lat="68.438416667" lon="-26.571916667">
        <time>2025-09-21T01:47:46Z</time>
      </trkpt>
      <trkpt lat="68.439013333" lon="-26.702051667">
        <time>2025-09-21T02:01:46Z</time>
      </trkpt>
      <trkpt lat="68.439708333" lon="-26.790945000">
        <time>2025-09-21T02:11:42Z</time>
      </trkpt>
      <trkpt lat="68.439998333" lon="-26.864365000">
        <time>2025-09-21T02:19:45Z</time>
      </trkpt>
      <trkpt lat="68.440380000" lon="-26.905216667">
        <time>2025-09-21T02:24:11Z</time>
      </trkpt>
      <trkpt lat="68.440515000" lon="-26.957120000">
        <time>2025-09-21T02:29:42Z</time>
      </trkpt>
      <trkpt lat="68.440903333" lon="-27.004563333">
        <time>2025-09-21T02:34:56Z</time>
      </trkpt>
      <trkpt lat="68.440895000" lon="-27.032171667">
        <time>2025-09-21T02:38:01Z</time>
      </trkpt>
      <trkpt lat="68.441620000" lon="-27.116520000">
        <time>2025-09-21T02:47:35Z</time>
      </trkpt>
      <trkpt lat="68.443411667" lon="-27.411188333">
        <time>2025-09-21T03:20:48Z</time>
      </trkpt>
      <trkpt lat="68.444306667" lon="-27.598630000">
        <time>2025-09-21T03:41:41Z</time>
      </trkpt>
      <trkpt lat="68.444571667" lon="-27.639371667">
        <time>2025-09-21T03:46:23Z</time>
      </trkpt>
      <trkpt lat="68.444306667" lon="-27.640650000">
        <time>2025-09-21T03:46:39Z</time>
      </trkpt>
      <trkpt lat="68.443960000" lon="-27.641393333">
        <time>2025-09-21T03:46:55Z</time>
      </trkpt>
      <trkpt lat="68.443606667" lon="-27.641611667">
        <time>2025-09-21T03:47:11Z</time>
      </trkpt>
      <trkpt lat="68.433003333" lon="-27.615881667">
        <time>2025-09-21T03:53:15Z</time>
      </trkpt>
      <trkpt lat="68.424618333" lon="-27.596456667">
        <time>2025-09-21T03:57:09Z</time>
      </trkpt>
      <trkpt lat="68.414285000" lon="-27.574218333">
        <time>2025-09-21T04:01:51Z</time>
      </trkpt>
      <trkpt lat="68.377393333" lon="-27.491860000">
        <time>2025-09-21T04:18:56Z</time>
      </trkpt>
      <trkpt lat="68.295996667" lon="-27.308333333">
        <time>2025-09-21T04:58:04Z</time>
      </trkpt>
      <trkpt lat="68.274001667" lon="-27.259673333">
        <time>2025-09-21T05:08:41Z</time>
      </trkpt>
      <trkpt lat="68.267818333" lon="-27.244201667">
        <time>2025-09-21T05:11:47Z</time>
      </trkpt>
      <trkpt lat="68.258345000" lon="-27.218830000">
        <time>2025-09-21T05:16:45Z</time>
      </trkpt>
      <trkpt lat="68.229858333" lon="-27.138240000">
        <time>2025-09-21T05:32:19Z</time>
      </trkpt>
      <trkpt lat="68.223813333" lon="-27.120056667">
        <time>2025-09-21T05:35:41Z</time>
      </trkpt>
      <trkpt lat="68.217981667" lon="-27.100375000">
        <time>2025-09-21T05:39:02Z</time>
      </trkpt>
      <trkpt lat="68.215873333" lon="-27.094926667">
        <time>2025-09-21T05:40:07Z</time>
      </trkpt>
      <trkpt lat="68.210260000" lon="-27.077481667">
        <time>2025-09-21T05:43:20Z</time>
      </trkpt>
      <trkpt lat="68.208718333" lon="-27.073571667">
        <time>2025-09-21T05:44:08Z</time>
      </trkpt>
      <trkpt lat="68.207633333" lon="-27.071341667">
        <time>2025-09-21T05:44:41Z</time>
      </trkpt>
      <trkpt lat="68.205820000" lon="-27.068583333">
        <time>2025-09-21T05:45:29Z</time>
      </trkpt>
      <trkpt lat="68.189631667" lon="-27.048595000">
        <time>2025-09-21T05:52:22Z</time>
      </trkpt>
      <trkpt lat="68.163250000" lon="-27.013610000">
        <time>2025-09-21T06:03:47Z</time>
      </trkpt>
      <trkpt lat="68.160400000" lon="-27.006545000">
        <time>2025-09-21T06:05:15Z</time>
      </trkpt>
      <trkpt lat="68.147180000" lon="-26.977330000">
        <time>2025-09-21T06:11:42Z</time>
      </trkpt>
      <trkpt lat="68.146695000" lon="-26.976900000">
        <time>2025-09-21T06:11:59Z</time>
      </trkpt>
      <trkpt lat="68.146200000" lon="-26.977401667">
        <time>2025-09-21T06:12:23Z</time>
      </trkpt>
      <trkpt lat="68.139448333" lon="-27.011093333">
        <time>2025-09-21T06:25:41Z</time>
      </trkpt>
      <trkpt lat="68.138220000" lon="-27.019133333">
        <time>2025-09-21T06:30:07Z</time>
      </trkpt>
      <trkpt lat="68.138386667" lon="-27.020343333">
        <time>2025-09-21T06:30:48Z</time>
      </trkpt>
      <trkpt lat="68.139053333" lon="-27.021331667">
        <time>2025-09-21T06:31:20Z</time>
      </trkpt>
      <trkpt lat="68.139823333" lon="-27.021276667">
        <time>2025-09-21T06:31:44Z</time>
      </trkpt>
      <trkpt lat="68.142040000" lon="-27.019565000">
        <time>2025-09-21T06:32:40Z</time>
      </trkpt>
      <trkpt lat="68.156786667" lon="-27.003440000">
        <time>2025-09-21T06:43:10Z</time>
      </trkpt>
      <trkpt lat="68.163128333" lon="-26.994618333">
        <time>2025-09-21T06:49:13Z</time>
      </trkpt>
      <trkpt lat="68.170013333" lon="-26.984076667">
        <time>2025-09-21T06:55:40Z</time>
      </trkpt>
      <trkpt lat="68.176855000" lon="-26.972673333">
        <time>2025-09-21T07:02:39Z</time>
      </trkpt>
      <trkpt lat="68.184191667" lon="-26.959550000">
        <time>2025-09-21T07:10:10Z</time>
      </trkpt>
      <trkpt lat="68.189936667" lon="-26.946571667">
        <time>2025-09-21T07:15:40Z</time>
      </trkpt>
      <trkpt lat="68.194121667" lon="-26.938748333">
        <time>2025-09-21T07:18:53Z</time>
      </trkpt>
      <trkpt lat="68.197283333" lon="-26.934848333">
        <time>2025-09-21T07:21:02Z</time>
      </trkpt>
      <trkpt lat="68.199571667" lon="-26.933405000">
        <time>2025-09-21T07:22:39Z</time>
      </trkpt>
      <trkpt lat="68.200390000" lon="-26.933268333">
        <time>2025-09-21T07:23:11Z</time>
      </trkpt>
      <trkpt lat="68.201265000" lon="-26.933730000">
        <time>2025-09-21T07:23:52Z</time>
      </trkpt>
      <trkpt lat="68.201945000" lon="-26.934800000">
        <time>2025-09-21T07:24:48Z</time>
      </trkpt>
      <trkpt lat="68.202026667" lon="-26.935280000">
        <time>2025-09-21T07:25:28Z</time>
      </trkpt>
      <trkpt lat="68.201588333" lon="-26.934923333">
        <time>2025-09-21T07:26:25Z</time>
      </trkpt>
      <trkpt lat="68.199521667" lon="-26.936195000">
        <time>2025-09-21T07:28:26Z</time>
      </trkpt>
      <trkpt lat="68.171071667" lon="-26.963200000">
        <time>2025-09-21T07:41:27Z</time>
      </trkpt>
      <trkpt lat="68.153870000" lon="-26.980901667">
        <time>2025-09-21T07:49:23Z</time>
      </trkpt>
      <trkpt lat="68.152613333" lon="-26.981476667">
        <time>2025-09-21T07:49:56Z</time>
      </trkpt>
      <trkpt lat="68.151361667" lon="-26.981143333">
        <time>2025-09-21T07:50:28Z</time>
      </trkpt>
      <trkpt lat="68.147906667" lon="-26.978378333">
        <time>2025-09-21T07:51:56Z</time>
      </trkpt>
      <trkpt lat="68.147261667" lon="-26.977555000">
        <time>2025-09-21T07:52:12Z</time>
      </trkpt>
      <trkpt lat="68.143001667" lon="-26.967223333">
        <time>2025-09-21T07:54:22Z</time>
      </trkpt>
      <trkpt lat="68.001298333" lon="-26.655073333">
        <time>2025-09-21T08:57:38Z</time>
      </trkpt>
      <trkpt lat="67.901923333" lon="-26.436043333">
        <time>2025-09-21T09:41:09Z</time>
      </trkpt>
      <trkpt lat="67.868961667" lon="-26.364211667">
        <time>2025-09-21T09:55:10Z</time>
      </trkpt>
      <trkpt lat="67.851150000" lon="-26.324611667">
        <time>2025-09-21T10:02:40Z</time>
      </trkpt>
      <trkpt lat="67.772320000" lon="-26.153258333">
        <time>2025-09-21T10:38:03Z</time>
      </trkpt>
      <trkpt lat="67.655241667" lon="-25.898131667">
        <time>2025-09-21T11:30:28Z</time>
      </trkpt>
      <trkpt lat="67.621773333" lon="-25.823403333">
        <time>2025-09-21T11:44:35Z</time>
      </trkpt>
      <trkpt lat="67.567896667" lon="-25.706108333">
        <time>2025-09-21T12:07:26Z</time>
      </trkpt>
      <trkpt lat="67.505433333" lon="-25.572131667">
        <time>2025-09-21T12:34:50Z</time>
      </trkpt>
      <trkpt lat="67.471573333" lon="-25.498981667">
        <time>2025-09-21T12:49:53Z</time>
      </trkpt>
      <trkpt lat="67.468686667" lon="-25.496020000">
        <time>2025-09-21T12:51:22Z</time>
      </trkpt>
      <trkpt lat="67.465170000" lon="-25.493548333">
        <time>2025-09-21T12:52:42Z</time>
      </trkpt>
      <trkpt lat="67.445395000" lon="-25.485450000">
        <time>2025-09-21T12:59:34Z</time>
      </trkpt>
      <trkpt lat="67.333171667" lon="-25.435991667">
        <time>2025-09-21T13:37:49Z</time>
      </trkpt>
      <trkpt lat="67.325261667" lon="-25.431965000">
        <time>2025-09-21T13:45:54Z</time>
      </trkpt>
      <trkpt lat="67.323093333" lon="-25.430258333">
        <time>2025-09-21T13:49:15Z</time>
      </trkpt>
      <trkpt lat="67.322161667" lon="-25.430216667">
        <time>2025-09-21T13:50:28Z</time>
      </trkpt>
      <trkpt lat="67.320055000" lon="-25.432230000">
        <time>2025-09-21T13:53:25Z</time>
      </trkpt>
      <trkpt lat="67.318083333" lon="-25.432800000">
        <time>2025-09-21T13:55:26Z</time>
      </trkpt>
      <trkpt lat="67.296803333" lon="-25.428360000">
        <time>2025-09-21T14:03:53Z</time>
      </trkpt>
      <trkpt lat="67.259380000" lon="-25.417391667">
        <time>2025-09-21T14:18:14Z</time>
      </trkpt>
      <trkpt lat="67.253001667" lon="-25.416596667">
        <time>2025-09-21T14:22:34Z</time>
      </trkpt>
    </trkseg>
  </trk>
  <trk>
    <extensions>
      <opencpn:guid>069b0000-fd47-429a-9966-afed68b2ffff</opencpn:guid>
      <opencpn:viz>1</opencpn:viz>
    </extensions>
    <trkseg>
      <trkpt lat="67.252961667" lon="-25.416596667">
        <time>2025-09-21T14:22:36Z</time>
      </trkpt>
    </trkseg>
  </trk>
</gpx>
